,,,2020,,,,2021,,,,,,,,,,,,2022,,,,,,,,,,,,2023,,,,,,,,,,,,2024,,,,,,,,,,,2025,,,,,,,,,,,,2026,,,,,,,
,,Grupo,Subgrupo,Clase,Subclase,,,,,,,,,,,,,,,,,,,,,,,,,,,,,,,,,,,,,,,,,,,,,,,,,,,,,,,,,,,,,,,,,,,,
,Artículo,Ponderación,Octubre,Noviembre,Diciembre,Enero,Febrero,Marzo,Abril,Mayo,Junio,Julio,Agosto,Septiembre,Octubre,Noviembre,Diciembre,Enero,Febrero,Marzo,Abril,Mayo,Junio,Julio,Agosto,Septiembre,Octubre,Noviembre,Diciembre,Enero,Febrero,Marzo,Abril,Mayo,Junio,Julio,Agosto,Septiembre,Octubre,Noviembre,Diciembre,Enero,Febrero,Marzo,Abril,Mayo,Junio,Julio,Agosto,Septiembre,Octubre,Noviembre,Diciembre,Enero,Febrero,Marzo,Abril,Mayo,Junio,Julio,Agosto,Septiembre,Octubre,Noviembre ,Diciembre ,Enero,Febrero ,Marzo,Abril ,Mayo,Junio,Julio,Agosto
1,01 Alimentos y Bebidas No Alcohólicas,23.8351,105.51,107.04,106.77,107.91,108.04,107.97,108.57,109.39,110.59,111.6,113.24,113.88,114.52,115.68,116.61,117.98,119.12,120.52,122.3,123.47,124.92,125.37,125.03,125.48,125.84,127.01,129.67,131.38,130.8,131.14,131.74,130.91,131.82,133.24,134.93,136.37,136.52,136.34,137.58,138.69,138.13,138.25,137.25,136.34,137.36,139.31,139.88,140.33,139.86,139.7,141.84,143.01,143.38,143.5,143.26,143.04,143.01,143.68,145.45,146.5,148.16,151.06,153.46,154.5,153.64,153.41,153.31,152.42,153.04,153.38,154.03
11,011 Alimentos,21.0438,105.9,107.59,107.24,108.46,108.54,108.36,108.92,109.78,111.09,112.18,113.82,114.41,115.08,116.15,116.96,118.41,119.6,121.1,122.96,124.2,125.76,126.19,125.69,126.14,126.51,127.77,130.73,132.6,131.83,132.17,132.79,131.79,132.6,134.09,135.94,137.49,137.54,137.17,138.49,139.57,138.84,138.91,137.69,136.56,137.63,139.78,140.36,140.82,140.25,140.04,142.31,143.24,143.46,143.53,143.08,142.71,142.65,143.37,145.3,146.41,148.21,151.19,153.6,154.62,153.55,153.25,152.7,151.43,151.94,152.23,152.79
111,0111 Pan y cereales ,3.7579,102.61,103.05,103.5,104.18,105.06,105.67,106.27,107.76,110.49,113.38,113.3,114.29,115.41,116.21,116.47,117.11,117.74,118.24,119.31,120.14,120.98,121.6,122.2,122.61,122.88,123.33,124.29,125.23,125.78,126.31,127.01,128.05,128.56,129.09,129.28,129.74,130.89,131.69,132.68,133.69,135.35,137.73,139.5,140.44,141.63,143.01,143.65,144.28,144.54,144.83,145.33,145.6,146.1,146.66,147.07,147.49,147.75,148.44,148.77,149.13,149.53,149.72,150.23,150.66,150.92,151.39,152.08,152.73,152.98,153.68,154.63
1111,01111 Pan,0.9449,100.15,100.21,100.26,100.34,100.71,100.92,100.97,101.01,108.29,117.14,115.72,118.48,121.71,123.91,124.18,124.43,124.62,124.86,125.23,125.29,125.61,125.79,126.14,126.22,126.34,127.11,129.42,130.92,131.29,131.74,131.99,132.2,132.29,132.53,132.66,132.75,132.84,132.93,133,133.11,133.21,133.14,133.21,133.39,133.55,133.88,133.95,133.93,133.99,134.27,134.54,134.66,134.82,134.96,135.08,135.5,136.01,137.56,137.97,138.54,138.84,139.11,139.95,140.27,140.59,140.85,142.03,143.42,143.85,144.03,144.39
111101,0111101 Pan sobado,0.5054,100.13,100.22,100.29,100.39,101.03,101.29,101.33,101.33,108.79,118.68,117.08,118.98,120.53,122.56,122.83,123.09,123.29,123.36,123.57,123.62,123.8,123.91,124.37,124.42,124.59,125.35,127.56,129.05,129.34,129.81,130.09,130.25,130.22,130.39,130.6,130.65,130.67,130.76,130.84,130.95,130.95,131.06,131.18,131.26,131.48,131.6,131.7,131.68,131.75,131.96,132.23,132.4,132.55,132.7,133.01,133.41,134.15,136.65,137.19,137.89,138.27,138.54,139.44,139.63,139.81,140.07,141.29,142.98,143.41,143.54,143.77
111102,0111102 Pan de agua,0.399,100.18,100.21,100.23,100.27,100.31,100.42,100.42,100.51,108.14,116.3,114.93,118.97,124.62,127.15,127.41,127.66,127.79,128.25,128.75,128.81,129.3,129.56,129.78,129.9,129.91,130.73,133.17,134.72,135.19,135.63,135.79,136.03,136.29,136.62,136.67,136.77,136.92,136.98,137.04,137.14,137.37,137.06,137.01,137.34,137.41,138,138.02,137.98,138.03,138.43,138.71,138.78,138.96,139.08,138.98,139.39,139.58,140.07,140.3,140.76,140.99,141.27,142.11,142.62,143.12,143.42,144.64,145.74,146.19,146.43,146.95
111104,0111104 Pan Integral,0.0405,100,100.09,100.15,100.33,100.72,101.17,101.85,101.93,103.39,106.17,106.51,107.37,107.87,108.82,109.29,109.35,109.93,110.17,111.17,111.45,111.82,112.09,112.21,112.41,113,113.39,115.61,116.91,117.16,117.51,118.07,118.83,118.87,119,119,119.38,119.83,120.08,120.16,120.35,120.41,120.54,120.98,121.12,121.26,121.72,121.96,122.1,122.2,122.17,122.23,122.32,122.33,122.39,122.47,123.3,123.97,124.32,124.69,124.67,124.76,124.9,125.04,125.12,125.39,125.38,125.48,125.94,126.18,126.41,126.76
1112,01112 Galletas y productos de panadería,0.372,101.56,102.38,103.86,105.42,107.09,107.85,108.59,109.72,110.71,111.91,112.46,112.68,113.24,113.63,114.01,114.41,115.14,115.47,117.03,118.69,120.35,121.9,124.1,124.97,125.92,126.67,127.72,128.96,129.84,130.54,131.38,132.03,132.47,132.92,133.11,133.02,133.33,133.42,133.91,134.02,134.25,134.35,134.79,135.03,135.26,135.59,135.8,136.22,136.59,136.75,137.23,137.52,138.1,138.15,138.94,139.36,139.48,139.77,139.96,140.11,140.82,140.85,141.11,141.88,143,143.88,144.39,144.84,145.39,145.83,145.86
111201,0111201 Galletas saladas,0.1326,101.28,103.13,106.65,110.45,114.32,116.05,117.51,119.34,121.1,122.71,123.42,123.58,124.23,124.81,125.39,125.96,126.49,126.58,127.58,128.43,129.75,130.62,133.78,134.53,135.17,135.67,136.3,137.68,138.5,139.6,140.84,141.8,142.48,142.7,142.92,142.96,143.11,143.07,143.39,143.4,143.41,143.89,144.34,144.49,144.8,145.39,145.77,146.34,146.39,146.68,147.09,147.21,148.06,147.68,148.43,148.94,148.85,149.23,149.31,149.58,150.36,150.17,150.49,151.07,152.05,152.55,152.41,152.64,153.43,154.01,153.62
111202,0111202 Bizcochos,0.0779,101.04,101.08,101.22,101.25,101.35,101.37,101.36,101.46,101.62,101.83,101.89,101.93,102.03,102.13,102.2,102.32,102.55,102.78,104.08,106.77,107.9,108.66,109.1,109.25,109.59,109.84,110.03,110.25,110.38,110.68,110.86,111.12,111.36,111.58,111.9,111.97,112.11,112.17,112.32,112.26,112.47,112.55,112.85,113.22,113.91,114.04,114.19,114.45,114.78,114.93,115.08,115.15,115.54,116.01,116.64,117.15,117.28,117.35,117.54,117.65,118.01,118.22,118.5,120.71,123.79,125.47,126.83,128.11,128.79,129.34,129.78
111203,0111203 Galletas dulces,0.071,102.19,102.53,103.22,103.95,104.86,105.31,105.94,107.4,108.09,108.76,109.42,109.79,110.59,111.23,111.64,111.75,112.9,113.9,116.49,119.2,122.9,126.57,129.25,131.05,133.26,135.09,137.4,138.8,140.48,140.74,141.46,142.33,143.16,143.55,143.05,142.81,143.63,144.05,144.36,144.16,144.94,144.3,144.87,145.1,145.02,145.27,145.08,145.41,146.33,146.48,147,147.76,148.55,148.53,149.73,150.21,150.77,151.21,150.89,150.78,152.47,152.82,152.5,152.58,152.94,154.06,154.36,154.79,155.43,155.34,155.18
111204,0111204 Galletas de harina,0.0206,100.36,100.39,100.57,100.59,101.03,101.5,101.73,101.84,103.1,109.59,109.74,109.88,110.6,110.8,111.36,112.58,114.34,114.35,114.99,115.59,116.54,117.28,117.78,118.76,121.21,122.74,126.12,128.12,128.63,128.9,129.48,129.96,130.28,130.64,131,131.14,131.3,131.35,131.43,131.47,132.04,132.33,132.53,132.94,133.38,133.72,134.1,134.66,135.17,135.67,135.69,135.9,136.17,136.76,136.88,137.33,137.92,138.27,138.63,138.78,138.96,139.05,139.12,139.57,140.05,140.66,141.43,141.67,141.78,143.44,144.67
111205,0111205 Galletas de soda,0.0505,103.17,103.64,104.01,104.45,104.96,105.11,105.66,106.85,107.3,107.57,107.7,107.96,108.38,108.61,108.85,109.42,110.45,110.72,111.37,112.21,113.32,114.81,117.99,118.86,119.49,120.07,121.12,122.09,122.01,122.89,124.1,124.51,124.07,124.91,125.62,124.99,125.23,125.24,126.05,126.12,126.11,125.93,126.42,126.56,126.54,126.82,127.28,127.8,128.31,127.71,128.82,128.87,129.33,129.2,129.71,129.51,129.74,129.87,130.73,130.96,130.93,130.63,131.4,131.79,132.08,132.16,133.14,133.12,133.32,133.63,134.71
111206,0111206 Galletas integrales,0.0194,100.33,100.81,100.93,100.95,100.85,100.96,101.24,101.46,102.72,103.88,106.37,107.27,108.19,108.32,108.55,108.73,109.35,109.88,115.76,118.18,119.18,121.8,121.97,122.96,123.16,123.33,123.56,127.16,131.49,132.73,133.14,133.31,133.8,136,136.47,136.65,137.28,137.25,140.6,143.4,143.42,144.37,144.9,145.25,144.6,144.41,144.36,144.43,144.61,145.52,146.58,147.87,147.32,148.61,150.41,151.14,150.2,150.61,151.45,151.78,152.14,152.73,153.53,153.68,153.4,155.12,155.88,156.13,155.64,155.58,153.54
1113,01113 Cereales y harinas,0.297,103.77,104.29,104.91,105.77,107.3,108.44,109.13,110.36,111.74,112.62,113.15,113.55,113.89,114.7,115.16,116.12,117.48,118.84,121.93,124.71,127.3,129.4,130.76,132.11,132.75,133.87,134.98,136.64,138.13,139.33,140.14,140.98,141.34,141.87,141.88,142.2,142.23,142.35,142.93,143.33,143.8,143.71,144.32,144.62,144.4,144.88,144.92,145.39,145.63,146.38,146.79,147.06,146.98,147.28,147.31,147.54,147.28,147.89,148.53,149.03,149.38,149.45,150.2,150.89,151.38,152.65,154.01,154.82,154.61,155.47,155.29
111301,0111301 Corn Flakes,0.1069,104.03,104.26,104.68,105.35,107.58,109.19,109.8,110.6,110.38,109.93,109.58,108.96,109.19,109.98,109.97,111.33,113.09,113.82,115.53,116.76,119.19,121.32,122.77,124.37,124.69,125.91,126.88,129.38,132.46,133.98,134.96,136.56,135.73,136.13,135.79,136.29,136.3,136.64,137.72,138.31,138.96,138.44,139.1,139.48,139.21,139.32,139.19,140.37,140.62,141.53,141.8,142.34,141.97,142.58,142.31,143.07,142.13,142.8,143.41,143.99,144.53,144.18,145.42,145.77,146.94,149.46,151.37,152.38,151.6,152.84,152.02
111302,0111302 Avena,0.072,103.46,104.14,104.3,104.59,104.73,104.66,104.59,104.89,104.94,105.49,106.24,106.92,106.96,107.3,107.3,107.65,108.39,108.52,111.06,116.69,119.95,123.04,124.55,126.09,127.1,128.73,129.77,130.71,130.93,131.59,132.01,132.7,134.28,135.32,135.51,135.56,135.35,135.29,135.62,135.98,136.31,136.07,136.95,137.18,136.75,137.82,138.04,137.84,137.64,138.04,138.78,138.91,138.95,138.06,138.76,138.78,138.51,138.78,139.57,139.29,139.31,139.5,139.39,140.2,140.03,139.68,140.6,141,141.15,141.95,142.31
111303,0111303 Harina de maíz,0.0435,105.87,106.21,107.63,110.02,112.39,113.63,114.93,118.54,126.14,129.52,131.7,132.77,133.3,134.64,135.08,135.76,136.88,140.11,146.08,149.2,151.51,152.96,153.9,154.8,155.45,155.93,156.8,157.48,158.34,158.83,159.06,159.17,159.87,160.12,160.45,160.69,160.88,160.95,161.21,161.63,161.93,161.96,162.34,162.69,163,163.63,163.48,163.75,164.8,166.63,167.13,166.84,167.07,168.3,167.57,166.99,168.2,169.47,171.32,172.73,173.92,174.41,175.66,177.66,177.63,178.61,179.57,180.78,179.46,180.4,180.25
111304,0111304 Harina de trigo,0.0538,101.91,102.88,103.97,104.88,106.02,107.04,107.62,108.6,109.54,110.89,111.41,112.65,113.24,114.12,116.04,117.03,118.23,120.29,123.87,125.75,127.84,129.29,130.59,132.01,132.76,133.94,135.95,138.16,139.31,141.48,143.15,143.44,144.17,144.56,144.79,144.95,145.15,145.16,145.4,145.71,146.28,147.01,147.58,147.84,147.57,148.22,148.52,148.84,149.13,149.48,149.92,150.32,150.31,150.77,150.96,151.2,150.92,151.54,151.39,152.09,152.02,152.51,153.16,153.32,153.96,155.48,156.99,157.91,159.11,159.59,159.98
111305,0111305 Cereales envasados,0.0208,104.01,104.53,104.95,105.4,107.43,110.51,113.1,115.55,117.88,120.26,121.1,122.21,123.24,124.42,125.16,126.64,129.01,132.25,137,139.52,142.45,144.04,145.42,145.61,146.22,146.29,146.56,146.97,146.92,147.35,147.56,148.04,148.5,149,148.95,149.78,150.02,149.95,150.41,150.12,150.27,150.59,150.61,150.65,150.56,150.07,150.11,150.05,149.98,149.91,149.57,149.75,149.92,150.36,150.82,150.77,150.99,151.06,150.82,151.22,151.07,150.94,151.38,151.94,151.96,152.36,152.89,153,153.08,153.06,152.79
1114,01114 Arroz,1.9448,103.86,104.39,104.79,105.58,106.46,107.14,107.93,110.19,111.41,112.26,112.54,112.93,113.26,113.46,113.57,114.34,114.84,115.2,115.98,116.63,117.22,117.52,117.79,118.11,118.28,118.38,118.55,118.95,119.34,119.75,120.64,122.19,122.96,123.65,123.91,124.68,126.8,128.28,129.93,131.7,134.73,139.35,142.5,144.11,146.29,148.64,149.74,150.81,151.16,151.45,152.06,152.36,153.1,154.02,154.59,155.06,155.36,155.74,156.08,156.37,156.81,157.01,157.39,157.77,157.83,158.24,158.6,158.96,159.12,160.2,161.75
111401,0111401 Arroz,1.9448,103.86,104.39,104.79,105.58,106.46,107.14,107.93,110.19,111.41,112.26,112.54,112.93,113.26,113.46,113.57,114.34,114.84,115.2,115.98,116.63,117.22,117.52,117.79,118.11,118.28,118.38,118.55,118.95,119.34,119.75,120.64,122.19,122.96,123.65,123.91,124.68,126.8,128.28,129.93,131.7,134.73,139.35,142.5,144.11,146.29,148.64,149.74,150.81,151.16,151.45,152.06,152.36,153.1,154.02,154.59,155.06,155.36,155.74,156.08,156.37,156.81,157.01,157.39,157.77,157.83,158.24,158.6,158.96,159.12,160.2,161.75
1115,01115 Pastas alimenticias,0.1992,102.31,102.84,103.46,104.02,104.92,105.62,106.63,108.45,109.74,110.32,110.99,111.8,112.76,113.66,114.65,115.9,118.57,120.82,123.97,125.95,127.54,129.36,130.29,130.91,131.06,131.78,133.73,135.59,136.57,137.27,137.91,138.79,139.19,139.66,139.61,140.1,140.01,140.04,140.49,140.96,141.02,141.12,141.7,141.93,142.21,142.46,142.92,143.1,143.12,142.96,143.83,144.47,144.88,145.3,145.41,145.46,145.26,145.68,145.43,145.71,145.75,145.81,146.11,146.68,146.64,146.68,147.66,147.7,148.2,147.82,149.08
111501,0111501 Spaghetti,0.1165,102.31,102.86,103.54,104.02,104.95,105.69,106.72,108.55,109.86,110.51,111.19,112.05,113.07,113.92,114.89,116.14,118.9,121.2,124.26,126.24,127.81,129.5,130.55,131.12,131.26,131.94,133.91,135.82,136.78,137.48,138.16,139.04,139.46,139.93,139.91,140.3,140.18,140.23,140.69,141.25,141.39,141.54,142.1,142.36,142.63,142.86,143.26,143.48,143.59,143.39,144.27,144.87,145.22,145.67,145.93,145.95,145.7,146.17,145.84,146.04,146.06,146.09,146.41,146.98,146.9,146.84,147.83,147.83,148.35,147.94,149.04
111502,0111502 Fideos,0.052,102.34,102.85,103.39,104.11,105.1,105.77,106.8,108.61,109.94,110.33,110.98,111.8,112.69,113.75,114.68,115.89,118.47,120.65,123.68,125.72,127.48,129.41,130.25,131.05,131.32,132.09,133.82,135.77,136.75,137.59,138.24,139.07,139.49,139.91,140.11,140.72,140.77,140.89,141.34,141.73,141.78,141.79,142.32,142.51,142.91,143.2,143.72,143.93,143.94,143.8,144.5,145.24,145.74,146.13,146.12,146.21,146.18,146.6,146.46,146.74,146.89,147.02,147.34,147.81,147.9,148.19,149.11,149.34,149.54,149.37,150.61
111503,0111503 Pastas cortas,0.0307,102.22,102.75,103.27,103.87,104.5,105.08,106,107.83,108.97,109.6,110.21,110.85,111.71,112.52,113.69,114.99,117.49,119.68,123.34,125.25,126.62,128.75,129.37,129.85,129.88,130.67,132.85,134.43,135.45,135.9,136.42,137.37,137.68,138.17,137.68,138.33,138.05,137.9,138.32,138.51,138.37,138.42,139.13,139.31,139.46,139.64,140.28,140.28,139.94,139.92,141,141.66,142.16,142.51,142.22,142.32,142.02,142.3,142.13,142.71,142.66,142.69,142.87,143.67,143.53,143.54,144.58,144.46,145.41,144.72,146.64
112,0112 Carnes ,5.2991,106.15,110.69,112.06,117.42,119.1,119.78,120.06,121.07,124.01,126.1,131.28,132.06,132.26,131.99,132.58,133.69,134.45,137.26,140.28,141.72,144.78,144.28,140.96,140.69,139.24,139.69,142.58,146.17,146.49,146.21,145.83,143.35,143.53,144.79,147.19,147.39,145.72,144.2,144.95,146.61,146.53,146.37,145.2,142.44,144.64,148.56,149.97,150.43,147.61,143.87,146.17,148.22,148.63,147.38,146.1,145.86,147.92,150.24,153.93,153.69,153.86,154.58,158.39,164.53,163.59,162.68,160.25,155.8,158.08,160.13,160.96
1121,01121 Carne de res,0.5766,106.01,108.73,112.35,118.27,124.39,125.83,126.84,129.06,130.26,131.13,136.16,140.72,145.24,147.71,149.58,151.56,152.64,154.23,158.85,160.51,161.55,161.71,161.86,161.81,162.17,162.47,163.12,164.04,164.95,164.96,165.02,164.73,164.19,164.06,164.25,164.18,164.44,164.36,164.28,164.65,164.82,164.59,164.62,164.93,164.83,165.02,165.41,165.3,165.15,164.7,164.65,165.35,166.48,166.83,166.27,166.65,167.59,169.21,169.39,169.49,170.59,175.56,178.43,179.88,182.04,187.29,188.12,190.07,191.97,192.58,193.37
112101,0112101 Carne corriente de res,0.4533,105.98,108.76,112.36,118.03,124.36,125.87,126.8,129.3,130.59,131.5,136.94,141.6,146.21,148.66,150.49,152.46,153.6,155.21,160.37,162.27,163.49,163.55,163.63,163.44,163.83,164.07,164.78,165.8,166.82,166.85,166.93,166.51,165.93,165.85,166.33,166.29,166.65,166.78,166.63,166.99,167.2,166.83,166.9,167.32,167.19,167.28,167.88,167.73,167.64,167.1,166.98,167.68,168.72,169.09,168.33,168.73,169.68,171.49,171.66,171.63,172.91,177.95,180.5,181.85,183.89,189.44,189.97,191.95,193.42,193.85,194.85
112102,0112102 Carne de bola,0.028,105.4,107.58,110.04,115.24,119.85,121.12,121.95,123.27,124.1,124.39,129.27,133.08,137.67,139.87,141.55,143.92,145.06,146.48,150.21,151.99,153.04,153.54,153.98,154.3,154.51,154.74,155.6,155.52,156.05,156.38,156.23,156.5,156.59,156.36,156.39,156.59,156.36,156.82,157.19,156.95,157.12,157.67,157.49,157.31,156.94,157.66,157.94,158.12,158.59,158.34,158.51,158.71,158.99,159.25,158.92,159.53,160.52,161.87,162.04,162.93,163.72,168.33,171.73,173.06,174.92,179.47,182.5,184.4,188.09,189.2,189.94
112103,0112103 Carne molida de res,0.0953,106.36,108.94,112.99,120.33,125.86,127.02,128.46,129.59,130.49,131.38,134.47,138.76,142.84,145.54,147.61,149.51,150.28,151.85,154.18,154.67,154.82,155.35,155.79,156.28,156.5,157.11,157.43,158.18,158.68,158.44,158.56,158.69,158.15,157.79,156.61,156.39,156.32,155.09,155.23,155.82,155.75,155.98,155.85,155.83,155.94,156.4,155.86,155.88,155.25,155.18,155.4,156.23,158.07,158.3,158.64,158.84,159.7,160.5,160.78,161.24,161.58,166.31,170.54,172.5,175.31,179.35,180.93,182.78,186.21,187.54,187.35
1122,01122 Carne de aves,2.4568,109.66,117.94,118.55,126.37,125.63,125.33,124.96,126.11,128.68,131.11,140.93,140.98,139.66,137.82,137.81,138.71,139.19,143.48,146.84,148.58,154.35,152.61,144.94,143.79,139.91,140.4,145.9,152.47,152.25,150.99,149.81,144.38,145.48,148.3,153.46,153.55,149.79,146.36,147.4,150.32,149.66,149.07,146.3,140.18,144.81,152.99,155.92,156.79,150.34,142.08,146.57,150.38,150.51,147.57,144.55,143.72,147.63,151.5,158.58,157.33,156.07,155.2,161.99,174.24,171.14,167.62,161.84,151.49,156.02,160.17,161.84
112201,0112201 Pollo fresco,2.3299,109.89,118.35,118.95,126.97,126.16,125.81,125.41,126.57,129.16,131.62,141.75,141.75,140.3,138.34,138.31,139.23,139.71,144.08,147.42,149.22,155.17,153.31,145.26,144.05,139.98,140.51,146.2,152.99,152.7,151.32,150.08,144.5,145.67,148.61,153.91,154.03,150.13,146.62,147.64,150.6,149.87,149.25,146.35,140.04,144.78,153.25,156.24,157.14,150.41,141.79,146.51,150.45,150.6,147.5,144.4,143.54,147.55,151.53,158.85,157.56,156.24,155.35,162.39,174.91,171.68,168.03,162.07,151.37,155.98,160.25,161.99
112202,0112202 Carne de gallina,0.0599,107.44,113.63,115.15,121.21,121.25,121.26,121.41,122.47,123.99,125.43,129.97,131.81,133.72,135.02,135.1,136.39,136.62,138.36,141.8,142.33,144.58,143.59,142.43,142.92,142.32,141.74,144.34,147.4,149.02,150.78,150.99,147.57,146.47,147.2,151.43,150.98,149.62,146.64,148.8,152.29,154.07,154.38,154.09,149.71,153.05,156.57,158.62,159,157.72,155.61,154.56,157.03,156.95,157.05,155.05,155,157.85,160.41,164.01,162.15,162.59,161.37,162.96,170.77,169.37,168.12,165.71,161.22,165.4,167.79,167.9
112203,0112203 Pechuga de pollo,0.067,103.83,107.29,107.53,109.95,111.14,112.4,112.5,113.53,115.92,118.69,121.96,122.15,122.53,122.35,122.83,122.84,123.51,127.28,131.02,132.06,134.42,136.24,136.26,135.68,135.1,135.16,136.51,138.79,139.48,139.89,139.23,137.62,137.88,138.33,139.81,139.39,138.02,137.17,137.93,138.73,138.52,138.08,137.35,136.55,138.31,140.77,142.31,142.73,141.23,140.16,141.42,142.05,141.67,141.48,140.39,139.99,141.33,142.37,144.5,144.97,144.56,144.48,147.09,154.21,153.86,152.94,150.46,147.05,148.92,150.66,151.22
1123,01123 Carne de cerdo,0.5812,100.75,102.14,105.48,112.54,119.29,121.84,123.07,123.78,125.86,126.17,123.77,124,125.12,126.08,128.39,130.49,132.4,136.06,139.29,141.12,141.86,142.91,143.56,144.98,146.36,146.92,148.16,151.03,153.13,154.86,154.91,153.97,151.42,150.1,149.96,150.27,150.55,150.52,152.26,153.86,154.71,155.61,155.78,155.33,155.1,155.33,154.96,154.93,155.99,156.11,156.93,157.65,157.7,157.47,157.55,157.66,157.41,157.93,158.86,160.36,162.2,164.01,165.25,166.76,167.7,168.31,168.38,168.54,167.45,166.78,166.2
112301,0112301 Carne corriente de cerdo,0.4712,100.6,101.94,105.26,112.55,119.39,121.89,123.1,123.72,125.76,125.9,123.33,123.64,124.98,125.91,128.43,130.68,132.63,136.4,139.57,141.35,142.02,143.04,143.52,145.02,146.33,146.89,148.29,151.21,153.32,155.25,155.29,154.29,151.58,150.14,149.97,150.34,150.66,150.64,152.73,154.46,155.29,156.22,156.27,155.69,155.42,155.7,155.29,155.15,156.33,156.55,157.42,158.23,158.25,157.96,158.16,158.29,157.91,158.5,159.5,160.97,162.97,164.92,166.34,167.87,168.96,169.56,169.58,169.79,168.54,167.71,167.15
112302,0112302 Chuleta de cerdo,0.033,100.77,102.35,105.24,110.58,116.87,118.25,118.6,119.92,122.28,124.16,123.04,123.85,124.06,124.64,125.83,126.94,127.96,130.18,134.63,136.73,138.07,138.82,140.76,141.73,142.26,142.67,142.79,144.65,146.04,145.83,146.23,145.59,144.57,144.06,144.14,144.21,144.11,144.29,145.62,145.36,145.34,145.47,146.22,146.04,147.04,147.28,146.75,146.63,147.32,148.06,148.53,148.89,149,148.8,148.18,147.8,148.09,148.16,148.15,149.1,149.48,150.84,151.62,151.97,151.75,152.68,153.04,152.79,151.8,151.86,151.49
112304,0112304 Pierna de cerdo,0.0442,101.59,102.95,106.88,113.75,119.59,122.52,124.01,124.67,126.6,126.96,124.27,123.42,123.53,124.84,126.68,128.62,130.83,134.14,136.89,139.17,140.14,141.53,142.64,144.11,147.09,147.79,148.75,152.19,155.39,157.71,157.22,155.69,152.96,151.85,151.88,152.16,152.52,152.39,152.42,154.15,155.78,157.18,158,158.13,157.01,156.77,156.64,157.59,158.42,157.25,157.93,157.84,157.72,157.69,157.76,157.51,158.07,158.31,159.46,161.69,163.64,165,165.3,167.53,167.41,168,168.39,168.41,167.57,167.07,166.34
112305,0112305 Costillas de cerdo,0.0328,101.73,103.72,107.02,112.7,119.79,123.9,125.9,127.33,129.94,131,130.15,130.07,130.36,131.61,132.63,133.86,135.62,139.71,143.17,144.85,145.66,147.09,148.17,148.85,149.99,150.45,150.88,153.41,154.56,154.6,155.05,155.44,154.03,153.38,153.03,152.82,152.87,152.44,152.04,153.5,154.43,154.91,155.39,155.78,156.1,156.18,156.33,156.62,156.66,156.26,157.03,157.75,158.52,158.89,157.89,158.61,158.58,159.03,159.6,161.2,162.01,162.87,163.25,164.58,166.01,166.51,166.53,166.7,167.48,168.04,167.22
1124,01124 Otras carnes,0.0926,101.43,102.81,105.11,106.71,108.77,109.67,110.09,110.93,112.15,113.96,116.06,118.71,121.95,124.15,124.94,126.2,127.27,128.02,129.78,130.23,131.28,133.49,133.73,134.02,134.56,134.88,135.2,135.45,135.53,135.96,135.55,134.92,134.87,135.21,135.55,136.05,135.64,135.85,136.75,136.94,137.36,137.59,137.42,137.64,137.41,137.75,137.45,137.62,137.72,137.78,137.85,137.64,138.65,139.25,139.58,140.24,141.14,141.54,141.7,142.01,142.27,143.26,144.84,145.32,146.49,147.93,149.31,151.25,152.08,152.95,152.51
112402,0112402 Hígado de res,0.0926,101.43,102.81,105.11,106.71,108.77,109.67,110.09,110.93,112.15,113.96,116.06,118.71,121.95,124.15,124.94,126.2,127.27,128.02,129.78,130.23,131.28,133.49,133.73,134.02,134.56,134.88,135.2,135.45,135.53,135.96,135.55,134.92,134.87,135.21,135.55,136.05,135.64,135.85,136.75,136.94,137.36,137.59,137.42,137.64,137.41,137.75,137.45,137.62,137.72,137.78,137.85,137.64,138.65,139.25,139.58,140.24,141.14,141.54,141.7,142.01,142.27,143.26,144.84,145.32,146.49,147.93,149.31,151.25,152.08,152.95,152.51
1125,01125 Embutidos y carnes preparadas,1.5918,103.03,103.81,104.76,105.69,107.63,108.84,109.52,110.01,114.56,117.24,118.25,118.89,119.34,119.91,120.32,121.07,121.72,122.5,124.39,125.22,125.78,126.26,126.7,127.08,127.57,127.98,128.41,128.82,129.13,129.46,130.03,130.61,130.65,131,131.01,131.41,131.49,131.74,131.95,132.27,132.63,132.73,133.06,133.34,133.67,133.92,134.09,134.32,134.56,134.99,135.42,135.86,136.53,136.82,137.37,137.63,138.17,139.12,140.07,140.61,142.02,143.23,143.87,144.28,144.74,144.93,145.36,145.66,145.89,146.32,146.43
112501,0112501 Salami,0.756,103.25,104.25,104.98,105.57,107.46,108.62,109.38,109.76,116.93,120.66,121.75,122.36,122.73,123.33,123.83,124.59,125.17,126.06,128.52,129.45,130.05,130.47,130.73,131.02,131.38,131.67,131.95,132.24,132.33,132.61,133.35,133.79,134.03,134.54,134.55,135.01,135.04,135.28,135.46,135.76,136.08,136.06,136.48,136.72,136.88,136.96,136.94,137.04,137.18,137.47,137.75,138.18,139.29,139.53,140.41,140.61,141.64,143.16,144.7,145.26,146.9,148.54,149.25,149.73,150.25,150.53,150.98,151.17,151.48,152.27,152.35
112502,0112502 Chuleta ahumada,0.4393,102.68,103.3,104.73,106.14,108.31,109.83,110.36,110.88,112.94,114.62,115.37,115.89,116.24,116.73,116.94,117.68,118.37,118.92,119.94,120.64,121.08,121.48,122.06,122.61,123.22,123.78,124.16,124.64,125.05,125.26,125.55,125.71,125.19,125.41,125.29,125.67,125.94,126.24,126.45,126.81,127.24,127.38,127.5,127.84,128.47,128.99,129.36,129.81,130.26,130.7,130.89,131.11,131.13,131.32,131.33,131.49,131.68,132.06,132.48,133.09,134.78,135.88,136.59,136.99,137.33,137.45,137.66,137.95,137.99,138.08,138.17
112503,0112503 Jamones,0.1408,102.97,103.37,103.76,104.72,106.05,107.21,108.14,108.75,111.71,113.75,114.76,115.43,115.96,116.41,116.96,117.44,118.28,119.24,120.7,121.61,122.27,123.03,123.75,124.03,124.83,125.45,126.48,127.14,127.7,128.05,128.32,131.36,131.53,131.48,131.64,131.88,131.8,131.79,132.23,132.33,132.63,132.89,133.06,133.05,133.42,133.74,133.93,134.14,134.5,135.78,138.09,139.36,140.67,141.5,142.37,142.91,142.79,143.7,144.49,144.84,145.56,146.1,146.43,146.55,146.89,147.12,147.84,148.41,148.52,148.92,149.14
112504,0112504 Longaniza,0.1554,102.91,103.37,104.65,105.84,108.01,108.49,108.87,109.55,111.61,112.6,113.49,113.95,114.65,115.33,115.72,116.71,117.39,118.24,120.42,120.98,121.63,122.2,123.01,123.47,124,124.27,124.82,125.4,126.22,126.9,127.63,127.88,128.22,128.57,128.81,129.2,129.12,129.36,129.53,129.95,130.31,130.6,131.15,131.73,131.91,132.07,132.51,132.75,132.89,133.21,133.42,133.87,133.81,134.22,134.67,135.15,135.05,135.27,135.28,135.82,136.38,136.81,137.27,137.76,138.29,138.37,138.98,139.43,139.93,139.78,139.9
112506,0112506 Salchichas,0.0395,104.02,104.89,105.19,105.6,106.57,108,108.83,109.53,111.29,113.58,116.11,118.58,119.89,120.69,121.68,122.74,123.59,124,124.78,125.6,125.87,126.62,126.99,127.09,127.49,128.1,128.52,128.87,129.29,130.33,131.15,132.06,132.55,132.98,133.05,133.26,133.47,134.26,134.59,134.96,135.45,136.05,136.62,137.07,137.64,137.87,138.12,138.22,138.21,138.52,139.15,139.37,139.81,139.56,139.96,140.1,140.33,140.74,141.12,141.42,142.18,142.39,142.47,142.61,143.3,143.28,143.6,144.02,144.09,143.98,144.68
112507,0112507 Costillita ahumada de cerdo,0.0337,102.4,103.58,105.14,107.08,110.02,111.72,112.59,113.47,115.35,117.13,118.12,119.12,119.9,120.31,120.69,121.24,121.78,122.38,124.42,125.31,125.71,126.24,126.57,127.13,127.47,127.87,128.88,129.46,129.87,130.09,130.5,130.7,130.77,130.66,130.82,131.35,131.45,131.68,132.04,132.47,133.25,133.41,133.68,133.76,134.39,134.84,135.24,135.51,135.89,136.47,136.67,137.01,137.44,137.66,137.86,138.33,138.53,138.94,139.2,139.93,141.08,142.06,143.12,143.53,143.99,144.17,144.39,144.5,144.66,145.03,145.09
112508,0112508 Jamoneta,0.0271,102.79,103.15,103.71,104.56,105.72,107.37,107.9,108.3,110.28,114.26,116.07,116.89,117.97,118.92,118.66,119.09,119.58,120.47,122.63,124.09,124.73,125.55,125.81,125.84,126.92,127.64,128.55,128.79,129.14,129.83,130.63,130.91,131.26,131.43,131.62,131.83,131.54,131.81,131.84,132.22,132.31,132.44,132.56,132.99,132.97,133.44,133.91,134.38,133.92,134.28,134.47,135.16,135.48,135.92,135.82,136.32,136.81,136.98,137.85,138.08,138.12,139.11,139.43,139.62,139.87,139.67,141.18,142.26,142.88,142.87,142.87
113,0113 Pescado ,0.8793,105.44,106.05,106.54,107.26,108.8,110.25,111.3,111.91,112.52,112.91,113.36,113.92,116.29,119.55,121.56,123.21,125.49,127.54,129.22,129.72,129.92,130.28,130.6,131.44,131.83,132.45,133.07,133.12,133.15,133.01,132.96,132.52,131.83,130.91,130.07,130.16,129.9,129.44,129.14,129.22,129.22,129.62,129.45,129.5,129.66,130.03,130.34,131.14,132.6,134.05,136.12,138,139.63,141.13,142.65,143.42,144.59,146.11,148.32,151.47,156.35,158.5,159.72,160.87,162.34,164.15,166.01,166.61,166.89,167.12,167.36
1131,"01131 Pescados y mariscos frescos, refrigerados y congelados",0.3135,102.87,103.76,104.2,105.06,106.73,108.72,110.06,111.54,112.27,113.36,114.3,114.87,116.81,118.19,119.83,121.9,125.41,128.37,131.25,131.92,132.33,132.84,132.92,133.37,132.94,132.96,133.23,133.11,133.22,133.35,133.14,132.52,132.25,131.93,131.87,131.99,131.74,131.21,130.71,130.5,130.47,131.26,130.75,131.34,131.71,132.69,133.73,134.46,134.9,134.38,135.24,135.76,136.74,136.61,138.42,139.08,139.87,140.6,140.96,141.04,141.01,141.38,142.24,142.68,143.09,143.48,143.15,143.52,143.5,143.83,143.52
113101,0113101 Pescado fresco y refrigerado,0.1797,102.74,103.72,104.09,104.79,105.93,108.08,109.51,111.07,111.92,113.45,114.58,115.25,116.4,118.09,119.33,122.22,126.86,129.59,133.09,133.58,134.48,135.7,135.96,135.9,135.56,135.59,136.31,136.2,136.69,137.02,137.06,136.49,136.15,135.86,135.88,136.06,136.22,135.46,135.11,135.13,135.17,135.76,134.9,134.41,134.64,135.09,135.4,136.12,136.42,135.2,135.1,135.51,136.4,136.79,138.55,139.26,139.78,140.85,140.99,141.14,141.12,141.68,142.37,143.14,143.87,144.19,143.49,144.15,144.29,144.38,144.4
113102,0113102 Camarones,0.035,104.73,105.75,107.43,107.71,110.42,111.31,112.97,114.11,114.12,115.72,115.24,115.38,115.62,115.58,115.38,116.13,116.01,115.93,116.93,117.49,117.63,118.02,118.37,117.65,118.4,117.94,117.24,118.24,118.01,117.76,117.95,116.89,115.52,115.62,115.97,115.38,114.75,113.14,111.66,111.49,109.96,110.65,109.33,109.44,109.53,109.71,110.17,110.18,110.79,109.84,110.86,111.04,113.08,112.13,114.07,113.11,113.38,113.31,113.65,113.04,113.13,112.63,112.83,113.71,113.59,113.59,113.4,113.11,113.55,114.18,113.2
113103,0113103 Tilapia,0.0989,102.43,103.13,103.27,104.61,106.89,108.95,110.03,111.48,112.27,112.37,113.46,114.01,117.97,119.29,122.29,123.36,126.09,130.56,132.97,134.02,133.63,132.88,132.56,134.34,133.32,133.51,133.3,132.77,132.31,132.18,131.38,130.85,131.1,130.56,130.22,130.48,129.63,129.88,129.45,128.83,129.17,130.35,130.79,133.49,134.25,136.46,139.05,140.02,140.67,141.57,144.11,144.96,145.72,144.94,146.79,147.94,149.41,149.81,150.57,150.77,150.67,151,152.39,152.1,152.11,152.77,153.07,153.14,152.68,153.34,152.64
1132,01132 Pescados procesados y en conserva,0.5657,106.87,107.31,107.84,108.48,109.95,111.1,111.98,112.12,112.66,112.66,112.84,113.39,116,120.3,122.52,123.93,125.53,127.08,128.09,128.5,128.59,128.86,129.31,130.38,131.21,132.16,132.97,133.12,133.11,132.82,132.86,132.51,131.6,130.34,129.08,129.15,128.88,128.46,128.27,128.52,128.53,128.72,128.73,128.48,128.52,128.55,128.46,129.31,131.33,133.86,136.6,139.25,141.23,143.64,145,145.83,147.21,149.16,152.4,157.25,164.86,167.99,169.42,170.95,173,175.61,178.67,179.4,179.85,180.02,180.58
113201,0113201 Bacalao,0.2769,104.82,104.73,105.04,105.78,108.1,109.88,110.92,110.67,111.22,110.98,110.92,111.58,116.19,121.67,123.76,125.07,126.59,128.44,129.11,129.09,128.28,128.17,128.12,128.6,128.95,129.1,129.45,129.48,129.73,129.68,129.88,129.55,128.83,127.71,126.44,127.25,127.12,126.62,126.24,126.11,125.38,125.2,124.81,124.21,124.13,124.09,123.76,125.03,127.58,130.88,133.88,136.73,139.85,143.76,146.21,147.61,150.53,154.06,160.15,169.5,184.55,190.1,192.36,194.71,198.46,203.84,209.16,210.61,211.48,211.96,213.1
113202,0113202 Sardinas,0.1609,111.28,112.5,113.55,114.27,114.95,115.5,116.11,116.64,117.08,117.08,117.55,117.93,118.15,119.16,120.63,121.77,122.99,123.58,124.47,125.05,125.67,125.91,126.16,126.41,126.72,126.87,127.11,127.32,127.54,127.76,128.47,128.89,129.02,129.25,129.51,129.69,129.73,129.84,129.95,130.49,130.78,131.07,131.36,131.4,131.41,131.48,131.54,132.02,133.97,135.84,137.24,138.4,138.67,139.57,139.78,140.22,140.32,140.64,141.01,141.36,141.58,142.22,142.64,142.87,143.06,142.86,143.8,144.14,144.27,144.42,144.34
113203,0113203 Arenque,0.0644,103.19,103.31,103.44,103.51,104.09,104.98,105.94,106.45,106.97,107.36,107.49,108.07,110.22,121.23,127.53,130.55,133.51,136.55,138.65,140.18,142.01,143.96,146.98,153.09,157.69,164.61,169.17,169.4,167.47,164.4,161.78,159.13,153.7,146.75,140.53,137.05,135.09,133.3,132.71,133.83,136.37,138.15,138.99,139.35,139.72,139.78,139.91,140.46,141.92,144.32,151.47,159.09,162.43,164.38,164.5,164.17,163.4,164.32,165.34,166.49,167.76,169.23,170.56,172.88,174.27,174.53,175.59,174.91,174.67,173.59,173.13
113204,0113204 Atún,0.0636,108.41,109.46,110.01,110.6,111.28,111.51,112.28,112.79,113.46,114.16,114.7,115.14,115.58,116.26,116.86,117.74,119.29,120.42,122.11,122.87,123.73,124.06,124.53,125.15,125.6,126.02,126.49,126.85,127.13,127.27,127.67,127.63,127.81,127.93,127.87,128.03,128.16,128.06,128.38,128.6,128.59,128.56,128.8,128.65,128.97,129.17,129.46,129.78,130.19,131.28,131.82,132.25,132.25,132.42,133.18,133.71,133.8,134.05,134.35,134.77,135.06,135.72,136.11,136.58,136.65,136.66,137.29,137.32,137.36,137.55,138.2
114,"0114 Leche, queso y huevos ",2.9905,104.94,107.28,109.79,110.83,111.56,111.78,111.32,112.21,113.37,113.71,112.85,112.91,114.2,115.76,117.06,118.25,118.75,119.64,120.1,120.49,121.66,122.69,123.47,124.09,124.46,124.37,125.68,127.55,128.64,129.46,130.22,130.04,128.91,129.23,130.27,130.78,128.58,126.8,131.09,132.52,132.56,132.89,133.4,133.64,133.98,134.32,134.21,134.19,134.58,135.55,136.5,137.21,137.87,138.52,139.19,140.2,140.62,140.87,141.11,141.48,142.09,142.44,142.77,143.16,143.38,143.54,144.05,144.18,144.29,143.73,143.33
1141,01141 Leche,1.4924,104.3,104.8,105.36,105.66,106.14,106.58,106.85,107.31,107.8,108.25,108.59,108.73,109.19,109.61,109.94,110.85,112.47,114.08,115.09,116.23,117.57,118.68,119.59,120.55,121.42,122.01,122.57,123.51,124.63,125.63,126.33,126.77,127.46,127.95,128.41,128.72,129.08,129.71,130.02,130.43,130.98,131.49,132,132.32,132.79,133.24,133.54,133.79,133.97,134.29,134.7,135.39,136.09,136.56,137.14,137.86,138.15,138.44,138.57,138.92,139.74,140.15,140.6,141.01,141.26,141.47,141.91,141.97,142,142.1,142.26
114101,0114101 Leche en polvo,0.2573,104.56,105.13,105.9,106.2,106.48,106.87,107.09,107.55,108.07,108.4,108.75,108.84,109.04,109.39,109.45,110.8,111.76,112.75,113.62,115.3,116.54,117.77,118.44,119.21,119.79,120.38,120.83,122.28,123.88,124.94,125.57,125.88,126.56,127.02,127.1,126.91,127.28,128.28,128.61,129.23,129.92,130.26,130.63,131.07,131.85,132.62,132.87,133.01,133.37,133.68,134,135.4,137.32,138.29,139.26,141.17,142,142.57,143.08,143.45,144.15,144.32,144.82,145.72,146.12,146.35,146.7,146.05,146.36,146.54,146.12
114102,0114102 Leche evaporada,0.3044,105.99,106.63,107.23,107.86,108.49,108.86,109.21,110.04,111.09,111.79,112.23,112.25,112.65,113.15,113.61,114.14,116.95,119.88,121.43,122.31,123.05,123.43,123.7,123.95,124.36,124.57,124.91,126.23,127.94,129,129.55,129.93,130.34,130.71,130.91,131.08,131.21,131.5,131.71,131.79,131.99,132.08,132.37,132.55,132.66,133.1,133.17,133.39,133.42,133.69,133.97,134.27,134.27,134.13,134.36,134.5,134.52,134.75,134.84,135.04,135.54,135.78,136.29,136.8,136.93,136.84,137.38,137.5,137.92,137.92,138.02
114103,0114103 Leche líquida,0.556,103.91,104.17,104.51,104.74,105.13,105.66,105.93,106.28,106.52,106.82,106.95,106.94,107.42,107.83,108.09,108.91,110.03,111.32,112.09,112.77,114.15,115.53,116.28,117.26,117.88,118.28,118.79,119.19,119.91,120.31,120.63,120.89,121.57,121.95,122.58,123.1,123.58,124.33,124.7,125.08,125.66,126.5,127.13,127.33,127.88,128.18,128.56,128.89,128.95,129.32,129.99,130.78,131.41,132.04,132.75,133.28,133.47,133.74,133.69,134.31,135.74,136.47,137.01,137.32,137.61,138,138.53,138.76,138.33,138.37,138.54
114104,0114104 Leche maternizada,0.0613,102.23,103,103.7,103.54,103.76,104.08,104.17,104.21,104.58,105.06,105.48,105.92,106.21,106.43,107.11,107.85,108.8,109.36,110.14,111.23,112.49,112.89,114.35,115.8,117.93,119.27,119.87,120.64,121.47,124.98,126.91,127.01,127.21,127.45,127.91,128.13,128.32,128.48,128.57,129.08,130.03,131.04,131.69,132.12,132.6,133.17,133.93,134.59,135.01,135.24,135.52,135.76,136.55,137.01,137.37,138.02,138.22,138.71,139.24,139.25,139.8,140.23,140.49,140.77,141.39,142.07,143.12,144.07,144.07,144.61,145.85
114105,0114105 Suplementos alimenticios (Ensure y similares),0.0503,101.66,101.69,102.1,102.31,103.21,103.67,103.77,104.02,103.77,104.3,104.91,105.26,105.75,106.02,106.41,108.22,111.21,113.4,114.84,115.87,116.34,116.95,117.36,117.76,119.53,122.61,124.02,125.34,126.26,128.21,132.08,133.67,135.66,136.23,136.03,136.39,136.34,136.62,137.11,138.01,139.63,141.05,142,143.22,143.84,144.31,144.6,144.74,144.9,145.56,145.36,145.77,145.89,146.24,145.87,145.85,145.49,145.18,144.46,143.64,142.98,142.57,141.96,140.9,140.08,140.38,140.14,139.58,140.46,140.32,141.1
114106,0114106 Leche de origen vegetal,0.0307,106.39,107.37,108.06,108.9,110.29,111.76,113.08,113.71,114.66,116.09,117.91,119.53,120.53,121.25,121.84,122.41,124,126.47,128.6,129.99,130.98,132.26,132.99,133.48,133.82,134.5,134.94,135.41,137.63,139.73,140.72,141.44,142.22,143.17,144.13,144.83,145.71,146.4,146.89,147.76,148.41,148.71,149.2,149.36,149.86,150.47,150.19,150.53,151.09,151.78,152.15,152.85,153.65,154.21,154.29,155.02,155.65,155.84,156.79,157.09,157.41,158.14,158.82,159.22,159.35,159.07,160.56,160.72,161.91,161.85,162.12
114107,0114107 Leche saborizada,0.0488,102.6,102.94,103.27,103.01,103.37,103.51,103.72,104.08,104.54,104.64,104.8,104.93,105.1,105.42,105.83,106.92,108.01,109.3,110.19,110.86,112.06,113.67,114.66,115.42,116.07,116.51,116.99,117.56,117.93,118.3,118.55,118.86,119.26,119.65,120.02,120.44,120.86,121.7,122.28,122.95,123.93,125.1,125.66,126.26,126.58,127.71,128.72,129.37,129.8,130.4,130.82,131.4,131.85,132.35,133.73,134.49,134.72,134.87,135.23,135.75,136.86,137.51,137.94,138.55,138.8,139.06,139.85,140.17,140.07,140.47,140.61
114108,0114108 Leche reforzada,0.1836,103.79,104.73,105.6,105.84,106.46,106.76,106.95,107.25,107.76,108.32,108.79,109.27,110.1,110.67,111.13,112.17,114.21,115.67,116.52,118.85,121.55,123.12,125.89,128.27,130.56,131.5,132.48,133.82,134.72,136.16,137.24,138.24,139.34,140.42,141.46,141.99,142.43,142.87,143.1,143.5,143.79,143.7,144.24,144.61,145.03,145.23,145.52,145.51,145.81,145.86,146.09,146.4,146.93,147.23,147.68,148.4,148.91,149.14,149.22,149.35,149.57,149.73,150.02,150.3,150.61,150.63,150.46,150.68,150.65,150.92,151.4
1142,01142 Quesos,0.8153,103.43,104.38,105.18,106.09,107.13,107.96,108.95,109.55,110.76,111.52,111.89,112.34,112.77,113.65,114.28,115.33,116.67,118.25,119.67,120.82,122.03,123.01,123.48,124.1,124.83,125.43,126.02,126.67,127.24,127.82,128.44,128.95,129.61,130.26,130.37,130.42,130.65,130.74,130.96,131.37,131.75,132,132.24,132.39,132.43,132.7,132.86,133.19,133.33,133.58,133.92,134.38,134.89,135.41,136.33,137.82,138.48,138.91,139.22,139.46,140.03,140.39,140.7,141.12,141.35,141.36,141.96,142.01,142.33,142.38,142.65
114201,0114201 Queso blanco,0.3238,102.85,103.41,104.25,105.04,106.34,107.48,108.63,109.28,110.64,111.37,111.75,112.22,112.66,113.6,114.49,115.75,117.45,119.26,121.01,122.09,123.44,124.07,124.74,125.4,126,126.82,127.33,128.09,128.72,129.38,130.08,130.6,131.19,132.02,132.07,132.27,132.71,132.72,133.02,133.44,133.96,134.26,134.59,134.89,134.68,135.16,135.15,135.54,135.76,136.16,136.36,136.72,137.38,137.99,138.4,138.65,138.86,139.23,139.53,139.7,140.23,140.39,140.65,140.97,141.13,141.12,141.81,141.87,142.43,142.81,143.15
114202,0114202 Queso cheddar amarillo,0.2576,104.13,105.29,105.86,107.02,108.04,108.74,109.73,110.06,111.2,112.04,112.3,112.72,113.06,114.19,114.86,115.39,116.17,117.4,118.79,120,121.27,122.82,123.12,123.8,124.95,125.45,126.35,127.05,127.42,128.37,128.84,129.04,129.61,130.36,130.5,130.43,130.27,130.35,130.59,131.16,131.6,132.04,132.12,132.19,132.29,132.4,132.79,132.9,133.03,132.99,133.49,134.01,134.4,134.83,136.2,139,139.82,140.35,140.65,140.77,141.22,141.79,142.22,142.57,143.02,142.72,143.09,143.15,143.27,143.21,143.5
114203,0114203 Queso holandés,0.1199,103.83,105.17,106.19,107.12,107.59,107.86,108.6,109.58,110.89,111.72,112.13,112.67,113.18,113.74,113.88,115.05,116.48,118.25,118.85,120.24,121.12,121.88,122.34,123.17,123.54,123.77,123.95,124.19,124.74,124.3,125.15,126.47,127.92,128.32,128.92,128.88,129.61,129.6,129.99,130.14,130.21,130.26,130.57,130.54,130.7,130.82,130.89,131.54,131.72,132.05,132.31,132.81,133.27,133.62,134.93,137.03,138.58,139.05,139.68,140.63,141.68,142.23,142.64,143.6,143.45,143.92,144.82,145.21,145.31,145.25,145.18
114204,"0114204 Otros Quesos (Mozarella, Danes)",0.0509,103.5,104.33,105.3,106.03,106.51,107.03,107.25,107.45,108.48,108.58,108.62,109.16,109.36,109.81,110.08,110.94,112.42,113.89,115.25,116.4,118.24,119.94,120.16,120.6,121.29,122.23,122.98,123.96,124.7,125.17,125.27,125.33,125.2,125.17,124.5,123.78,123.92,124.24,124.01,124.32,124.46,124.13,124.68,124.43,125.22,125.11,125.35,126.04,125.61,126.03,126.8,127.22,128.22,128.85,130.01,133.31,134.58,135.11,134.95,134.98,135.62,135.52,135.74,136.32,136.25,136.35,136.55,136.21,135.7,134.92,134.88
114205,0114205 Queso de hoja,0.0631,102.72,104.22,105.13,105.81,107.11,108.11,109.5,110.47,111.21,112.21,113.1,113.32,114.17,114.57,114.94,117.1,118.49,120.02,121.45,122.25,122.72,123.01,123.25,123.23,123.65,124.01,124.31,124.78,125.73,126.37,127.2,127.72,128.26,128.63,128.61,129.24,129.02,129.61,129.28,129.61,129.86,129.94,129.98,130.3,130.56,130.97,131.2,131.23,131.41,131.82,131.94,132.65,132.63,133.28,134.03,133.84,134.08,134.2,134.42,134.25,134.51,135.05,135.16,135.09,135.8,136.27,137.11,136.67,137.6,137.39,138.14
1143,01143 Yogurt y otros productos lácteos,0.0944,103.05,103.95,104.31,104.55,104.85,105.14,105.41,105.93,106.22,106.74,107.21,107.44,107.6,108.24,108.59,108.83,109.3,109.74,110.19,110.36,110.75,110.95,110.88,111.36,111.53,111.63,111.81,112.44,112.69,113.35,113.69,113.9,114.31,114.67,114.36,114.33,114.41,114.98,115.11,115.43,115.82,116.07,116.32,116.39,117.19,117.25,116.98,117.74,117.67,118.04,118.54,118.44,118.94,118.95,119.62,119.81,120,120.05,120.02,121.77,122.89,123.25,123.43,123.89,124.5,125.27,126.6,127.15,127.78,128.43,128.2
114301,0114301 Yogurt,0.0944,103.05,103.95,104.31,104.55,104.85,105.14,105.41,105.93,106.22,106.74,107.21,107.44,107.6,108.24,108.59,108.83,109.3,109.74,110.19,110.36,110.75,110.95,110.88,111.36,111.53,111.63,111.81,112.44,112.69,113.35,113.69,113.9,114.31,114.67,114.36,114.33,114.41,114.98,115.11,115.43,115.82,116.07,116.32,116.39,117.19,117.25,116.98,117.74,117.67,118.04,118.54,118.44,118.94,118.95,119.62,119.81,120,120.05,120.02,121.77,122.89,123.25,123.43,123.89,124.5,125.27,126.6,127.15,127.78,128.43,128.2
1144,01144 Huevos,0.5885,108.96,118.1,128.29,131.51,132.53,131.36,126.89,129.32,132.27,131.69,125.87,125.18,129.93,135.48,140.31,142.55,139.09,137.24,135,132.47,133.26,134.3,135.31,135.12,133.75,130.94,135.34,141.45,143.3,144.06,145.22,142.44,133.95,133.39,137.4,139.14,126.72,115.86,136.56,142.18,140.39,140.39,141.27,141.48,141.86,142.04,140.52,139.25,140.58,144.28,147.53,148.75,149.53,150.94,151.45,152.71,153.12,153.09,153.53,153.93,153.99,154.17,154.25,154.55,154.56,154.71,155.18,155.51,155.47,152.2,149.41
114401,0114401 Huevos,0.5885,108.96,118.1,128.29,131.51,132.53,131.36,126.89,129.32,132.27,131.69,125.87,125.18,129.93,135.48,140.31,142.55,139.09,137.24,135,132.47,133.26,134.3,135.31,135.12,133.75,130.94,135.34,141.45,143.3,144.06,145.22,142.44,133.95,133.39,137.4,139.14,126.72,115.86,136.56,142.18,140.39,140.39,141.27,141.48,141.86,142.04,140.52,139.25,140.58,144.28,147.53,148.75,149.53,150.94,151.45,152.71,153.12,153.09,153.53,153.93,153.99,154.17,154.25,154.55,154.56,154.71,155.18,155.51,155.47,152.2,149.41
115,0115 Aceites y grasas ,0.6591,104.89,106.6,108.43,111.07,114.68,117.08,118.87,125.24,134.37,139.48,141.2,142.25,142.94,143.49,143.88,145.5,148.34,150.25,153.34,157.47,160.03,160.61,160.88,161.61,162.24,162.33,162.48,162.9,163.02,163.25,163.36,163.22,162.95,162.88,162.75,162.79,162.83,162.78,162.28,162.35,162.24,161.79,161.41,159.84,159.23,158.07,157.95,158.18,159.04,158.92,159.69,160.01,159.94,159.67,159.89,160.54,160.08,158.64,158.25,158.68,159.23,159.27,159.89,160.41,160.3,159.76,159.94,159.98,160.37,160.28,160.41
1151,01151 Aceites,0.5843,104.86,106.67,108.53,111.37,115.42,118.06,120.02,127.16,137.22,142.77,144.71,145.85,146.47,147,147.43,149.02,151.99,153.95,156.95,160.71,163.09,163.53,163.72,164.45,165.1,165.16,165.25,165.63,165.78,166.04,166.1,165.99,165.68,165.61,165.54,165.55,165.62,165.51,164.95,165.02,164.96,164.41,163.95,162.19,161.57,160.31,160.14,160.36,161.31,161.23,162.11,162.38,162.38,162.2,162.26,162.88,161.87,160.06,159.52,159.86,160.5,160.43,161,161.45,161.1,160.53,160.81,160.89,161.25,161.12,161.45
115101,0115101 Aceite de soya,0.5531,104.86,106.66,108.56,111.4,115.5,118.19,120.18,127.64,138.15,143.94,145.91,147.05,147.68,148.23,148.64,150.22,153.16,155.12,158.19,162.06,164.42,164.81,164.97,165.72,166.39,166.39,166.41,166.75,166.75,166.87,166.86,166.66,166.31,166.23,166.15,166.11,166.15,166.04,165.45,165.43,165.28,164.67,164.28,162.53,161.89,160.63,160.46,160.7,161.72,161.65,162.56,162.83,162.85,162.69,162.79,163.46,162.44,160.57,159.96,160.3,160.89,160.86,161.43,161.9,161.53,160.91,161.23,161.3,161.7,161.59,161.93
115104,0115104 Aceite puro de origen vegetal,0.0312,104.86,106.72,107.99,110.9,114.01,115.8,117.14,118.63,120.73,121.97,123.47,124.56,125.01,125.05,126,127.78,131.26,133.07,134.98,136.78,139.56,140.86,141.6,142.06,142.36,143.5,144.74,145.87,148.56,151.19,152.51,153.98,154.51,154.63,154.89,155.62,156.18,156.14,156.1,157.68,159.26,159.85,158.02,156.32,155.8,154.57,154.5,154.32,154.03,153.87,154.22,154.36,154.11,153.53,152.85,152.6,151.92,151.03,151.69,152.19,153.57,152.9,153.27,153.49,153.49,153.75,153.48,153.64,153.26,152.73,152.99
1152,01152 Margarina y mantequilla,0.0748,105.18,106.12,107.61,108.67,108.9,109.41,109.91,110.25,112.1,113.77,113.78,114.13,115.37,116.12,116.16,117.96,119.85,121.43,125.13,132.16,136.12,137.81,138.7,139.43,139.92,140.18,140.82,141.57,141.45,141.53,141.97,141.63,141.6,141.5,140.96,141.29,141.1,141.4,141.49,141.51,140.99,141.39,141.61,141.46,140.93,140.56,140.89,141.12,141.32,140.84,140.76,141.46,140.86,139.94,141.38,142.31,146.11,147.57,148.28,149.4,149.34,150.22,151.24,152.32,154.06,153.77,153.13,152.84,153.54,153.7,152.31
115202,0115202 Margarina,0.0748,105.18,106.12,107.61,108.67,108.9,109.41,109.91,110.25,112.1,113.77,113.78,114.13,115.37,116.12,116.16,117.96,119.85,121.43,125.13,132.16,136.12,137.81,138.7,139.43,139.92,140.18,140.82,141.57,141.45,141.53,141.97,141.63,141.6,141.5,140.96,141.29,141.1,141.4,141.49,141.51,140.99,141.39,141.61,141.46,140.93,140.56,140.89,141.12,141.32,140.84,140.76,141.46,140.86,139.94,141.38,142.31,146.11,147.57,148.28,149.4,149.34,150.22,151.24,152.32,154.06,153.77,153.13,152.84,153.54,153.7,152.31
116,0116 Frutas ,2.1187,111.67,111.64,107.88,107.77,104.97,102.15,105.3,104.7,100.05,96.26,93.87,90.68,90.42,93.6,96.72,103.48,106.79,108.78,111.53,113.44,115.58,115.56,114.55,114.74,116.43,123.43,135.02,140.52,136.22,137.35,139.18,134.66,132.91,133.98,137.69,144.25,148.3,145.62,144.4,147.71,144.73,141.19,133.23,129.92,127.82,127.22,129.98,132.28,130.95,131.69,140.21,143.92,146.79,147.98,145.12,141.81,135.23,133.29,137.23,141.72,147.83,161.37,167.71,168.78,164.07,158.69,155.71,152.69,149.89,147.99,146.83
1161,01161 Frutas frescas,2.0375,111.64,111.57,107.62,107.35,104.15,101.02,104.17,103.5,98.57,94.53,92.01,88.7,88.46,91.69,94.92,101.87,105.32,107.37,110.29,112.23,114.45,114.39,113.36,113.56,115.29,122.57,134.59,140.27,135.8,136.97,138.84,134.1,132.24,133.27,136.99,143.61,147.76,145.06,143.76,147.23,144.09,140.36,132.1,128.41,126.15,125.46,128.18,130.5,129.07,129.76,138.58,142.28,144.99,146.12,142.98,139.45,132.6,130.57,134.69,139.36,145.77,159.87,166.5,167.71,162.9,157.33,154.25,151.13,148.18,146.19,144.91
116101,0116101 Plátano verde,0.8031,123.3,123.01,115.48,111.28,101.12,90.04,91.65,89.69,87.44,84.81,83.98,80.23,78.47,82.04,84.77,93.92,96.05,95.43,96.09,97.86,103.39,106.11,107.75,110,114.21,126.6,144.49,149.2,136.33,132.41,129.49,122.02,123.98,128.24,136.41,149.45,154.15,147.09,144.02,147.75,140.3,130.27,113.44,107.69,109,112.76,120.66,122.12,115.7,114.18,129.85,135.24,135.8,132.77,122.45,117.39,113.39,113.47,120.48,127.62,137.15,160.92,173.17,174.12,163.13,147.14,134.95,129.7,129.38,127.54,125.14
116102,0116102 Guineo verde,0.3743,106.82,108.19,106.59,107.77,106.46,105.02,106.35,105.73,103.42,98.12,94.21,91,91.86,94.87,98.12,101.89,104.02,106.15,107.82,109.67,109.81,108.59,109.35,110.32,111.36,115.09,128.1,137.01,137.83,139.48,139.17,134.99,133.99,133.41,135.71,137.57,141.49,140.12,139.82,144.15,142.4,138.32,127,118.4,115.06,118,126.08,133.88,135.5,135.36,140.93,141.54,141.56,137.88,127.85,125.6,123.3,129.28,136.33,140.2,142.27,149.63,153.95,155.05,155.09,152.53,151.23,151.54,151.71,149.16,148.31
116103,0116103 Aguacate,0.1384,90.73,93.36,98.09,107.25,115.93,128.42,151.89,175.38,159.69,137,112.52,99.7,98.09,101.78,108.91,115.1,123,138.27,157.53,180.4,191.43,181.79,143.86,120.97,114.74,121.51,129.37,130.63,131.11,141.75,161.9,181.49,175.24,169.12,152.51,139.62,140.52,145.25,150.43,154.82,163.27,174.94,196.66,224.59,222.72,193.58,161.99,143.87,140.02,145.09,147.68,154.81,168.31,181.25,217.03,239.4,209.62,188.55,166.96,155.78,155.51,163.29,164.67,167.3,169.96,183.38,209.25,212.45,203.78,201.01,192.78
116104,0116104 Plátano maduro,0.1753,123.44,123.36,115.68,113.46,101.45,88.73,89.22,88.42,85.69,83.18,82.39,78.88,77.53,80.58,83.51,93.42,95.13,95.34,95.44,96.1,101.12,104.59,106.97,109.06,112.84,126.74,145.31,149.24,139.11,133.74,130.06,123.62,124.75,128.49,136.29,150.7,157.76,152.53,148.2,153.11,144.86,132.54,114.31,108.65,108.99,113.19,120.99,122.69,114.19,115.11,132.42,137.97,139.17,135.23,123.36,117.64,113.28,112.46,119.72,127.91,137.77,164.57,177.98,180.31,167.72,150.63,136.9,130.88,130.86,128.43,124.93
116105,0116105 Lechoza,0.0714,103.44,104.26,102.25,103.18,103.84,103.21,102.25,101.06,99.91,98.9,99.68,100.68,99.89,101.1,101.63,101.74,108.35,113.25,113.64,114.83,117.07,120.25,121.05,120.6,118.59,120.12,121.99,121.71,123.2,129.08,133.25,133.36,132.14,133.31,137.78,139.01,141.07,137.42,138.4,138.47,136.17,134.66,132.87,129.45,127.21,129.46,129.83,131.05,130.8,128.61,129.15,131.69,141.93,152.24,150.2,143.81,141.78,142.12,146.73,151.92,158.08,160.22,163.04,163.17,167.84,167.07,162.56,156.33,154.97,151.77,150.38
116106,0116106 Naranjas,0.0641,99.58,95.35,94.1,97.64,100.45,106.31,118.14,127.03,127.49,123.65,114.52,106.97,104.47,103.25,103.84,110.38,115.57,123.71,136.33,147.39,153.26,150.2,137.48,126.21,121.28,116.99,119.64,127.36,131.82,139.97,164.44,182.94,191.23,185.27,167.68,151.62,144.08,141.01,140.08,144.7,151.21,164.72,190.08,206.87,220.21,215.26,193.51,177.98,171.93,172.31,176.71,190.96,206.29,233.68,267.59,276.57,265.35,250.34,227.63,207.84,195.74,195.34,198.66,210.99,215.43,234.3,254.85,265.32,268.89,270.39,256.73
116107,0116107 Limón agrio,0.0736,80.21,79.39,78.63,90.62,122.73,145.37,147.2,120.16,86.44,66.76,60.9,61.24,69.18,77.74,97.91,122.98,141.83,145.07,154.62,133.28,98.73,76.63,70.66,80.65,83.58,84.22,91.88,128.71,150.28,175.86,196.1,141.84,89.49,69.89,66.72,66.37,82.25,112.68,130.1,150.75,156.76,168.03,173.79,152.09,101.56,75.81,70.51,89.24,136.35,159.31,155.84,158.77,176.2,191.9,194.94,158.69,121.85,93.12,96.42,118.89,143.96,152.37,148.39,158.76,163.94,184.3,196.65,186.06,144.78,121.55,134.95
116108,0116108 Guineo maduro,0.0626,100.08,100.07,99.85,100.54,101.53,102.43,102,102.8,102.53,101.39,98.41,98.19,99.06,100.26,101.11,102.71,104.86,106.89,108.89,110.26,111.71,111.76,111.64,111.94,111.93,113.57,119.78,129.23,132.28,133.58,134.66,134.73,135.29,135.46,135.19,135.67,136.79,136.33,137.21,139.76,140.78,141.25,137.08,133.32,133.04,133,134.23,141.27,143.15,143,145.13,145,146.01,145.36,143.71,142.33,139.4,139.46,142.74,144.26,145.12,149.99,151.84,153.58,154.7,155.47,157.03,157.31,157.26,156.72,155.72
116109,0116109 Piña,0.0947,98.6,97.04,95.91,96.15,95.87,96.59,96.26,95.57,83.1,90.98,102.3,100.9,100.54,100.05,100.79,105.85,108.92,109.25,107.16,105.92,104.07,108.94,126.45,133.82,136.81,134.51,129.58,128.04,128.29,130.13,131.07,131.25,125.67,128.05,142.25,156.46,160.07,159.57,160.95,163.33,162.18,161.83,155.66,143.46,139.22,140.19,140.91,154.61,154.75,156.3,157.76,158.06,157.62,159.79,158.46,150.54,144.39,148.9,168.18,174.3,174.36,169.15,165.39,164.57,165.75,168.52,168.02,163.95,152.68,161.59,165.68
116110,0116110 Manzanas,0.0877,100.88,102.78,105.45,108.31,109.1,109.56,111.65,113.06,114.08,114.98,116.26,119.21,124.61,132.91,135.49,134.89,133.21,133.43,136.11,135.25,134.18,133.75,132.92,132.38,132.07,132.81,133.41,133.5,135.52,140.14,142.38,141.59,141.99,143.09,146.07,153.03,155.07,149.43,139.83,132.66,131.44,134.3,134.97,135.46,135.09,134.13,133.69,134.25,135.39,135.99,136.26,135.02,134.11,138.4,141.39,141.45,140.78,138.79,137.06,142.18,148.95,153.19,150.93,144.25,143.95,146.65,148.95,150.07,150.12,149.25,150.39
116112,0116112 Chinola,0.053,109.14,103.07,94.92,96.31,101.24,126.8,133.61,109.87,88.85,95.29,99.19,100.26,104.56,109.36,107.29,108.17,120.73,128.72,136.78,126.74,123.32,124.54,136.91,142.96,143.84,153.45,153.4,150.41,155.87,173.72,184.05,170.93,161.57,168.12,170.54,174.46,184.65,186.22,177.88,170.16,168,176.25,174.67,166.05,152.01,149.39,160.34,169.55,178.23,180.78,174.04,170.91,171.15,186.75,194.83,177.88,168.3,156.97,168.38,175.18,188.91,192.94,190.75,184.46,180.21,187.48,199.35,186.85,175.54,175.15,189.54
116113,0116113 Uvas,0.0393,110.81,105.99,102.95,101.57,103.55,104.69,104.24,103.52,104.27,107.65,114.47,116.34,116.13,113.05,110.22,108.76,108.91,109.01,108.52,108.16,107.63,107.1,109.48,111.38,108.94,103.12,104.7,107.5,106.77,105.94,102.2,99.21,100.11,104.02,114.13,122.98,120.08,111.43,105.96,101.04,103.17,109.62,111.21,111.74,111.92,111.03,117.28,119.65,117.6,115.98,113.65,112.68,113.09,113.26,114.75,112.2,109.61,110.28,116.62,121.84,123.21,122.19,120.81,116.65,114.53,115.08,115.82,111.72,110.71,118.86,123.82
1162,01162 Frutas secas y procesadas,0.0812,112.41,113.39,114.54,118.34,125.49,130.31,133.71,134.99,137.28,139.6,140.5,140.53,139.59,141.61,141.83,143.87,143.5,144.27,142.81,143.7,143.97,145.11,144.53,144.38,145.02,144.97,145.88,146.74,146.72,146.8,147.71,148.57,149.64,151.78,155.37,160.42,161.95,159.62,160.29,159.68,160.97,162.18,161.7,167.82,169.7,171.27,175.13,177,178.17,180.06,181.07,185.04,192.18,194.55,198.86,201.02,201.25,201.5,200.97,200.84,199.32,199.12,198.01,195.77,193.48,192.7,192.36,191.89,192.79,193.11,194.91
116201,0116201 Cocos secos,0.0812,112.41,113.39,114.54,118.34,125.49,130.31,133.71,134.99,137.28,139.6,140.5,140.53,139.59,141.61,141.83,143.87,143.5,144.27,142.81,143.7,143.97,145.11,144.53,144.38,145.02,144.97,145.88,146.74,146.72,146.8,147.71,148.57,149.64,151.78,155.37,160.42,161.95,159.62,160.29,159.68,160.97,162.18,161.7,167.82,169.7,171.27,175.13,177,178.17,180.06,181.07,185.04,192.18,194.55,198.86,201.02,201.25,201.5,200.97,200.84,199.32,199.12,198.01,195.77,193.48,192.7,192.36,191.89,192.79,193.11,194.91
117,0117 Legumbres-Hortalizas ,3.4201,108.09,108.03,102.3,98.49,94.9,92.48,92.47,92.38,92.38,93.42,97.23,99.94,100.48,101.76,101.45,101.41,102.82,103.8,105.82,107.49,108.16,109.3,110.5,112.08,114.3,115.72,119.06,117.99,113.23,112.94,114.19,113.43,118.82,123.63,127.39,130.82,131.13,133.56,136.76,136.59,132.24,131.57,127.94,126.01,128.58,133.84,133.05,132.74,133.2,135.69,138.68,137.03,134.08,133.97,133.39,131.59,130.9,131.55,133.77,135.84,139.05,146.31,149.74,144.43,141.22,142.63,142.64,141.87,142.28,141.55,143.43
1171,01171 Leguminosas,0.6705,113.21,111.58,108.73,107.57,107.24,107.62,109.6,109.47,110.25,110.8,110.78,111.32,111.97,111.38,106.23,107.59,108.91,112.22,114.5,114.85,116.56,118.09,117.88,119.06,121.36,118.72,111.4,111,112.23,113.14,114.06,114.1,119.56,119.49,118.51,119.99,120.85,120.63,116.47,116.34,120.11,123.97,125.7,128.92,131.55,133.27,132.75,133.62,135.05,134.34,127.79,127.73,127.92,127.21,129.01,128.5,129.87,129.62,129.9,131.21,132.23,132.83,126.21,125.14,126.78,126.65,127.37,127.62,128.67,128.61,129.92
117101,0117101 Habichuelas pintas secas,0.3467,107.63,107.11,106.54,104.92,104.85,104.8,104.34,103.98,103.79,103.65,102.83,102.74,102.31,102.52,102.36,102.53,102.88,103.49,104.63,106.77,108.11,108.63,108.83,108.62,108.28,107.77,107.85,107.66,107.59,107.45,107.47,107.34,107.58,107.91,107.66,107.28,107.43,107.2,108.21,109.43,112.56,115.86,117.44,118.26,118.8,118.85,118.47,118.09,117.78,117.28,117.74,117.79,117.9,117.29,117.45,117.16,116.87,116.46,116.04,115.17,114.97,114.34,114.5,114.38,114.01,113.82,114.17,113.66,113.61,113.59,113.27
117102,0117102 Habichuelas rojas secas,0.1267,116.83,120.73,123.23,125.26,125.18,126.76,128.46,129.83,130.2,129.97,129.58,128.34,127.74,127.13,126.99,127.33,127.16,127.28,129.48,130.08,131.06,130.83,130.4,130.33,129.79,129.77,129.89,129.59,129.07,128.56,127.95,127.66,127.41,127.42,127.32,127.14,127.5,127.76,127.7,127.56,130.36,137.18,141.18,142.88,144.11,144.26,144.66,144.53,144.59,145.24,146.22,147,147.67,148.88,149.28,149.34,149.09,148.94,148.45,148.24,147.65,147.04,147.33,147.58,147.41,147.24,147.63,146.79,146.62,145.84,145.64
117103,0117103 Guandules verdes,0.146,124.98,115.58,101.79,98.92,97.76,98.42,107.14,106.26,109.93,112.94,115.24,119.11,123.51,120.83,97.58,103.02,108.37,121.75,126.73,121.83,124.92,130.68,129.29,135.27,147.14,136.33,102.36,101.2,107.48,112.29,116.94,117.59,141.47,139.82,136.31,144.31,147.55,146.97,125.14,121.54,127.89,130.85,130.97,142.07,151.5,158.87,157.07,162.1,169.56,167.25,135.26,134.28,134.31,131.59,139.47,138.1,145.57,145.74,148.72,157.44,163.3,168.36,137.37,132.65,141.33,141.53,143.64,146.81,152.01,152.31,159.31
117104,0117104 Habichuelas negras secas,0.0511,108.51,107.82,107.55,106.48,106.08,105.65,105.55,105.46,105.59,105.72,105.41,105.11,105.48,105.45,105.71,106.02,106.12,106.88,109.43,111.95,114.03,114.77,115.62,115.65,115.56,115.26,115.53,115.55,115.54,115.94,116.16,116.38,118.76,120.34,119.42,119.08,119.17,118.81,119.91,120.62,123.68,126.58,128.29,129.06,130.03,130.7,130.59,130.59,129.97,129.09,129.06,128.75,128.74,128.23,127.32,126.33,125.57,124.99,124.22,122.98,122.34,121.56,121.43,121.09,120.75,120.19,120.33,120.09,119.75,120.15,119.96
1172,01172 Tubérculos,0.8339,101.59,102.65,101.56,99.6,96.26,94.72,95.19,94.08,94.37,94.94,94.61,93.31,92.78,92.94,95.13,97.46,101.52,104.05,106.21,110.92,116.7,122.58,126.87,130.22,132.8,135.17,146.42,149.57,141.4,141.15,145.22,145.73,148.6,153.62,165.62,171.78,168.6,167.74,165.33,161.29,157.56,155,148.9,142.61,140.02,141.97,143.74,142.94,143.36,146.16,147.86,147.67,150.1,149.94,147.88,144.64,142.83,150.23,161.37,166.97,170.94,177.78,180.25,182.79,179.94,179.24,178.38,177.46,181.19,185.63,189.97
117201,0117201 Yuca,0.3451,93.82,93.57,91.41,91.69,90.23,89.9,92.42,93.82,95.79,96.59,97.05,96.7,97.13,98.42,98.88,99.48,104.63,107.99,113.52,126.17,139.07,148.96,156.53,161.21,161.56,160.33,160.81,162.63,162.53,169.6,179.61,181.64,182.7,182.34,185.92,187.76,187.24,179.91,172.79,168.6,159.53,152.13,147.17,141.25,139.9,140.22,139.45,134.21,133.93,135.1,134.91,135.58,136.07,136.63,142.74,145.68,146.76,160.58,186.29,198.08,205.68,209.86,213.15,215.52,214.29,217.8,220.45,221.29,228.09,228.48,225.66
117202,0117202 Papa,0.2383,107.7,109.02,109.59,106.06,101.64,98.86,98.27,95.45,93.87,92.39,91.87,91.12,90,91.23,98.4,102.75,106.69,109.32,107.65,104.9,103.03,101.04,100.67,100.6,103.15,112.41,150.49,159.53,133.21,121.5,117.62,115.19,120.41,129.95,153.53,162.02,148.96,157.42,161.56,157.08,167.03,175.18,168.14,156.85,149.32,147.52,151.44,160.75,163.24,170.6,175.97,172.68,176.58,179.7,167.57,152.64,146.56,146.92,144.53,148.39,150.43,165.3,168.65,168.29,165.59,162.14,157.03,153.93,155.87,164.93,183.18
117203,0117203 Ñame,0.0883,107.72,105.52,103.47,100.98,98.6,96.99,97.39,96.44,96.01,104.4,106.11,101.13,96.76,92.92,92.24,94.32,95.25,95.87,95.78,95.27,98.7,112.18,115.52,115.64,115.97,112.82,111.96,114.23,116.25,121.63,129.84,133.25,138.76,153.46,163.17,170.08,166.46,157.59,149.69,147.93,148.21,147.51,145.25,146.6,150.49,169.67,173.48,164.95,155.7,148.42,144.66,143.73,144.69,144.1,144.11,145.36,148.62,167.57,168.77,162.63,157.78,153.66,151.08,152.21,149.3,150.14,152.84,153.55,158.09,174.83,176.25
117204,0117204 Yautía,0.0895,89.82,94.25,95.13,96.59,93.97,90.97,89.49,85.5,82.57,80.06,77.89,76.97,76.67,74.99,74.6,77.33,77.65,77.33,77.4,79.97,83.26,90.63,95.63,102.72,110.2,114.03,118.13,119.58,117.94,118.72,118.92,120.3,123.96,129.19,138.76,149.14,157,162.59,165.22,164.79,153.2,143.88,131.15,124.78,123.07,122.61,123.78,117.67,118.47,118.17,118.6,116.73,115.77,113.86,111.56,109.99,108.87,109.04,111.63,114.38,118.45,126.3,129.17,136.68,137.98,137.22,135.19,135.01,135.82,135.99,135.23
117205,0117205 Batata,0.0726,125.52,131.8,129.09,117.96,107.33,105.87,102.58,98.48,101.8,102.28,98.64,95.09,96.24,94.66,95.37,99.19,106.88,110.87,114.98,115.41,118.3,119.97,124.26,131.77,141.69,143.52,141.53,134.8,127.32,121.79,123.46,121.85,121.38,125.07,144.95,157.83,161.3,162.47,161.43,152.3,133.79,125.31,120.31,119.49,118.23,122.17,127.28,130.43,138.67,150.19,157.16,166,178.81,167.16,157.07,155.34,146.74,141.59,150.52,150.17,153.82,159.02,160.43,168.86,152.76,139.29,132.87,127.8,125.42,124.23,126.8
1173,01173 Hortalizas frescas,1.566,109.81,109.62,98.67,91.75,85.57,80.7,79.46,79.76,79.07,80.48,88.56,94.72,95.83,98.68,98.93,96.84,97.02,96.29,98.45,99.35,96.64,95.01,95.29,96.3,98.74,101.61,106.03,102.09,95.28,94.07,94.01,92.03,99.83,107.57,109.68,113.22,115.12,120.78,130.54,132.23,122.95,120.95,115.31,112.87,118.51,128.05,125.55,124.83,124.89,129.09,137.45,133.9,125.99,126.03,124.96,122.78,121.45,118.93,117.57,118.34,122.57,134.4,143.29,130.59,124.33,127.83,127.88,126.47,124.88,120.94,122.17
117301,0117301 Cebolla,0.3974,118.09,119.18,93.8,76.81,70.53,61.13,58.7,57.96,57.3,57.9,64.63,76.5,78.91,80.13,82.66,81.51,76.86,74.92,75.15,79.4,81.07,83.87,91.27,94.9,96.12,95.73,100.03,94.71,81.98,75.14,71.61,68.18,72.84,78.73,88.27,98.21,98.5,99.08,103.35,103.98,105.8,109.85,110.25,112.29,117.49,119.77,114.32,109.62,105.94,116.68,124.28,111.02,93.94,90.38,92.73,97.15,98.53,96.56,95.16,97.99,98.38,102.94,103.67,100.83,100.92,102.87,100.81,98.44,97.06,96.76,98.01
117302,0117302 Ajo,0.3194,99.79,96.13,81.74,69.16,63.81,60.49,57.97,56,57.15,62.2,76.03,85.96,83.4,81.07,80.08,78.99,75.98,74.02,73.06,72.52,70.46,67.46,63.12,58.91,56.46,61.57,67.05,64.96,59.47,56.57,54.72,53.84,61.61,62.46,61.52,61.65,69.48,97.05,115.06,109.03,90.81,85.66,81.81,79.54,77.79,75.31,74.25,83.91,93.45,106.13,109.24,104.19,100.95,103.39,105.06,104.95,100.92,91.03,87.57,89.4,90.8,93.22,93.58,92.62,92.16,91.81,91.07,88.24,82.14,77.76,76.36
117303,0117303 Ajíes,0.2379,114.33,112.56,108.71,109.83,97.86,93.77,91.97,96.58,93.64,95.09,104.41,106.31,110.07,108.04,104.84,98.47,106.61,111.62,129.37,130.51,118.72,109.68,104.69,105.29,111.21,112.72,120.88,118.56,109.87,117.35,117.9,106.69,105.65,116.75,129.29,135.19,137.17,130.7,157.02,172.97,139.58,140.25,129.69,118.08,128.83,160.26,156.25,151.81,142.46,143.18,179.58,179.07,154.02,160.31,152.17,137.56,127.5,131.47,132.45,128.46,135.28,169.18,196.84,159.73,144,166.66,177.63,171.44,173.7,159.92,147.88
117304,0117304 Tomates,0.1307,110.62,121.82,117.55,119.53,113.17,106.03,102.26,101.28,100.03,99.88,119.23,124.64,117.88,121.69,120.09,115.9,116.7,114.2,120.16,127.61,116.61,112.01,112.37,113.15,125.13,135.28,134.77,124.57,118.53,113.93,118.97,118.92,138.63,162.74,147.42,139.55,136.85,147.66,167.17,174.6,167.78,151.21,130.84,125.3,133.14,165.59,161.1,154.91,162.22,155.29,156.44,156.94,152.64,147.44,141.57,142.28,143.98,144.43,142.64,142.99,158.39,183.2,214.02,178.1,151.93,152.2,158.3,172.52,164.75,151.8,147.99
117305,0117305 Berenjena,0.0884,104.34,105.93,108.91,108.25,99.09,98.07,99.01,95.72,97.8,98.08,103.84,110.78,111.6,119.84,117.95,117.01,118.1,118.03,118.96,116.09,115.04,118.3,117.15,120.6,124.62,126.96,130.09,124.99,121.22,122.89,122.52,122.17,128.19,137.74,138.82,140,141.88,145.99,149.7,151.49,154.76,152.26,141.99,138.88,143.33,143.56,142.72,143.86,145.57,145.63,148.47,147.21,143.13,143.44,142.41,143.66,143.45,145,147.6,150.95,154.28,161.55,168.97,152.51,147.88,152.27,151.27,148.49,150.57,154.37,152.44
117306,0117306 Auyama,0.0985,113.82,106.87,102.42,99.71,96.07,93.35,98.41,101.56,100.1,100.79,103.65,103.51,104.23,110.37,118.45,122.94,122.59,119.89,115.7,111.81,108.78,106.8,109.11,110.8,113.04,115.25,118.54,118.43,118.03,120.04,131.62,140.29,151.64,151.29,140.76,130.06,125.08,123.08,123.2,126.47,126.43,131.34,132.93,132.82,138.4,138.48,137.91,137.68,136.7,136.25,139.94,144.36,143.26,140.72,139.03,138.76,138.26,136.94,137.31,137.89,142.77,145.23,145.82,144.8,141.89,139.21,138.31,137.51,139.4,142.51,165.16
117307,0117307 Lechuga,0.0665,97.77,96.95,96.47,97.34,101.54,99.74,94.49,93.96,92.81,91.72,93.46,93.25,97.17,109.09,101.7,100.45,101.86,100.19,99.49,99.31,108.54,104.81,102.11,109.32,108.93,106.28,105.76,103.79,104.47,107.58,104.52,106.34,132.48,127.9,118.02,134.57,135.65,126.59,123.59,129.94,134.12,123.29,113.62,121.89,131.55,129.7,120.11,116.24,118.17,118.61,120.19,132.31,132.6,125.13,124.03,124.61,131.34,121.57,119.62,126.76,142.72,153.6,152.99,132.52,124.64,122.41,120.08,127.71,124.57,122.36,138.6
117308,0117308 Repollo,0.0448,122.7,127.02,120.45,117.3,111.85,111.37,118.49,125.16,127.01,121.41,114.17,110.01,118.67,135.58,138.2,132.24,131.42,130.28,129.97,128.26,126.98,128.51,128.33,128.94,129.42,130.09,129.87,129.3,129.31,130.05,133.98,136.46,157.68,190.29,188.28,195.37,191.63,180.58,165.59,156.34,147.48,146.59,142.54,136.78,137.15,143.4,144.73,144.45,146.27,147.57,148.28,156.46,199.2,206.03,210.11,186.31,167.6,157.52,154.61,155.97,157.45,172.31,181.51,176.5,179.68,172.37,160.83,151.21,147.78,147.79,185.09
117309,0117309 Zanahoria,0.0619,100.71,99.38,95.19,91.27,86.55,81.91,80.39,79.11,77.61,78.07,81.99,84.6,94.78,118.1,126.9,123.05,137.02,128.85,111.05,102.94,97.4,95.65,95.88,98.07,102.48,107.84,112.61,110.15,106.63,103.27,102.85,101.62,102.93,121.27,126.09,130.07,142.17,157.9,153.15,145.03,137.72,131.49,123.53,117.96,130.14,157.28,170.33,171.15,168.05,155.41,146.92,141.71,138.46,143.88,146.33,140.86,155.99,158.49,145.55,137.06,134.19,148.78,179.47,174.52,158.49,148.21,135.01,129.22,126.28,124.1,126.1
117310,0117310 Tayota,0.0421,110.7,110.84,107.66,107.41,105.07,103.41,105.69,106.21,106.01,114.6,117.38,119.26,116.75,118.12,117.73,115.42,114.12,114.74,115.04,114.3,116.54,120.97,125.96,127.87,126.23,126.78,127.54,124.71,123.82,125.74,128.1,135.39,147.38,160.62,172.94,180.2,169.27,159.09,158.98,157.25,153.41,150.29,145.63,144.58,156.51,163.81,177,177.34,171.15,166.92,162.58,160.01,157.76,156.3,155.7,155.31,161.89,165,176.26,175.96,174.6,167.96,168.04,163.73,158.14,160.56,159.34,157.78,165.33,170.27,177.5
117311,0117311 Apio,0.025,102.61,99.95,96.81,95.62,94.07,94.87,97.46,103.27,98.9,96.84,94.44,92.62,92.41,91.54,91.68,92.3,92.62,92.2,91.2,90.74,91.26,94.2,93.34,93.16,95.95,113.73,141.24,126.59,112.96,118.6,116.05,113.59,113.58,118.36,117.45,117.27,117.33,121.34,120.39,119.38,116.29,114.9,113.42,111.65,124.3,138.6,129.9,122.74,120.29,119.06,124.92,132.82,150.47,162.28,151.16,134.38,132.64,129.33,126.4,125.02,138.28,160.12,163.3,145.3,130.85,123.71,119.02,121.23,123.46,126.99,124.85
117312,0117312 Pepino,0.0258,103.99,100.5,102.69,109.42,104.54,100.88,106.46,104.36,101.21,101.08,101.03,102.8,104.67,106.76,105.74,104.37,108.05,116.17,116.5,115.54,117.88,118.08,115.74,117.9,124.5,127.15,128.38,124.1,124.85,123.96,125.79,124.67,126.43,126.18,123.82,126.72,132.96,138.13,139.34,136.53,138.16,136.66,131.02,129.38,132.26,132.15,130.06,139.42,146.25,139.98,139.47,144.08,146.44,138.62,136.78,142.13,139.21,136.97,136.71,141.56,150.77,176.07,169.65,151.19,162.7,176.36,164.89,160.04,167.32,154.91,160.02
117313,0117313 Brócoli y Coliflor,0.0279,106.27,107.33,104.51,101.7,98.07,98.14,97.88,101.56,98.75,96.01,93.7,92.39,100.7,110.91,107.85,106.25,106.43,110.09,113.31,111.32,111.44,110.63,108.83,108.5,112.94,119.53,118.99,114.61,111.21,110.81,109.95,110.63,131.39,129.57,122.02,124.96,132.51,136.43,130.93,121.83,117.63,117.47,112.5,114.25,131.87,152.68,143.47,128.46,123.46,127.04,130.11,129.87,140.13,137.66,134.27,128.1,135.1,133.21,130.63,129.16,134.7,154.01,153.88,140.83,135.19,138.78,133.15,133.04,136.55,135.74,132.91
1174,01174 Productos vegetales en conserva,0.2456,108.26,109.43,110.77,111.62,113.19,114.66,115.39,116.3,117.28,118.98,121.75,122.97,123.3,123.99,124.68,125.4,126.33,126.71,127.35,127.8,128.46,128.49,128.42,129.05,129.27,129.65,129.67,130.13,131.55,133.62,134.78,134.88,135.36,135.92,136.57,136.63,137.22,138.39,140.14,140.99,141.81,143.34,144.32,144.89,146.08,147.03,147.32,147.73,148.33,148.69,149.1,149.41,150.09,150.67,151.5,152.61,153.86,154.58,155.45,156.71,158.21,158.95,159.61,160.8,161.15,161.08,161.84,162.4,162.67,162.62,162.74
117402,0117402 Guandules verdes en lata,0.1473,108.48,109.55,111.26,112.21,113.72,114.43,114.91,115.76,116.52,117.96,120.21,120.91,121.16,121.73,122.4,123.03,123.95,124.2,124.7,124.85,125.42,125.32,125.3,126.03,126.27,126.65,126.6,126.99,128.4,130.73,131.56,131.57,131.92,132.53,133.05,133.03,133.63,134.98,136.74,137.52,138.5,140.42,141.64,142.6,144,145.06,145.36,145.99,146.55,146.92,147.42,147.82,148.63,149.64,150.81,152.02,153.3,154.37,155.53,157.24,159.14,160.14,161.06,162.48,162.81,162.81,163.55,164.25,164.73,164.9,165.05
117403,0117403 Maíz en lata,0.0983,107.94,109.24,110.05,110.73,112.4,115,116.1,117.12,118.41,120.51,124.06,126.05,126.51,127.37,128.09,128.96,129.91,130.47,131.32,132.22,133.01,133.25,133.09,133.56,133.78,134.15,134.27,134.84,136.28,137.96,139.61,139.83,140.52,141.02,141.85,142.03,142.6,143.49,145.25,146.2,146.78,147.7,148.33,148.32,149.18,149.97,150.25,150.33,151,151.35,151.63,151.81,152.28,152.22,152.54,153.5,154.7,154.89,155.32,155.91,156.81,157.15,157.43,158.28,158.67,158.48,159.29,159.63,159.58,159.19,159.28
1175,01175 Derivados de tubérculos,0.104,100.71,101.12,101.31,101.53,101.73,101.88,101.99,102.06,102.84,103.58,103.62,103.96,104.34,104.27,104.54,105.14,105.75,106.52,106.82,107.07,110.99,115.91,118.29,119.14,119.48,120.19,120.33,120.58,120.78,120.78,121.24,121.68,122.17,122.58,123.11,123.41,123.86,124,124.22,124.47,124.6,124.91,125.96,127.33,128.04,128.32,128.64,128.88,129.08,129.19,129.33,129.42,129.57,129.65,129.7,129.78,129.83,129.89,130.03,130.2,130.17,130.45,130.72,130.93,130.95,131.31,131.55,131.65,131.93,132.11,131.88
117501,0117501 Papitas fritas snacks,0.0601,100.61,101,101.14,101.43,101.68,101.85,101.91,102.01,102.36,102.2,101.9,102.18,102.6,102.42,102.48,102.82,103.31,104.11,104.48,104.57,108.78,112.15,114.16,114.96,115.28,116.19,116.31,116.54,116.62,116.48,117.03,117.6,118.04,118.47,118.91,119.16,119.76,119.88,120.17,120.46,120.5,120.75,121.91,123.56,124.25,124.43,124.72,124.95,125.07,125.18,125.2,125.21,125.3,125.37,125.37,125.43,125.46,125.57,125.68,125.79,125.68,125.85,126.2,126.35,126.24,126.72,127.07,127.2,127.57,127.83,127.53
117502,0117502 Snacks y picaderas de todo tipo (excepto papitas fritas),0.0439,100.85,101.29,101.54,101.68,101.8,101.93,102.11,102.13,103.49,105.48,105.97,106.39,106.72,106.79,107.37,108.32,109.1,109.83,110.02,110.49,114,121.04,123.94,124.86,125.23,125.66,125.82,126.11,126.48,126.66,127.01,127.25,127.81,128.2,128.84,129.22,129.48,129.63,129.77,129.95,130.19,130.6,131.5,132.5,133.22,133.64,133.99,134.25,134.55,134.66,134.98,135.18,135.42,135.5,135.63,135.74,135.82,135.8,135.98,136.22,136.31,136.74,136.92,137.2,137.4,137.58,137.68,137.73,137.9,137.97,137.83
118,"0118 Azúcar,  chocolate y dulces de azúcar ",0.6286,101.12,101.51,102.19,103.76,104.89,105.24,105.67,105.98,106.32,106.7,106.88,107.05,107.33,107.51,107.99,109.42,109.95,110.32,110.92,111.27,111.58,111.76,111.97,112.25,112.27,112.34,113.02,114.66,115.76,118.58,119.86,120.44,122.81,127.72,130.83,133.66,134.74,134.01,133.62,133.3,133.53,135.73,138.04,138.63,138.61,138.92,138.23,138.47,138.18,137.6,137.81,138.5,138.8,139.56,139.93,140.38,140.62,140.83,141.09,141.15,142.02,142.64,143.1,143.25,143.32,144.23,144.94,145.58,145.77,146.16,146.53
1181,01181 Azúcar,0.4395,100.81,101.31,102.11,103.83,105.24,105.67,105.85,106.13,106.35,106.61,106.83,106.77,107.01,107.19,107.38,107.6,107.59,107.89,108.09,108.19,108.35,108.36,108.53,108.65,108.51,108.51,108.84,109.09,110.48,114.73,116.15,116.72,119.83,126.65,131.36,135.05,136.43,135.57,134.77,133.92,133.72,136.85,139.34,139.69,139.61,139.69,139.08,138.86,138.32,137.67,137.46,137.04,137.46,138.17,138.13,138.13,138.04,138.11,138.15,138.15,138.37,138.72,138.88,138.94,138.83,139.82,140.79,141.04,141.2,141.48,141.69
118101,0118101 Azúcar morena,0.3832,100.82,101.38,102.25,103.87,105.27,105.65,105.78,106.04,106.2,106.41,106.64,106.56,106.78,106.98,107.15,107.37,107.35,107.64,107.82,107.92,108.06,108.09,108.29,108.4,108.24,108.22,108.58,108.83,110.28,114.63,116.04,116.61,119.86,126.82,130.82,132.77,133.29,132.4,131.83,131.13,131.26,134.85,137.75,138.27,138.24,138.45,137.86,137.56,136.92,136.17,135.84,135.37,135.78,136.5,136.52,136.51,136.48,136.59,136.58,136.61,136.95,137.36,137.56,137.69,137.54,138.63,139.64,139.92,140.1,140.45,140.72
118102,0118102 Azúcar blanca refinada,0.0563,100.72,100.84,101.21,103.57,105.06,105.77,106.35,106.74,107.37,107.96,108.12,108.21,108.56,108.64,108.99,109.16,109.23,109.61,109.93,110.03,110.27,110.17,110.18,110.35,110.34,110.49,110.65,110.87,111.84,115.37,116.9,117.46,119.64,125.54,135.03,150.51,157.76,157.17,154.78,152.86,150.44,150.45,150.16,149.36,148.88,148.14,147.38,147.74,147.85,147.86,148.48,148.39,148.88,149.53,149.13,149.12,148.61,148.47,148.83,148.6,148.02,147.97,147.86,147.42,147.61,147.88,148.57,148.62,148.69,148.44,148.28
1182,"01182 Dulces, chocolates y golosinas",0.0925,103.3,104.07,104.72,105.18,105.64,106.17,106.91,107.45,108.5,109.74,110.42,111.11,111.71,112.41,113.19,113.94,115.4,116.96,118.47,119.79,120.71,121.5,122.23,122.97,123.52,124.24,124.46,124.7,124.9,125.48,125.83,126.66,127.26,127.75,127.99,128.16,128.76,129.17,129.65,130.21,130.79,131.44,131.99,132.56,133.24,134.02,134.3,134.62,134.96,135.31,135.78,136.26,136.72,137.75,138.93,140.65,141.54,142.41,143.04,143.67,144.39,145.06,145.8,146.11,146.99,147.91,149.34,150.31,151.19,151.84,152.45
118202,0118202 Chocolates dulces,0.0161,104.54,105.84,106.62,107.99,108.66,109.15,109.5,110.22,111.55,112.35,112.7,113.31,113.65,113.98,114.44,115.64,117.94,119.12,120.18,121.28,122.21,122.59,123.89,124.79,125.4,125.78,126.02,126.29,126.71,127.69,128.69,129.33,130.07,130.61,130.58,130.97,131.74,131.98,132.54,132.67,132.89,133.43,134.43,135.34,136.02,137.13,138.04,139.15,139.99,140.65,141.22,141.96,143.38,146.12,148.04,151.08,153.52,155.05,156.34,157.86,159.52,160.89,161.54,161.4,162.26,164.1,165.32,166.61,168.03,168.81,169.83
118204,0118204 Miel,0.0566,103.65,104.46,105.21,105.6,106.09,106.72,107.81,108.42,109.65,111.23,112.08,112.88,113.62,114.38,115.34,115.94,117.07,117.47,117.48,117.95,118.23,118.5,118.75,119.01,119.23,119.52,119.39,119.24,119.18,119.47,119.41,120.34,120.84,121.24,121.52,121.59,122.04,122.39,122.69,122.99,123.5,124.06,124.38,124.81,125.41,125.92,125.93,125.92,125.99,126.31,126.73,127.17,127.21,128.03,129.25,131.01,131.62,132.36,132.78,133.2,133.65,133.98,134.68,135.11,135.86,136.47,138.04,138.98,139.76,140.18,140.74
118205,0118205 Mentas y Chiclets,0.0198,101.3,101.54,101.76,101.73,101.93,102.16,102.23,102.45,102.73,103.36,103.81,104.25,104.69,105.5,106.05,106.83,108.53,113.75,119.89,123.85,126.6,129.2,130.8,132.81,134.25,136.49,137.69,139.05,139.82,140.89,141.89,142.55,143.34,144.07,144.4,144.64,145.57,146.29,147.2,148.85,149.93,150.96,151.77,152.46,153.38,154.68,155.23,155.83,156.56,156.71,157.25,157.67,158.53,158.78,159.24,159.77,160.23,160.94,161.62,162.14,162.87,163.93,164.88,165.19,166.44,167.54,168.7,169.49,170.25,171.43,171.87
1183,01183 Helados,0.0966,100.46,99.96,100.13,102.1,102.57,102.37,103.66,103.92,104.08,104.17,103.74,104.42,104.6,104.29,105.8,113.34,115.49,114.98,116.6,117.12,117.55,117.9,117.79,118.36,118.63,118.38,121.1,130.36,131.03,129.47,131.05,131.42,132.09,132.54,131.1,132.63,132.79,131.55,132.19,133.47,135.29,134.74,137.9,139.59,139.25,140.11,138.12,140.37,140.61,139.52,141.35,147.3,146.9,147.65,149.08,150.38,151.46,151.68,152.58,152.41,156.35,158.14,159.7,160.16,160.21,160.79,159.6,161.7,161.4,162.06,162.91
118301,0118301 Helados,0.0697,100.09,99.38,99.54,102.26,102.77,102.24,103.73,103.82,103.84,103.9,103.19,103.95,104.08,103.35,105.37,115.7,118.45,117.42,119.38,119.9,120.14,120.32,119.94,120.58,120.75,120.23,123.75,136.3,137.18,134.94,136.89,137.22,137.56,137.77,135.74,137.63,137.63,135.83,136.66,138.28,140.65,139.88,144.21,146.48,145.82,146.79,143.92,146.91,147.08,145.52,148,156.01,155.35,156.34,157.91,159.37,160.63,160.77,161.79,161.25,166.44,168.67,170.64,171.14,171.17,171.96,170.09,172.59,171.75,172.29,173.12
118302,0118302 Hielo,0.0269,101.42,101.46,101.66,101.71,102.06,102.73,103.46,104.16,104.71,104.89,105.17,105.64,105.95,106.73,106.93,107.22,107.8,108.63,109.37,109.9,110.82,111.62,112.2,112.61,113.13,113.56,114.2,114.94,115.09,115.26,115.9,116.36,117.91,118.99,119.05,119.65,120.25,120.44,120.59,121,121.38,121.4,121.52,121.73,122.2,122.77,123.08,123.41,123.83,123.94,124.09,124.7,124.98,125.13,126.18,127.07,127.69,128.13,128.7,129.47,130.2,130.82,131.32,131.67,131.77,131.81,132.4,133.45,134.55,135.52,136.41
119,0119 Otros productos alimenticios,1.2906,104.54,105.56,106.87,107.91,108.74,109.42,109.75,110.57,111.61,112.1,112.37,112.74,113.46,114.96,115.93,116.7,117.6,118.49,119.45,120.11,121.03,122.26,122.29,122.44,123.51,125.36,127.19,128.67,129.68,130.53,131.43,132.17,133.78,134.43,134.81,135.5,137.03,137.72,137.54,137.1,136.96,137.48,138.05,138.68,139.72,141,140.93,140.93,141.32,141.6,141.7,142.52,143.42,143.65,143.73,144.28,144.96,145.63,146.7,148.58,152,153.13,153.64,154.05,154.56,155.26,156.26,157.93,158.96,159.17,159.61
1191,01191 Sal,0.0265,103.11,104.07,104.96,105.6,106.23,106.9,107.56,108.49,109.37,110.2,110.88,111.6,112.23,113.92,115.07,116.94,119.23,121.32,123.32,125.01,127.07,128.58,129.46,130.21,131.36,132.56,133.49,134.48,135.65,136.11,136.49,137.05,137.47,137.86,138.52,138.95,139.1,139.47,139.88,140.4,141.49,142.5,143.37,144.33,145.26,146.17,147.2,147.88,148.08,148.4,149.11,150.14,151.27,152.03,152.8,153.21,153.46,153.86,154.21,154.42,155.16,155.54,156.25,157.16,157.58,158.35,159.01,159.41,160.38,162.08,163.58
119101,0119101 Sal,0.0265,103.11,104.07,104.96,105.6,106.23,106.9,107.56,108.49,109.37,110.2,110.88,111.6,112.23,113.92,115.07,116.94,119.23,121.32,123.32,125.01,127.07,128.58,129.46,130.21,131.36,132.56,133.49,134.48,135.65,136.11,136.49,137.05,137.47,137.86,138.52,138.95,139.1,139.47,139.88,140.4,141.49,142.5,143.37,144.33,145.26,146.17,147.2,147.88,148.08,148.4,149.11,150.14,151.27,152.03,152.8,153.21,153.46,153.86,154.21,154.42,155.16,155.54,156.25,157.16,157.58,158.35,159.01,159.41,160.38,162.08,163.58
1192,"01192 Condimentos, especies y aderezos",0.7642,106.18,106.32,106.32,106.7,107.14,107.64,107.84,108.6,109.88,110.42,110.65,111.17,112.17,114.3,115.68,116.42,117.51,118.59,119.65,120.51,121.7,123.36,123.3,123.29,124.17,124.82,126.37,127.19,127.52,128.37,129.27,130.14,132.45,133.13,133.59,134.35,136.7,137.56,136.98,135.94,135.59,136.08,136.53,137.18,138.25,139.91,139.56,139.28,139.77,140.34,140.31,141.06,141.96,142.28,142.32,142.94,143.77,144.59,146.35,149.22,154.65,154.75,153.47,152.59,152.84,153.33,153.98,156.43,157.97,157.37,157.78
119201,0119201 Pasta de tomate,0.3124,107.94,108.99,109.49,110.1,110.79,111.21,111.61,112.15,112.85,113.26,113.56,113.72,114,117.9,121.47,123.36,124.78,125.71,126.89,127.89,129.01,129.92,130.26,130.81,131.12,131.43,132.71,134.75,136.05,137.43,138.39,138.94,139.23,139.59,139.92,140.08,140.51,140.76,140.99,141.37,141.79,141.94,142.1,142.51,142.8,142.95,143.28,143.5,143.71,143.95,145.84,148.03,149.21,150.03,150.1,150.76,151.14,153.03,157.56,160.04,162.23,163.83,164.71,165.54,166.28,167.06,167.83,168.82,169.26,170.04,170.64
119202,0119202 Verduras,0.1705,107.21,104.87,102.61,101.79,101.2,101.85,101.06,102.33,105.22,105.77,105.35,106.49,109.97,111.38,110.22,108.48,109.25,111.46,112.36,112.35,114.07,117.78,115.96,113.72,116.34,117.25,120.49,118.76,116.63,116.68,118.01,120.2,128.97,130.57,132.21,134.03,143.23,146.2,142.63,136.56,133.66,134.88,135.91,137.62,140.98,147.53,144.81,142.54,143.91,145.48,141.52,140.08,141.02,140.36,139.98,140.39,142.89,142.31,141.12,148.61,167.79,164.43,156.05,148.66,147.36,146.93,147.23,155.46,160.48,155.82,155.5
119203,0119203 Sazón en polvo,0.0937,103.14,103.84,104.96,105.97,106.98,107.56,108.55,109.21,110.07,110.57,111.23,111.41,111.63,112.47,112.7,113.25,113.9,114.15,114.82,115.87,116.55,117.71,117.96,118.5,119.1,120.23,121.43,122.45,123.22,124.01,124.62,124.8,125.48,125.76,125.55,126.48,126.72,127.33,127.83,128.31,128.86,129.4,129.99,130.28,130.63,131.22,131.45,131.64,131.63,131.99,132.16,132.76,133.22,133.59,133.92,134.89,135.07,135.47,135.96,136.52,137.4,138.54,139.66,140.7,141.15,141.73,142.31,142.52,143.19,143.52,143.58
119204,0119204 Sazón líquido,0.0415,103.14,103.82,104.25,104.69,105.22,105.46,105.83,106.5,107.43,107.99,108.4,108.99,109.31,109.76,109.99,110.93,112.01,112.51,113.09,114.39,114.91,115.78,116.51,116.99,117.49,118.71,119.67,120.81,121.56,122.57,123.37,124.1,124.58,125.09,125.41,126.33,126.92,127.46,127.39,128.07,128.79,129.3,129.81,129.9,130.57,130.93,131.33,131.51,131.98,132.43,133.18,134.16,134.69,134.91,135.05,136.29,136.69,137.55,137.9,138.46,139.41,140.12,141.03,142.36,144.32,145.59,147.14,148.53,149.96,150.58,151.16
119205,0119205 Mayonesa,0.0545,103.81,104.45,105.24,106.85,108.13,108.59,109.31,110.7,112.58,114.01,114.71,116.05,116.37,116.87,117.76,120.02,121.7,122.61,125.06,127.19,129.48,132.05,132.89,134.21,134.53,135.31,136.14,138.18,139.25,140.28,141.03,141.56,142.78,144.04,143.43,144.55,144.93,144.61,145.03,145.55,145.75,146.35,146.59,146.76,147.75,147.98,148.44,149.48,149.78,150.02,149.64,149.77,150.7,150.99,151.36,151.66,151.95,152.3,152.96,153.25,153.76,152.96,152.91,155.1,155.33,156.27,156.54,157.48,157.87,157.93,159.88
119206,0119206 Vinagre,0.0364,103.63,104.22,105.01,105.45,105.81,106.43,106.64,107.25,107.91,108.35,108.94,109.51,109.87,110.34,111,111.21,111.59,111.89,112.34,112.97,113.68,114.34,115.15,115.9,116.1,116.4,116.98,117.23,117.87,118.28,118.57,119.08,119.57,119.72,119.79,120.07,120.42,120.8,121.05,121.13,121.01,120.96,121.53,122.06,122.76,122.86,123.38,123.71,123.99,124.54,124.97,125.33,125.87,126.49,126.61,126.9,127.39,127.89,128.33,128.66,129,129.79,130.12,130.32,130.49,130.54,131.16,131.45,131.94,132.43,132.88
119207,0119207 Canela,0.0257,106.69,107.54,108.58,109.08,109.24,110.01,110.35,110.37,110.56,110.57,110.69,110.94,111.32,111.62,111.83,112.39,113.08,113.68,114.36,114.76,115.07,115.17,115.75,116.26,116.8,117,117.14,117.39,117.64,117.91,118.26,118.51,118.51,118.75,118.94,119.35,119.38,119.2,119.49,119.58,119.61,119.85,119.94,120.21,120.35,120.78,120.88,121.02,121.6,121.56,121.82,122.06,122.39,122.42,122.71,123.07,123.3,123.57,123.81,123.86,124.12,124.46,124.65,125.54,126.46,127.29,127.75,127.93,128.08,128.35,128.56
119208,0119208 Orégano,0.0083,101.47,101.52,101.46,101.25,101.23,101.09,101.06,100.97,101.04,100.62,100.71,100.77,100.82,101.17,101.32,101.41,101.79,102.24,102.47,102.43,102.45,102.79,102.88,102.86,103.31,103.23,103.38,103.65,103.88,104.22,104.45,104.43,104.77,104.92,105.26,105.9,106.18,106.59,107.06,107.32,107.67,108.21,108.19,108.28,108.95,109.13,109.31,109.54,109.95,110.34,110.46,110.54,110.69,111.13,111.48,112.06,112.5,112.77,113.15,113.78,115.09,115.7,116.28,118.04,118.72,120.15,121.09,121.74,121.98,122.18,122.78
119209,0119209 Catchup,0.0211,102.94,103.37,103.67,104.36,104.96,105.39,105.61,106.05,106.63,107.84,108.54,109.04,109.41,110.53,111.67,113.2,114.4,115.94,117.72,119.59,120.72,122.42,123.2,124,124.69,125.94,126.45,127.22,127.83,128.37,128.87,129.59,130.16,130.25,130.43,130.78,130.88,131.15,131.29,131.74,132.17,132.43,132.77,133.27,133.4,133.69,134.08,134.35,134.73,135.09,135.66,136.03,136.57,137.27,137.64,138.25,138.91,139.34,140.06,141.25,142.31,142.98,143.56,144.15,144.57,145.2,146.42,147.08,147.58,148,148.82
1193,01193 Otros productos alimenticios,0.4999,102.11,104.47,107.8,109.87,111.33,112.28,112.79,113.69,114.37,114.77,115.08,115.21,115.5,116.03,116.35,117.12,117.64,118.19,118.93,119.24,119.69,120.26,120.36,120.73,122.09,125.81,128.1,130.62,132.66,133.52,134.47,135.03,135.61,136.23,136.46,137.06,137.43,137.87,138.28,138.69,138.81,139.36,140.09,140.67,141.68,142.39,142.69,143.07,143.33,143.16,143.43,144.34,145.23,145.32,145.4,145.85,146.31,146.79,146.83,147.29,147.78,150.52,153.76,156.11,157.04,158.04,159.59,160.15,160.41,161.76,162.19
119301,0119301 Caldo de pollo,0.4058,101.11,103.74,107.57,109.88,111.3,112.31,112.78,113.7,114.36,114.65,114.87,114.89,115.11,115.59,115.81,116.57,116.9,117.28,117.92,118.1,118.37,118.79,118.68,118.94,120.24,124.53,127.08,129.81,132.09,132.96,133.9,134.45,135.01,135.79,136.04,136.7,137.11,137.54,138.03,138.47,138.55,139.17,140,140.67,141.8,142.59,142.92,143.33,143.56,143.29,143.58,144.45,145.19,145.11,145.03,145.46,145.92,146.39,146.4,146.86,147.32,150.56,154.41,157.2,158.08,159.1,160.66,161.15,161.36,162.9,163.32
119302,0119302 Compota,0.0684,106.29,107.51,108.61,109.72,111.6,112.27,112.82,113.46,114.12,115.01,115.69,116.22,116.57,117.21,117.93,118.44,119.3,120.22,120.83,121.14,121.78,122.33,122.6,123.08,124.64,125.87,126.97,128.56,129.68,130.61,131.5,132.17,132.91,133.16,133.32,133.87,134.08,134.88,135.04,135.2,135.47,135.74,136.06,136.18,136.75,137.06,137.19,137.43,137.75,138.04,138.14,139.66,141.63,142.68,143.65,144.15,144.36,144.82,145.05,145.44,145.99,146.6,147.32,147.79,149.25,150.34,152.22,153.11,153.69,154.38,154.92
119303,0119303 Sopa instantánea (sopa china),0.0257,106.75,107.97,109.23,110.1,111.08,111.92,112.91,114.07,115.21,116.14,116.76,117.61,118.65,119.78,120.54,122.4,124.97,127.13,129.72,132.21,134.86,137.88,140.83,142.69,144.58,145.94,147.33,148.92,149.63,150.18,151.3,151.79,152.2,151.44,151.48,151.21,151.37,151.07,150.95,151.51,151.75,151.92,152.36,152.68,152.86,153.47,153.69,154.12,154.52,154.78,155.07,155.2,155.47,155.57,155.87,156.56,157.71,158.34,158.45,158.99,159.83,160.34,160.72,160.99,161.48,161.86,162.25,163.06,163.27,163.41,163.72
12,012 Bebidas No Alcohólicas,2.7914,102.58,102.9,103.22,103.76,104.33,105.06,105.95,106.5,106.84,107.18,108.86,109.92,110.32,112.09,113.97,114.74,115.47,116.15,117.3,118.01,118.62,119.2,119.98,120.53,120.83,121.26,121.65,122.18,123.08,123.4,123.79,124.3,125.97,126.83,127.36,127.91,128.82,130.04,130.73,132.02,132.8,133.28,133.93,134.64,135.27,135.76,136.28,136.66,136.93,137.19,138.28,141.33,142.72,143.28,144.61,145.49,145.72,146,146.6,147.2,147.8,150.03,152.36,153.59,154.28,154.66,157.91,159.85,161.27,162.07,163.39
121,0121 Café y cacao ,0.5763,102.4,102.52,102.79,103.06,103.45,103.69,103.84,104.08,104.19,104.26,104.28,104.51,104.45,111.5,119.18,121.16,121.78,122.03,122.25,122.49,122.47,122.63,122.65,122.77,122.47,122.95,123.52,123.79,124.1,124.25,124.39,124.72,127.74,128.42,128.61,128.75,128.76,128.83,128.96,128.9,129.31,129.56,130.13,130.8,131.44,132.97,133.91,134.46,134.84,135.17,139.79,152.08,156.71,158.2,158.65,159.15,159.23,159.38,159.55,159.55,159.89,168.4,178.22,181.08,182.38,183.53,192.38,193.8,193.76,194.18,194.29
1211,01211 Café ,0.4353,100.84,100.85,100.89,100.93,100.99,101.08,101.12,101.31,101.36,101.36,101.39,101.58,101.49,110.68,120.75,123.24,123.97,124.32,124.37,124.55,124.43,124.6,124.63,124.78,124.34,124.61,124.84,124.83,125,125.09,125.2,125.52,129.41,130.34,130.58,130.69,130.69,130.73,130.82,130.73,130.89,130.91,131.03,131.02,131.05,131.09,131.16,131.13,131.07,130.98,136.47,152.02,157.3,158.36,158.62,159.09,159.07,159.05,159.22,159.17,159.38,170.43,183.25,186.83,188.39,189.76,201.31,203.01,203.08,203.47,203.55
121101,0121101 Café,0.4353,100.84,100.85,100.89,100.93,100.99,101.08,101.12,101.31,101.36,101.36,101.39,101.58,101.49,110.68,120.75,123.24,123.97,124.32,124.37,124.55,124.43,124.6,124.63,124.78,124.34,124.61,124.84,124.83,125,125.09,125.2,125.52,129.41,130.34,130.58,130.69,130.69,130.73,130.82,130.73,130.89,130.91,131.03,131.02,131.05,131.09,131.16,131.13,131.07,130.98,136.47,152.02,157.3,158.36,158.62,159.09,159.07,159.05,159.22,159.17,159.38,170.43,183.25,186.83,188.39,189.76,201.31,203.01,203.08,203.47,203.55
1212,01212 Chocolates para bebidas,0.141,107.21,107.69,108.69,109.63,111.03,111.73,112.21,112.64,112.95,113.23,113.2,113.57,113.59,114.02,114.33,114.76,115.01,114.95,115.69,116.1,116.43,116.54,116.52,116.55,116.7,117.84,119.44,120.59,121.32,121.67,121.89,122.22,122.59,122.51,122.54,122.76,122.82,122.97,123.22,123.25,124.43,125.41,127.35,130.1,132.65,138.79,142.37,144.72,146.48,148.13,150.05,152.27,154.86,157.7,158.76,159.34,159.76,160.4,160.58,160.72,161.47,162.16,162.71,163.33,163.83,164.29,164.82,165.33,164.97,165.5,165.69
121201,0121201 Chocolate en barra,0.0995,107.08,107.56,108.66,109.68,111.27,111.95,112.39,112.85,113.01,113.33,113.07,113.48,113.4,113.42,113.62,113.93,114.15,113.94,114.64,114.91,115.31,115.31,115.12,115.12,115.23,116.37,118.08,118.92,119.62,119.86,120.04,120.41,120.89,120.6,120.61,120.82,120.85,120.98,121.23,121.22,122.6,123.86,125.78,128.49,130.71,137.4,141.33,143.71,145.7,147.43,149.59,151.74,154.45,157.85,158.97,159.44,159.83,160.46,160.7,160.84,161.65,162.36,162.81,163.39,163.76,164.03,164.45,165,164.57,165.23,165.42
121202,0121202 Chocolate en polvo,0.0415,107.5,108.01,108.75,109.53,110.45,111.2,111.77,112.14,112.81,112.97,113.49,113.79,114.04,115.47,116.04,116.75,117.08,117.37,118.2,118.97,119.11,119.49,119.88,119.96,120.24,121.36,122.72,124.59,125.41,126.01,126.33,126.57,126.69,127.09,127.18,127.41,127.55,127.75,128,128.15,128.83,129.13,131.13,133.98,137.31,142.13,144.86,147.14,148.36,149.79,151.15,153.54,155.83,157.34,158.25,159.1,159.59,160.26,160.28,160.44,161.04,161.68,162.47,163.17,164.01,164.92,165.71,166.14,165.92,166.14,166.36
122,"0122 Aguas minerales, refrescos y jugos de frutas",2.215,102.62,102.99,103.33,103.95,104.55,105.42,106.5,107.13,107.52,107.94,110.06,111.33,111.85,112.25,112.61,113.07,113.82,114.62,116.01,116.85,117.62,118.31,119.29,119.94,120.4,120.82,121.16,121.76,122.82,123.17,123.63,124.19,125.51,126.42,127.03,127.69,128.83,130.35,131.18,132.84,133.7,134.25,134.92,135.64,136.27,136.48,136.9,137.23,137.48,137.71,137.88,138.53,139.08,139.4,140.95,141.94,142.2,142.52,143.23,143.98,144.66,145.25,145.63,146.44,146.97,147.14,148.94,151.02,152.82,153.71,155.35
1221,01221 Refrescos,0.7101,101.83,102.14,102.32,103.34,104.09,104.76,105.16,105.59,105.83,106.4,112.08,115.37,116.25,117.08,117.54,117.92,118.42,118.87,119.12,119.52,119.92,120.51,121.32,122.1,123,123.62,123.92,124.45,125.09,125.29,125.6,126.51,128.61,130.4,131.09,132.32,133.35,133.67,133.81,134.39,134.55,134.79,134.93,135.19,135.43,135.38,135.82,135.88,135.87,135.81,135.82,136.99,137.55,137.84,137.9,138.32,138.16,138.86,139.35,140.15,141.01,141.61,141.93,143.2,144.43,144.76,146.23,147.83,150.28,151.39,152.81
122101,0122101 Refrescos,0.658,101.87,102.18,102.37,103.45,104.23,104.97,105.39,105.83,106.08,106.7,112.84,116.37,117.3,118.17,118.65,119.02,119.54,120.02,120.22,120.47,120.75,121.29,122.13,122.92,123.86,124.5,124.83,125.4,126.09,126.31,126.62,127.61,129.88,131.81,132.54,133.85,134.97,135.33,135.46,136.07,136.23,136.48,136.61,136.85,137.06,137.02,137.48,137.52,137.5,137.4,137.38,138.63,139.23,139.54,139.58,140.02,139.84,140.61,141.13,141.98,142.88,143.53,143.87,145.22,146.53,146.91,148.49,150.22,152.85,154.02,155.54
122103,0122103 Bebidas hidratantes,0.0521,101.4,101.59,101.63,101.96,102.23,102.11,102.25,102.56,102.68,102.66,102.52,102.7,102.96,103.24,103.49,104.04,104.28,104.35,105.19,107.56,109.5,110.6,111.09,111.73,112.17,112.48,112.45,112.54,112.46,112.34,112.64,112.6,112.56,112.63,112.82,112.97,112.87,112.74,113.07,113.16,113.32,113.51,113.64,114.19,114.8,114.62,114.77,115.17,115.33,115.67,116.12,116.33,116.32,116.41,116.77,116.94,116.85,116.86,116.87,117.09,117.45,117.28,117.43,117.66,117.79,117.66,117.77,117.66,117.78,118.17,118.35
1222,01222 Jugos y aguas minerales,1.5049,103,103.39,103.81,104.24,104.77,105.74,107.13,107.86,108.33,108.67,109.1,109.42,109.77,109.97,110.29,110.79,111.65,112.61,114.54,115.59,116.53,117.27,118.33,118.93,119.17,119.5,119.85,120.48,121.75,122.18,122.7,123.1,124.06,124.54,125.11,125.51,126.7,128.79,129.94,132.1,133.3,133.99,134.92,135.85,136.66,137,137.41,137.87,138.23,138.61,138.86,139.25,139.81,140.13,142.39,143.64,144.1,144.25,145.07,145.79,146.38,146.97,147.38,147.96,148.17,148.27,150.22,152.52,154.02,154.81,156.55
122201,0122201 Agua purificada,0.8856,103.5,104.07,104.43,104.88,105.58,107.07,109.21,110.11,110.69,111.12,111.49,112.01,112.43,112.66,113.01,113.46,114.4,115.43,118.21,119.65,120.59,121.35,122.28,122.94,123.09,123.36,123.61,123.87,124.19,124.26,124.61,125.14,126.42,126.95,127.44,127.9,128.45,129.02,129.15,129.34,129.39,129.5,130.5,131.78,132.86,133.29,133.75,134.18,134.64,135.11,135.33,135.8,136.62,137.15,140.73,142.38,143.07,143.27,144.13,145.15,145.63,146.2,146.58,147.25,147.46,147.55,150.34,153.91,156.27,157.51,160.25
122202,0122202 Jugos envasados,0.2234,102.53,102.59,103.11,103.36,103.58,103.58,103.73,103.78,103.71,103.92,104.6,104.45,104.68,104.68,104.78,105.45,105.79,106.19,106.82,106.67,107.37,107.62,109.84,110.16,110.39,111,111.62,112,112.85,113.09,113.6,113.58,113.72,114.26,115.64,115.93,117.61,118.91,120.17,120.56,121.56,121.63,122.1,122.44,122.83,122.45,122.78,123.65,123.58,123.75,124.06,124.22,124.48,124.48,124.51,125.26,125.25,125.18,126.61,126.79,127.06,127.6,127.68,128.03,128.03,128.28,129.07,129.33,129.69,129.57,130.21
122203,0122203 Jugos en polvo,0.0534,103.11,103.57,103.87,104.26,104.74,105.55,107.99,111.28,113.78,115.2,116.28,116.73,117.05,117.43,117.82,118.24,118.6,118.79,119.59,120.03,120.28,120.79,121.79,122.07,122.2,122.69,123.09,123.74,124.32,124.67,125.08,125.26,125.71,125.96,125.93,126.46,126.94,127.66,129.01,129.87,130.72,131.11,131.64,132.44,133.04,133.71,134.6,135.3,136.55,136.98,137.46,137.76,137.86,138.07,138.84,139.41,140.06,140.15,140.68,140.82,141.01,141.18,141.4,141.41,141.53,141.26,141.9,142.19,142.42,142.42,142.62
122204,0122204 Jugo de naranja pasteurizado,0.3426,102,102.16,102.64,103.14,103.49,103.72,103.84,104.18,104.38,104.42,104.73,104.83,105.08,105.31,105.67,106.2,107.3,108.57,109.28,110.22,111.41,112.48,113.11,113.77,114.29,114.58,115.01,116.75,120.84,122.31,123.34,123.68,124.44,124.79,125.15,125.45,128.06,134.81,138.52,147.12,151.48,154.11,155.19,155.66,156.08,156.59,156.86,157.08,157.34,157.58,157.86,158.22,158.33,158.38,158.89,159.56,159.71,159.87,160.21,160.6,161.74,162.47,163.23,163.84,164.18,164.25,164.99,165.66,165.89,166.23,166.32
2,02 Bebidas Alcohólicas y Tabaco,2.3591,102.23,103.12,103.65,104.66,105.43,105.83,106.34,107.47,110.48,111.98,112.88,113.84,114.87,115.84,116.57,117.72,118.45,118.89,119.55,120.79,121.53,121.28,120.41,119.87,119.59,121.4,122.89,123.59,123.92,124.08,124.25,124.41,124.67,124.93,125.08,125.23,125.38,125.57,125.76,126.1,126.22,126.37,126.53,126.68,126.98,127.13,127.24,129.69,131.78,132.5,133.22,133.73,133.92,134.06,134.12,134.36,134.46,134.65,135.87,138.03,139,139.48,140.03,140.49,140.74,140.98,141.26,141.52,141.82,142.07,142.39
21,021 Bebidas Alcohólicas,2.1397,102.13,103.09,103.65,104.74,105.45,105.81,106.33,107.54,110.82,112.45,113.42,114.45,115.56,116.61,117.39,118.64,119.36,119.77,120.46,121.8,122.58,122.27,121.3,120.69,120.36,122.33,123.94,124.57,124.81,124.92,125.07,125.2,125.43,125.65,125.78,125.92,126.05,126.23,126.41,126.68,126.7,126.79,126.93,127.04,127.32,127.45,127.53,130.15,132.37,133.12,133.87,134.31,134.42,134.52,134.54,134.78,134.86,135.05,136.37,138.72,139.74,140.22,140.67,141,141.16,141.3,141.54,141.76,142.05,142.27,142.59
211,0211 Bebidas destiladas ,0.4947,103.47,103.96,104.24,104.66,105.04,105.25,105.47,105.74,106.13,106.53,106.82,107.09,108.17,109.3,109.89,110.57,111.16,111.51,111.91,113.78,115.47,116.34,116.77,117.36,118.18,119.29,120.25,121.08,121.74,122.17,122.58,123.76,124.9,125.76,126.34,126.7,127,127.48,127.69,128.19,128.44,128.58,128.88,129.7,130.51,131.07,131.43,131.86,132.07,132.33,132.6,133.09,133.32,133.58,133.83,134.28,134.44,134.77,135.04,135.23,135.69,135.92,136.34,136.79,137.07,137.15,137.37,137.59,138.07,138.36,138.83
2111,02111 Bebidas destiladas,0.4947,103.47,103.96,104.24,104.66,105.04,105.25,105.47,105.74,106.13,106.53,106.82,107.09,108.17,109.3,109.89,110.57,111.16,111.51,111.91,113.78,115.47,116.34,116.77,117.36,118.18,119.29,120.25,121.08,121.74,122.17,122.58,123.76,124.9,125.76,126.34,126.7,127,127.48,127.69,128.19,128.44,128.58,128.88,129.7,130.51,131.07,131.43,131.86,132.07,132.33,132.6,133.09,133.32,133.58,133.83,134.28,134.44,134.77,135.04,135.23,135.69,135.92,136.34,136.79,137.07,137.15,137.37,137.59,138.07,138.36,138.83
211101,0211101 Whisky,0.0867,103.09,103.46,103.92,104.56,105.1,105.47,105.71,106.09,106.68,107.29,108.02,108.72,109.54,110.27,110.83,111.66,112.34,113.01,113.67,114.75,115.9,116.44,116.96,117.69,118.23,118.8,119.41,120.24,121.49,121.76,122.15,122.36,122.4,122.66,122.9,123,123.31,123.42,123.06,123.78,124.25,124.25,124.69,124.93,125.11,124.64,125.28,125.65,125.34,126.08,126.22,126.91,127.28,127.39,127.46,128.48,128.98,128.92,129.5,129.48,130.73,131.26,131.99,132.74,133.24,132.84,133.23,133.29,133.52,133.54,134.33
211102,0211102 Ron añejo,0.2786,103.59,104.11,104.27,104.66,105.04,105.21,105.45,105.71,106.09,106.44,106.64,106.8,107.95,109.27,109.86,110.57,111.12,111.38,111.75,113.86,115.66,116.52,116.91,117.54,118.35,119.57,120.6,121.53,122.05,122.53,122.79,124.46,126.1,127.25,127.86,128.23,128.6,129.27,129.54,129.95,130.12,130.35,130.6,131.64,132.84,133.75,134,134.48,134.72,134.94,135.22,135.72,135.76,136.04,136.34,136.73,136.9,137.32,137.56,137.8,138.18,138.42,138.82,139.31,139.52,139.66,139.83,140,140.71,141.2,141.59
211103,0211103 Ron blanco,0.0615,103.84,104.38,104.82,105.22,105.56,105.77,105.92,106.15,106.37,106.79,107.04,107.18,108.3,109.48,110.23,110.85,111.35,111.69,111.99,114.12,116.44,117.77,118.38,118.8,120.14,121.49,122.54,123.1,123.58,124.19,124.93,125.83,126.88,127.57,128.29,128.78,129,129.48,130.04,130.82,130.99,131.1,131.36,132.47,133.25,133.42,133.93,134.17,134.77,134.89,135.35,135.75,136.03,136.41,136.62,136.9,136.53,137.18,137.37,137.68,137.82,137.95,138.43,138.54,138.95,139.12,139.33,139.67,139.8,140.08,140.2
211104,0211104 Ron dorado,0.068,103.13,103.63,103.98,104.24,104.48,104.7,104.84,105.03,105.36,105.67,105.87,106.12,107.17,108.03,108.5,108.96,109.66,109.94,110.23,111.9,113.24,114.14,114.52,114.87,115.64,116.77,117.77,118.5,119.11,119.41,120.13,120.77,121.37,121.95,122.69,123.3,123.35,123.53,123.88,124.22,124.56,124.55,124.95,125.35,125.35,126.21,126.44,126.94,127.36,127.3,127.56,127.81,128.61,128.86,129.14,129.22,129.43,129.65,129.63,129.79,129.92,129.74,129.81,130.01,130.21,130.58,130.8,131.34,131.49,131.3,132.02
212,0212 Vino ,0.1212,104.4,105.06,105.75,106.51,107.16,107.7,108.08,108.5,109.04,109.4,109.98,110.42,110.93,111.45,111.94,112.38,112.93,113.28,113.85,114.83,115.42,116.04,116.66,117.4,118.28,119.17,119.96,120.62,121.37,121.88,122.78,122.99,123.27,123.38,123.85,124.19,124.23,124.44,124.78,125.06,125.39,125.42,125.72,126.02,126.25,126.56,126.91,127.01,127.13,127.86,128.31,129.15,129.37,129.69,129.84,130.14,130.43,130.57,131.29,131.67,132.08,132.41,132.74,133.14,133.62,134.28,135.05,135.73,136.29,136.53,137.09
2121,02121 Vinos,0.1212,104.4,105.06,105.75,106.51,107.16,107.7,108.08,108.5,109.04,109.4,109.98,110.42,110.93,111.45,111.94,112.38,112.93,113.28,113.85,114.83,115.42,116.04,116.66,117.4,118.28,119.17,119.96,120.62,121.37,121.88,122.78,122.99,123.27,123.38,123.85,124.19,124.23,124.44,124.78,125.06,125.39,125.42,125.72,126.02,126.25,126.56,126.91,127.01,127.13,127.86,128.31,129.15,129.37,129.69,129.84,130.14,130.43,130.57,131.29,131.67,132.08,132.41,132.74,133.14,133.62,134.28,135.05,135.73,136.29,136.53,137.09
212101,0212101 Vino,0.1212,104.4,105.06,105.75,106.51,107.16,107.7,108.08,108.5,109.04,109.4,109.98,110.42,110.93,111.45,111.94,112.38,112.93,113.28,113.85,114.83,115.42,116.04,116.66,117.4,118.28,119.17,119.96,120.62,121.37,121.88,122.78,122.99,123.27,123.38,123.85,124.19,124.23,124.44,124.78,125.06,125.39,125.42,125.72,126.02,126.25,126.56,126.91,127.01,127.13,127.86,128.31,129.15,129.37,129.69,129.84,130.14,130.43,130.57,131.29,131.67,132.08,132.41,132.74,133.14,133.62,134.28,135.05,135.73,136.29,136.53,137.09
213,0213 Cerveza ,1.5238,101.52,102.65,103.29,104.62,105.45,105.84,106.47,108.05,112.49,114.61,115.84,117.16,118.33,119.39,120.26,121.75,122.54,122.97,123.76,124.96,125.46,124.7,123.15,122.03,121.23,123.56,125.45,126.02,126.08,126.06,126.06,125.84,125.78,125.8,125.75,125.8,125.89,125.96,126.12,126.33,126.24,126.32,126.39,126.25,126.36,126.34,126.32,129.85,132.88,133.8,134.73,135.12,135.18,135.21,135.14,135.31,135.34,135.49,137.2,140.42,141.66,142.23,142.71,142.99,143.09,143.21,143.42,143.59,143.8,144,144.25
2131,02131 Cerveza,1.5238,101.52,102.65,103.29,104.62,105.45,105.84,106.47,108.05,112.49,114.61,115.84,117.16,118.33,119.39,120.26,121.75,122.54,122.97,123.76,124.96,125.46,124.7,123.15,122.03,121.23,123.56,125.45,126.02,126.08,126.06,126.06,125.84,125.78,125.8,125.75,125.8,125.89,125.96,126.12,126.33,126.24,126.32,126.39,126.25,126.36,126.34,126.32,129.85,132.88,133.8,134.73,135.12,135.18,135.21,135.14,135.31,135.34,135.49,137.2,140.42,141.66,142.23,142.71,142.99,143.09,143.21,143.42,143.59,143.8,144,144.25
213101,0213101 Cerveza envasada,1.3131,101.43,102.33,102.94,104.37,105.24,105.61,106.29,108.05,113.14,115.57,116.91,118.39,119.69,120.81,121.59,123.12,123.76,124.05,124.83,125.94,126.2,125.15,123.32,121.91,120.91,123.29,125.32,125.85,125.9,125.88,125.84,125.55,125.51,125.48,125.46,125.51,125.62,125.69,125.81,125.99,125.93,125.97,126.02,125.84,125.93,125.83,125.87,129.88,133.31,134.3,135.33,135.83,135.92,135.92,135.88,136.04,136.05,136.21,138.25,141.89,143.25,143.83,144.33,144.63,144.75,144.82,145.06,145.26,145.5,145.66,145.96
213102,0213102 Malta,0.2107,102.05,104.6,105.51,106.15,106.78,107.32,107.63,108.06,108.43,108.67,109.14,109.47,109.85,110.57,111.93,113.25,114.92,116.25,117.11,118.86,120.89,121.85,122.06,122.79,123.22,125.24,126.29,127.11,127.16,127.17,127.39,127.66,127.43,127.81,127.56,127.57,127.59,127.68,128.04,128.41,128.17,128.53,128.73,128.81,129.04,129.5,129.14,129.67,130.24,130.71,130.99,130.71,130.55,130.8,130.54,130.72,130.94,131.03,130.66,131.25,131.77,132.29,132.6,132.82,132.76,133.18,133.19,133.18,133.23,133.62,133.58
22,022 Tabaco,0.2194,103.19,103.41,103.63,103.87,105.18,106.01,106.47,106.77,107.11,107.44,107.58,107.87,108.14,108.37,108.62,108.82,109.52,110.33,110.68,110.95,111.23,111.54,111.69,111.89,112.12,112.37,112.64,113.96,115.22,115.84,116.32,116.78,117.22,117.92,118.24,118.56,118.87,119.16,119.44,120.43,121.57,122.3,122.59,123.19,123.67,124.03,124.38,125.18,126,126.42,126.86,128.04,129.08,129.52,129.98,130.24,130.63,130.77,131.02,131.32,131.81,132.31,133.75,135.46,136.65,137.79,138.52,139.18,139.63,140.08,140.38
221,0221 Tabaco ,0.2194,103.19,103.41,103.63,103.87,105.18,106.01,106.47,106.77,107.11,107.44,107.58,107.87,108.14,108.37,108.62,108.82,109.52,110.33,110.68,110.95,111.23,111.54,111.69,111.89,112.12,112.37,112.64,113.96,115.22,115.84,116.32,116.78,117.22,117.92,118.24,118.56,118.87,119.16,119.44,120.43,121.57,122.3,122.59,123.19,123.67,124.03,124.38,125.18,126,126.42,126.86,128.04,129.08,129.52,129.98,130.24,130.63,130.77,131.02,131.32,131.81,132.31,133.75,135.46,136.65,137.79,138.52,139.18,139.63,140.08,140.38
2211,02211 Cigarrillos y tabaco,0.2194,103.19,103.41,103.63,103.87,105.18,106.01,106.47,106.77,107.11,107.44,107.58,107.87,108.14,108.37,108.62,108.82,109.52,110.33,110.68,110.95,111.23,111.54,111.69,111.89,112.12,112.37,112.64,113.96,115.22,115.84,116.32,116.78,117.22,117.92,118.24,118.56,118.87,119.16,119.44,120.43,121.57,122.3,122.59,123.19,123.67,124.03,124.38,125.18,126,126.42,126.86,128.04,129.08,129.52,129.98,130.24,130.63,130.77,131.02,131.32,131.81,132.31,133.75,135.46,136.65,137.79,138.52,139.18,139.63,140.08,140.38
221101,0221101 Cigarrillos,0.2194,103.19,103.41,103.63,103.87,105.18,106.01,106.47,106.77,107.11,107.44,107.58,107.87,108.14,108.37,108.62,108.82,109.52,110.33,110.68,110.95,111.23,111.54,111.69,111.89,112.12,112.37,112.64,113.96,115.22,115.84,116.32,116.78,117.22,117.92,118.24,118.56,118.87,119.16,119.44,120.43,121.57,122.3,122.59,123.19,123.67,124.03,124.38,125.18,126,126.42,126.86,128.04,129.08,129.52,129.98,130.24,130.63,130.77,131.02,131.32,131.81,132.31,133.75,135.46,136.65,137.79,138.52,139.18,139.63,140.08,140.38
3,03 Prendas de Vestir y Calzado,4.187,99.19,98.65,98.95,99.21,99.3,99.45,99.5,99.59,99.61,99.66,99.88,99.95,100.14,100.03,100.29,100.4,100.6,100.74,100.91,101.04,101.13,101.18,101.36,101.64,101.36,100.93,101.09,101.23,100.84,101.06,100.75,100.76,100.64,100.47,100.32,100.3,100.16,99.42,99.88,99.63,99.51,99.34,98.99,98.89,98.79,98.73,98.64,98.61,98.43,98.15,98.39,98.12,98.1,97.8,97.94,97.75,97.54,97.4,97.16,97.24,97.05,96.48,96.99,96.72,96.66,96.55,96.53,96.43,96.42,96.14,96.11
31,031 Prendas de Vestir ,2.9124,99.55,99.02,99.48,99.74,99.79,99.98,100.16,100.37,100.34,100.49,100.68,100.84,101,100.92,101.23,101.48,101.75,102.01,102.23,102.46,102.65,102.8,103.08,103.29,102.93,102.48,102.95,103.22,102.93,103.26,102.89,102.79,102.67,102.64,102.57,102.7,102.51,102.15,102.63,102.31,102.2,102.13,101.79,101.77,101.85,101.72,101.74,101.84,101.78,101.61,101.88,101.77,101.78,101.62,101.79,101.73,101.55,101.5,101.37,101.44,101.44,100.82,101.42,101.25,101.32,101.21,101.17,101.15,101.23,100.99,101.1
312,0312 Prendas de vestir ,2.688,99.48,98.9,99.34,99.61,99.66,99.85,100.01,100.22,100.14,100.23,100.41,100.56,100.72,100.6,100.93,101.12,101.4,101.62,101.82,102.01,102.18,102.29,102.6,102.81,102.39,101.91,102.33,102.57,102.23,102.55,102.12,102,101.82,101.77,101.67,101.77,101.55,101.16,101.65,101.27,101.14,101,100.64,100.6,100.67,100.49,100.47,100.56,100.47,100.26,100.49,100.34,100.31,100.13,100.28,100.16,99.95,99.89,99.75,99.8,99.75,99.05,99.7,99.47,99.53,99.41,99.34,99.32,99.36,99.06,99.15
3121,03121 Prendas de vestir para hombre y niño,1.0245,99.49,98.73,99.47,99.82,99.89,100.08,100.33,100.59,100.32,100.46,100.62,100.78,100.83,100.79,101.15,101.31,101.67,102.27,102.58,102.84,102.97,103.12,103.26,103.57,103.15,102.56,103.1,103.62,103.15,103.62,103.47,103.51,103.22,103.16,102.84,102.96,102.68,102.46,103.05,102.71,102.67,102.46,102.06,102.23,102.22,101.96,102.06,102.07,101.94,101.48,102.04,102.02,101.98,101.88,102.19,102.13,102.06,101.71,101.81,102.16,101.92,101.09,101.85,101.74,102.04,101.98,101.91,102.08,102.03,101.5,101.8
312101,0312101 Pantalón sport de hombre,0.4582,98.54,98.05,99,99.35,99.77,100.11,100.22,100.74,100.11,100.31,100.36,100.59,100.45,100.54,100.88,101.16,101.63,102.28,102.71,103.13,103.45,103.51,103.51,103.98,103.2,102.61,103.25,104.4,103.84,104.7,104.6,104.64,103.93,103.7,103.3,103.42,102.94,102.9,103.29,103.06,102.85,102.33,102.12,102.28,102.48,102.03,102.17,101.99,101.8,101.1,102.01,102.1,102.03,101.91,102.32,102.2,102.78,102.26,102.2,102.53,102.58,101.41,102.3,102.41,102.6,102.6,102.54,102.52,102.43,101.65,102
312102,0312102 Poloshirt para hombre,0.2534,100.24,99.13,100.36,100.47,99.72,99.75,100.22,100.04,100.05,99.53,99.66,99.75,99.98,99.57,99.95,100.05,100.05,100.9,101.15,101.23,100.93,101.38,101.72,101.9,101.76,100.99,101.78,101.67,101.08,101.23,101.07,101.08,101.15,101.12,100.47,100.74,100.79,100.39,100.85,99.95,100.21,100.07,99.48,99.37,99.01,98.9,98.94,99.25,99.01,98.77,99,98.93,98.89,98.67,99.08,98.98,98.2,97.93,98.32,98.55,97.87,97.26,98.1,97.85,98.45,97.82,97.79,98.25,97.89,97.37,97.61
312103,0312103 Camisa de vestir para hombre,0.146,99.25,98.18,97.86,98.4,98.54,98.26,98.2,98.25,98.08,98.53,99,99.03,99.04,98.93,99.3,99.11,99.33,99.46,99.68,99.74,99.83,99.89,99.71,99.56,99.03,98.48,98.46,98.28,98.05,97.93,98.14,98.1,98.17,97.94,98.06,97.79,97.41,97.17,98.1,98.02,97.76,97.82,96.79,97.45,97.42,96.98,97.27,96.98,96.97,96.45,96.98,96.97,97.04,97.11,97.23,97.15,96.4,96.02,96.07,96.61,95.73,94.79,95.73,95.42,95.36,95.72,95.34,95.59,95.57,95.1,95.09
312105,0312105 Pantalón de vestir de hombre,0.0643,100.59,99.73,99.06,99.82,99.7,99.82,100.01,100.18,99.68,100,99.77,99.84,99.84,99.82,100.15,99.83,100.1,100.53,100.75,100.85,100.74,100.45,100.84,101.2,101.19,100.48,100.7,101.12,100.94,101.19,100.2,99.79,100.05,100.66,100.33,100.59,99.77,98.97,100.93,100.51,100.25,100.16,100.02,100.33,100.11,100.4,99.94,100.45,100.34,100,100.15,99.92,99.89,99.66,100.11,100.09,99.55,99.52,99.42,100.36,100.01,99.27,99.95,99.29,99.82,99.91,100.03,99.9,100.13,99.84,100.45
312107,0312107 Pantaloncillos,0.0686,101.69,101.2,102.09,102.53,102.96,103.44,104.16,104.6,105.07,105.88,106.22,106.59,107.24,107.35,107.66,108.3,109.25,109.81,109.97,110.26,110.82,110.72,111.34,112.11,112.28,112.23,112.78,113.17,113.09,113.38,113.2,113.73,113.81,114.17,114.48,114.6,115.07,114.81,115.29,115.35,116,116.41,116.2,116.67,116.7,116.82,116.94,117.12,117.21,117.2,117.19,116.98,116.95,117.2,116.94,117.21,117.13,117.21,117.59,117.61,118.45,118.79,118.46,118.38,118.68,119.14,119.18,119.54,120.26,120.41,120.86
312110,0312110 Camiseta interior para hombre,0.034,101.15,100.6,101.46,101.94,102.63,103.56,104.56,105.35,106.36,107.7,108.33,108.6,108.95,109.67,110.32,110.87,112.05,112.33,112.67,113.15,113.68,114.32,114.94,115.11,115.84,115.63,115.87,115.9,115.35,116.11,115.78,115.94,115.49,115.91,116.15,116.43,116.39,116.36,116.92,117.22,117.54,118.11,118.24,117.92,117.9,118.13,118.41,118.83,119.24,119.3,119.77,119.47,119.18,119.14,119.19,119.58,119.69,119.66,119.69,120.15,120.14,120.14,120.18,120.06,120.4,120.61,120.94,121.58,122.04,122.74,123.27
3122,03122 Prendas de vestir para mujer,1.0195,99.9,99.22,99.61,99.88,100.07,100.24,100.35,100.53,100.52,100.59,100.74,100.8,101.02,100.83,101.13,101.35,101.65,101.5,101.58,101.69,101.88,101.8,102.09,102.03,101.7,101.24,101.59,101.81,101.26,101.54,100.54,100.2,99.93,99.91,99.83,99.95,99.73,99.2,99.61,99.02,98.69,98.74,98.3,98.26,98.49,98.25,98.08,98.28,98.28,98.13,98.27,97.86,97.64,97.44,97.47,97.21,96.72,96.78,96.32,96.3,96.52,95.72,96.52,95.99,95.83,95.71,95.61,95.43,95.54,95.28,95.09
312201,0312201 Blusa de vestir para mujer,0.0173,100.37,99.59,100.29,100.32,100.74,100.56,100.89,100.48,100.11,99.75,100.18,100.55,100.75,100.75,100.96,100.59,101.17,100.76,100.83,100.94,101.02,100.86,100.68,101.32,100.52,99.56,99.9,99.06,99.23,98.59,98.66,98.43,98.13,97.69,97.41,97.81,98.15,97.75,98.53,97.75,97.51,97.31,97.08,96.78,96.59,96.34,96.24,96.16,96.04,95.88,96.07,95.62,94.87,94.26,94.66,94.49,94.11,93.35,93,92.8,93.38,92.46,92.97,92.84,92.73,92.78,92.33,92.49,92.53,92.2,92.26
312202,0312202 Blusa sport de mujer,0.285,100.63,100.02,100.58,100.65,100.78,100.88,101.16,101.33,101.47,101.61,101.74,101.99,102.37,102.03,102.56,103,103.3,103.31,103.35,103.51,103.69,103.5,104.5,104.45,104.25,104.51,104.8,105.13,104.44,104.6,103.11,103.05,101.89,101.95,102.16,102.37,102.17,101.21,101.55,100.39,100.25,100.4,99.81,100.14,100.41,100.1,99.77,100.25,100.27,99.99,100.36,99.69,99.58,99.35,99.28,98.98,97.64,97.73,96.72,96.46,96.99,96.06,96.97,96.17,96.19,96.29,96.18,96.28,96.41,95.9,95.86
312203,0312203 Pantalón sport de mujer,0.3847,99.08,97.91,98.36,98.83,99.08,99.38,99.38,99.66,99.36,99.43,99.55,99.42,99.63,99.32,99.45,99.5,99.75,99.44,99.26,99.45,99.48,99.28,99.64,99.33,98.62,97.66,98.36,98.59,97.53,98.27,98.15,97.56,97.54,97.28,97.2,97.59,97.22,96.99,97.42,96.9,96.47,96.42,95.92,95.88,96.12,95.81,95.62,95.79,95.75,95.55,95.7,95.56,95.13,94.94,95.1,94.97,94.92,95,94.72,94.78,95.06,93.8,94.88,94.52,94.41,94.14,94.17,93.82,93.81,93.61,93.33
312204,0312204 Panties,0.0548,101.2,101.23,101.2,101.29,101.44,101.84,101.93,102.22,102.44,102.66,103,103.31,103.78,103.79,104.64,105.01,105.32,105.04,105.61,105.89,106.04,106.39,107.47,107.89,108.05,107.7,108.07,108.69,109.11,109.36,109.43,109.27,109.81,110.18,110.39,110.34,110.61,110.57,111.1,111.36,111.49,111.38,111.61,111.48,111.57,111.81,112.17,112.32,112.42,112.62,112.54,112.64,112.87,112.52,112.75,112.69,113.12,113.33,113.29,113.02,112.97,113.3,113.96,113.93,113.87,114.06,114.38,114.42,114.77,115.39,115.6
312205,0312205 Trajes para mujer,0.1445,98.98,98.69,98.9,99.16,99.16,99.16,99.28,99.44,99.58,99.58,99.66,99.7,99.65,99.83,99.88,100.11,100.35,100.35,100.62,100.58,100.83,100.83,99.59,99.67,99.78,99.3,99.03,98.95,99.06,98.82,94.89,94.61,94.75,94.8,94.02,93.25,92.92,91.85,92.32,91.98,91.11,91.37,90.88,90.29,90.37,90.41,90.29,90.3,90.42,90.2,89.95,88.87,88.68,88.44,88.19,87.68,87.09,87.11,86.81,87.12,86.97,86.62,87.16,86.09,85.29,85.06,84.47,84.01,84.25,84.05,83.67
312206,0312206 Brassiers,0.0547,100.27,99.88,100.38,100.64,101.09,101.31,101.43,101.67,101.99,101.89,102.28,102.41,102.79,102.78,103.07,103.17,103.64,103.49,104.27,104.35,104.86,105.36,105.03,105.26,105.28,104.73,104.83,105.38,105.72,105.59,105.84,105.05,105.5,105.91,106.07,106.32,106.41,106.52,106.45,106.61,106.84,106.86,107.01,106.97,107.38,107.22,107.38,107.11,107.32,107.66,107.77,107.84,107.82,107.33,107.74,107.42,107.07,107.33,107.26,107.25,107.18,107.08,107.44,107.24,107.29,107.31,107.31,107.49,107.71,107.69,107.65
312207,0312207 Pantalón de vestir de mujer,0.0492,101.49,101.84,101.83,102.15,102.33,102.31,102.02,101.73,101.97,101.99,102.14,102.06,102.13,101.96,102.5,103.02,103.66,103.7,103.92,103.53,104.52,104.79,105.14,105.35,105.19,104.69,104.75,105.07,104.48,104.6,104.68,104.98,105.27,105.56,105.52,105.66,105.52,105.03,105.87,105.27,104.87,104.79,104.51,104.34,104.9,104.59,104.28,104.56,104.52,104.39,104.69,104.36,104.37,104.66,104.1,103.6,103.46,103.48,103.16,103.21,102.82,102.75,102.67,102.62,102.67,101.97,101.95,101.63,101.79,101.33,101.22
312209,0312209 Falda para mujer,0.0294,101.98,101.56,101.66,101.81,102.01,102.16,102.28,102.36,102.57,102.65,102.76,102.9,102.85,102.86,103.23,103.1,103.36,103.06,103.47,103.52,103.57,103.4,103.4,103.54,103.12,102.68,102.76,102.49,102.88,102.66,102.56,101.68,101.16,100.99,100.77,100.91,100.94,100.96,101.2,101.23,101.09,101.13,100.68,100.2,100.07,99.27,99.22,99.22,98.65,98.82,99.02,98.66,98.88,99.11,99.39,99.39,99.05,98.74,98.58,98.69,98.85,98.55,98.65,98.42,98.35,98.33,97.99,97.75,97.84,97.39,96.71
3123,03123 Prendas de vestir de niños y niñas,0.6441,98.81,98.65,98.72,98.86,98.64,98.86,98.98,99.12,99.25,99.29,99.57,99.83,100.04,99.95,100.25,100.44,100.55,100.79,100.99,101.18,101.41,101.77,102.33,102.81,102.26,101.91,102.26,102.12,102.3,102.43,102.48,102.46,102.58,102.5,102.72,102.77,102.62,102.22,102.64,102.55,102.57,102.27,102.07,101.72,101.68,101.69,101.72,101.77,101.61,101.7,101.55,101.58,101.88,101.6,101.68,101.7,101.73,101.93,101.9,101.58,101.39,101.05,101.31,101.37,101.4,101.17,101.17,101.07,101.15,101.16,101.36
312301,0312301 Conjunto para bebé,0.0516,100.69,100.77,99.62,99.79,99.66,99.79,99.88,99.94,100.06,100.24,100.29,100.44,100.51,100.56,100.64,100.58,100.58,100.69,100.89,101.33,101.39,101.38,101.7,101.83,101.09,100.44,101.43,102.26,102.4,102.54,102.57,102.69,102.52,102.74,102.3,102.39,102.41,102.13,102.08,102.31,102.16,101.89,101.87,101.39,101.89,101.7,101.77,101.78,100.75,100.75,100.37,99.97,99.75,99.73,99.83,99.74,99.68,100.11,99.7,99.08,98.72,98.11,98.16,98.27,98.69,98.62,98.36,98.21,98.45,98.52,98.48
312302,0312302 Pantalón de jeans para niños,0.1838,98.52,98.13,98.82,98.87,98.29,98.82,98.92,99.01,99.28,98.96,98.92,99,98.96,98.4,99.1,99.36,99.4,99.68,99.79,99.93,100.18,100.43,100.19,100.58,100.12,99.53,99.62,99.33,99.86,99.9,100.12,100.1,100.47,100.54,100.55,100.63,100.55,100.23,101.17,100.83,100.95,100.4,100.04,99.68,99.76,99.73,99.23,99.33,99.04,99.15,99.07,99.08,99.33,99.11,99.32,99.29,99.41,99.38,98.75,98.75,98.28,97.44,98.1,98.55,98.42,98.13,98,97.91,97.83,97.8,97.79
312303,0312303 T-shirt para niño,0.0674,98.94,98.36,98.16,98.55,98.77,98.82,98.99,99.14,99.27,99.47,99.56,99.97,100.1,99.96,100.3,100.33,100.52,100.9,101.06,101.57,101.46,101.26,101.65,102.01,101.61,101.24,101.81,101.99,102,102.14,102.04,101.88,101.97,101.75,101.77,102.54,102.29,102.18,102.75,102.39,102.32,102.39,102.21,101.4,101.98,101.95,101.83,102.19,101.84,101.58,101.44,101.32,102.48,102.03,102.56,102.44,101.98,102.47,102.44,102.36,102.07,101.9,102.23,102.46,102.63,102.16,102.47,102.6,102.65,102.53,102.46
312304,0312304 Conjunto para niña,0.0643,97.63,97.92,97.55,97.78,97.96,98.02,97.99,98.09,98.46,98.42,98.28,98.58,98.9,98.96,99.07,99.58,99.73,99.84,99.95,100.07,100.12,100.34,100.79,100.82,100.74,100.53,100.45,100.58,100.09,100.46,100.35,100.51,100.45,100.36,99.97,100.31,100.11,99.58,99.98,99.38,99.19,98.31,98.15,97.61,97.83,97.66,97.8,97.94,97.49,97.67,97.32,97.37,97.08,95.94,96.2,96.19,95.49,95.83,95.73,95.21,95.07,95.08,95.71,95.15,94.22,93.73,93.88,93.66,93.87,93.44,93.47
312305,0312305 Uniforme escolar,0.2018,99.39,99.37,99.7,99.91,99.95,100.01,100.13,100.38,100.46,100.66,101.57,102.15,102.78,103.03,103.22,103.47,103.71,103.92,104.26,104.39,104.88,105.81,107.7,108.6,107.88,108.1,108.25,108.42,108.55,108.63,108.71,108.62,108.49,108.56,109.33,108.98,108.81,108.34,108.45,108.52,108.62,108.43,108.22,108.06,107.27,107.37,107.93,107.78,108.15,108.31,108.2,108.72,108.9,108.85,108.71,108.8,109.05,109.47,110.18,109.33,109.73,109.53,109.46,109.42,109.68,109.75,109.94,109.91,110.04,110.31,110.96
312306,0312306 T-shirt para niña,0.0753,97.53,97.42,96.74,96.6,95.74,95.98,96.23,96.31,96.09,96.31,96.46,96.13,95.98,95.87,95.8,95.64,95.61,95.89,96.07,96.07,96.18,96.12,95.5,95.86,95.1,93.87,95.17,93.38,93.64,93.83,93.7,93.74,94.26,93.36,93.8,93.9,93.66,93.08,93.2,93.74,93.68,93.85,93.93,93.71,94.27,94.43,94.38,94.48,94.25,94.45,94.31,93.51,94.27,93.98,93.77,93.94,94.28,93.87,93.73,94.14,93.27,93.49,93.44,93.1,93.33,92.79,92.37,92.02,92.12,92,92.09
313,0313 Otros artículos y  accesorios de vestir ,0.0817,99.81,99.9,100.89,101.25,101.41,101.61,102.04,102.1,102.26,102.8,103.1,102.92,103.24,103.61,103.85,104.16,104.2,104.52,105.01,105.29,105.46,105.89,105.59,105.31,105.55,105.27,105.62,105.4,105.31,105.7,105.74,105.86,105.97,105.57,105.87,105.67,105.53,105.16,105.84,106.18,106.44,106.74,106.4,106.34,106.19,106.66,106.97,106.99,106.56,106.6,106.74,106.81,106.93,106.9,107.14,106.87,106.71,106.36,106.2,106.25,106.78,106.86,106.62,106.31,106.24,106.35,106.26,106.34,106.31,105.89,105.92
3131,03131 Accesorios de vestir,0.0817,99.81,99.9,100.89,101.25,101.41,101.61,102.04,102.1,102.26,102.8,103.1,102.92,103.24,103.61,103.85,104.16,104.2,104.52,105.01,105.29,105.46,105.89,105.59,105.31,105.55,105.27,105.62,105.4,105.31,105.7,105.74,105.86,105.97,105.57,105.87,105.67,105.53,105.16,105.84,106.18,106.44,106.74,106.4,106.34,106.19,106.66,106.97,106.99,106.56,106.6,106.74,106.81,106.93,106.9,107.14,106.87,106.71,106.36,106.2,106.25,106.78,106.86,106.62,106.31,106.24,106.35,106.26,106.34,106.31,105.89,105.92
313101,0313101 Correa de cuero,0.0225,101.65,101.8,102.2,102.53,102.49,102.27,102.34,102.41,102.41,102.59,103.09,103.55,103.74,103.91,104.09,104.76,105.12,105.47,105.97,106.4,106.86,107.08,107.55,107.61,107.47,107.69,107.97,107.63,107.87,108.06,108.26,108.45,108.7,108.53,108.62,108.79,109.04,108.67,109.06,108.97,108.97,109.88,109.78,109.67,109.6,109.56,110.37,110.63,110.44,110.29,110.15,110.15,110.12,109.96,110.45,109.32,108.87,109.33,109.65,109.53,110.55,110.89,110.84,110.84,111.59,111.31,111.4,111.38,111.43,111.33,111.12
313102,0313102 Gorra deportiva para hombre,0.0592,99.11,99.18,100.39,100.76,101,101.37,101.93,101.98,102.21,102.89,103.1,102.68,103.06,103.49,103.76,103.94,103.85,104.15,104.65,104.87,104.93,105.43,104.85,104.44,104.82,104.35,104.73,104.56,104.34,104.8,104.78,104.88,104.93,104.45,104.83,104.48,104.19,103.83,104.62,105.13,105.48,105.55,105.11,105.08,104.9,105.55,105.68,105.61,105.09,105.21,105.44,105.55,105.72,105.75,105.88,105.94,105.89,105.23,104.89,105.01,105.35,105.33,105.02,104.59,104.21,104.46,104.31,104.43,104.37,103.83,103.94
314,"0314 Limpieza, reparación y alquiler de prendas de vestir ",0.1426,100.81,100.81,101.17,101.26,101.26,101.54,101.92,102.23,102.93,104.1,104.37,104.89,105,105.41,105.41,106.71,107.11,107.96,108.39,109.28,109.89,110.53,110.84,111.2,111.7,111.8,113.24,114.25,114.67,115.33,115.67,115.9,116.74,117.47,117.7,118.37,118.96,118.99,119.28,119.58,119.87,120.69,120.99,121.2,121.52,122.15,122.78,122.94,123.56,124.14,125.18,125.85,126.55,126.78,127.27,128.25,128.64,128.97,129.21,129.66,130.2,130.78,130.74,131.83,132.16,132.22,132.79,132.69,133.59,134.6,134.99
3141,03141 Confección y reparación de ropa,0.1426,100.81,100.81,101.17,101.26,101.26,101.54,101.92,102.23,102.93,104.1,104.37,104.89,105,105.41,105.41,106.71,107.11,107.96,108.39,109.28,109.89,110.53,110.84,111.2,111.7,111.8,113.24,114.25,114.67,115.33,115.67,115.9,116.74,117.47,117.7,118.37,118.96,118.99,119.28,119.58,119.87,120.69,120.99,121.2,121.52,122.15,122.78,122.94,123.56,124.14,125.18,125.85,126.55,126.78,127.27,128.25,128.64,128.97,129.21,129.66,130.2,130.78,130.74,131.83,132.16,132.22,132.79,132.69,133.59,134.6,134.99
314102,0314102 Limpieza de ropa en lavandería,0.1426,100.81,100.81,101.17,101.26,101.26,101.54,101.92,102.23,102.93,104.1,104.37,104.89,105,105.41,105.41,106.71,107.11,107.96,108.39,109.28,109.89,110.53,110.84,111.2,111.7,111.8,113.24,114.25,114.67,115.33,115.67,115.9,116.74,117.47,117.7,118.37,118.96,118.99,119.28,119.58,119.87,120.69,120.99,121.2,121.52,122.15,122.78,122.94,123.56,124.14,125.18,125.85,126.55,126.78,127.27,128.25,128.64,128.97,129.21,129.66,130.2,130.78,130.74,131.83,132.16,132.22,132.79,132.69,133.59,134.6,134.99
32,032 Calzado,1.2746,98.36,97.81,97.76,97.99,98.18,98.23,98,97.8,97.96,97.76,98.04,97.94,98.19,97.98,98.14,97.95,97.95,97.83,97.9,97.79,97.65,97.48,97.41,97.87,97.77,97.37,96.84,96.67,96.08,96.02,95.85,96.12,96,95.5,95.18,94.83,94.79,93.17,93.62,93.51,93.35,92.96,92.59,92.32,91.79,91.89,91.56,91.23,90.79,90.25,90.43,89.77,89.69,89.06,89.14,88.65,88.37,88.04,87.55,87.65,87.03,86.57,86.89,86.36,86.04,85.91,85.91,85.67,85.43,85.06,84.72
321,0321 Zapatos y otros calzados ,1.2746,98.36,97.81,97.76,97.99,98.18,98.23,98,97.8,97.96,97.76,98.04,97.94,98.19,97.98,98.14,97.95,97.95,97.83,97.9,97.79,97.65,97.48,97.41,97.87,97.77,97.37,96.84,96.67,96.08,96.02,95.85,96.12,96,95.5,95.18,94.83,94.79,93.17,93.62,93.51,93.35,92.96,92.59,92.32,91.79,91.89,91.56,91.23,90.79,90.25,90.43,89.77,89.69,89.06,89.14,88.65,88.37,88.04,87.55,87.65,87.03,86.57,86.89,86.36,86.04,85.91,85.91,85.67,85.43,85.06,84.72
3211,03211 Zapatos para hombre,0.5754,98.77,98.29,98.57,98.78,98.67,98.65,98.27,98.19,98.41,98.07,98.51,98.3,98.75,98.5,98.71,98.69,98.73,98.65,98.64,98.54,98.44,98.27,98.38,99.09,99.02,98.73,97.61,97.43,97.02,97.1,97.02,97.14,97.18,96.45,96.09,95.68,95.66,93.99,94.77,94.52,94.38,93.65,93.18,93.03,92.48,92.99,92.51,92.04,91.27,90.56,90.67,89.82,89.62,89.09,89.14,88.62,88.47,88.16,87.75,88.26,87.18,86.83,87.34,86.54,86.42,86.19,86.2,85.93,85.64,85.13,84.81
321101,0321101 Tenis para hombres,0.3261,98.76,98.1,99.05,99.17,98.7,98.7,98.1,98.03,98.04,97.53,97.99,97.59,98,97.86,97.99,97.78,97.92,97.85,97.78,97.6,97.45,97.11,97.13,98.1,97.97,97.59,96.74,96.03,95.46,95.37,95.32,95.46,95.72,94.83,94.39,94.19,94.04,91.74,92.62,92.31,92.41,91.59,91.26,91.24,90.88,91.51,90.95,90.36,89.78,88.97,88.76,88.09,87.89,87.37,87.31,86.91,86.63,86.04,85.51,85.87,85.25,84.75,85.35,84.8,84.89,84.63,84.78,84.37,84.11,83.57,83.47
321102,0321102 Zapatos para hombre,0.2164,98.59,98.34,97.5,97.74,97.99,97.84,97.75,97.57,98.04,97.98,98.41,98.38,98.91,98.37,98.74,98.94,98.76,98.66,98.66,98.65,98.69,98.78,98.98,99.36,99.32,99.13,97.42,97.97,97.71,98.03,97.97,98.04,97.67,96.91,96.77,96.02,96.19,95.34,96.07,95.85,95.36,94.56,93.84,93.66,92.75,93.27,92.77,92.56,91.38,90.82,91.36,90.23,89.91,89.3,89.51,88.75,88.77,88.77,88.51,89.33,87.46,87.37,87.74,86.44,85.99,85.78,85.55,85.41,85.05,84.54,83.91
321104,0321104 Chancleta o calipso para hombre,0.0329,100.11,99.86,100.76,101.77,102.73,103.39,103.45,103.78,104.46,104.07,104.45,104.85,105.17,105.63,105.68,106.16,106.45,106.52,107.08,107.08,106.68,106.41,106.84,107.06,107.56,107.45,107.6,107.76,107.9,108.12,107.58,107.86,108.54,109.43,108.55,108.34,108.26,107.45,107.65,107.76,107.48,108.03,107.92,106.68,106.52,105.88,106.21,105.17,105.33,104.66,105.15,104.31,104.86,104.81,104.8,104.74,104.74,105.16,104.97,104.84,104.49,103.97,104.49,104.47,104.39,104.38,104.61,104.8,104.8,104.38,103.93
3212,03212 Zapatos para mujer,0.415,97.5,96.78,96.63,96.71,97.02,97.18,96.96,96.41,96.39,96.32,96.58,96.45,96.49,96.19,96.41,96.12,95.89,95.6,95.48,95.29,95.19,95,94.48,94.58,94.2,93.52,93.32,92.84,92.37,92.28,91.66,91.97,91.53,90.98,90.81,90.3,90.2,88.63,88.45,88.53,88.33,88.1,87.66,87.28,86.72,86.32,86.38,86.18,86,85.68,85.91,85.52,85.4,84.82,84.91,84.4,84.01,83.26,82.78,82.26,82.34,81.6,81.71,81.22,80.64,80.75,80.74,80.32,80.14,79.75,79.31
321201,0321201 Zapatillas para mujer,0.2014,97.74,97.16,95.97,95.63,95.92,95.88,95.41,94.55,94.59,94.78,94.87,94.87,94.9,94.92,95.24,95.27,95.14,94.77,94.72,94.31,94.38,94.51,94.15,94.32,93.83,92.99,93.36,93.29,92.21,93.12,91.87,92.42,92.39,91.98,91.98,91.39,91.85,89.99,89.61,89.41,89.16,88.7,88.49,88.41,87.84,87.3,87.4,87.34,87.59,87,87.25,86.99,86.95,86.44,86.5,85.99,85.34,84.51,83.74,83,83.22,82.47,82.88,82.41,81.44,81.51,81.43,80.96,80.73,80.48,79.86
321202,0321202 Zapatos para mujer,0.0387,98.57,97.24,98.4,97.9,98.05,97.4,96.98,96.53,96.51,96.05,95.74,95.64,95.68,95.8,95.73,94.32,94.16,93.86,93.62,93.93,93.93,93.72,92.88,92.47,91.76,92.04,92.52,92.76,92.07,91.92,90.38,90.24,89.97,89.57,88.77,88.21,87.35,86.49,86.51,86.93,86.18,86.09,85.92,85.56,84.98,84.16,84.57,84.04,84.15,83.08,83.56,82.33,82.74,82.31,81.29,81.12,81.11,80.43,79.8,79.56,79.1,78.11,78.09,77.52,76.65,76.21,76.52,76.11,76.14,75.19,75.02
321203,0321203 Tenis para mujer,0.1439,96.42,95.61,96.48,97.23,97.53,98.22,98.24,97.89,97.75,97.47,98.1,97.75,97.82,96.93,97.07,96.45,96,95.87,95.62,95.47,95.11,94.46,93.6,93.77,93.54,92.61,91.51,90.2,90.49,89.07,89.38,89.63,88.54,87.63,87.4,87.05,86.46,84.75,84.86,85.1,85.04,85.33,84.48,83.67,83.1,82.99,82.99,82.77,81.83,82.11,82.26,81.91,81.61,80.75,81.2,80.47,80.3,79.56,79.33,78.96,79.07,78.27,77.96,77.44,77.45,77.71,77.71,77.34,77.15,76.65,76.35
321205,0321205 Chancleta o calipso para mujer,0.0311,99.62,99.24,99.38,99.8,100.47,100.48,101.03,101.43,101.61,101.36,101.66,101.66,101.61,101.51,101.78,102.28,102.37,101.86,102.09,102.41,102.33,102.32,102.77,102.62,102.72,103.06,102.4,102.18,102.46,102.13,102.43,101.97,101.73,101.81,101.54,100.88,100.4,100.45,99.99,100.68,100.86,99.51,99.09,98.73,98.4,98.01,97.76,97.11,97.3,96.93,97.1,96.71,96.15,96.25,96.31,96.39,96.15,95.87,96.21,96.16,95.91,95.71,95.99,95.58,95.21,95.62,95.5,95.17,95.05,95.09,94.78
3214,03214 Zapatos para niños y niñas,0.2842,98.76,98.35,97.76,98.27,98.88,98.94,98.95,99.05,99.36,99.22,99.22,99.38,99.56,99.54,99.52,99.14,99.4,99.44,99.93,99.93,99.66,99.5,99.71,100.22,100.43,100.25,100.42,100.72,99.61,99.31,99.63,100.13,100.15,100.19,99.7,99.7,99.74,98.15,98.81,98.72,98.6,98.69,98.58,98.24,97.78,97.82,97.21,96.97,96.81,96.3,96.52,95.89,96.09,95.19,95.32,94.92,94.52,94.76,94.09,94.28,93.59,93.29,93.53,93.51,93.14,92.87,92.89,92.95,92.72,92.68,92.47
321401,0321401 Tenis para niños,0.16,99.26,98.57,98.78,99.35,100.2,100.15,100.04,100.36,100.78,100.75,100.83,100.97,101.03,100.95,100.66,100.1,100.49,100.24,100.71,100.63,100.06,99.92,100,100.62,100.91,100.62,100.79,101.1,99.43,98.7,99.31,99.65,99.39,99.66,98.9,98.84,98.95,96.8,97.42,97.42,97.56,97.31,97.42,96.89,96.3,96.29,95.58,95.34,95.29,94.72,95.12,94.07,94.07,93.38,93.47,92.95,92.4,92.96,92.43,92.71,92.07,91.76,91.58,91.33,90.61,90.38,90.27,90.41,90.15,89.95,89.55
321402,0321402 Zapatos para niños,0.1242,98.13,98.06,96.43,96.88,97.17,97.38,97.54,97.36,97.53,97.24,97.15,97.32,97.66,97.73,98.05,97.91,97.99,98.4,98.92,99.03,99.14,98.95,99.32,99.72,99.82,99.78,99.94,100.24,99.83,100.11,100.03,100.76,101.14,100.88,100.73,100.79,100.76,99.89,100.6,100.39,99.95,100.46,100.08,99.97,99.69,99.78,99.32,99.07,98.78,98.34,98.32,98.23,98.7,97.52,97.71,97.45,97.27,97.08,96.24,96.3,95.55,95.25,96.03,96.32,96.4,96.08,96.25,96.22,96.02,96.21,96.22
4,04 Vivienda,12.9784,102.93,103.33,104.02,105.17,105.57,105.88,106.22,106.4,106.58,106.71,106.84,107.16,108.18,109.98,110.97,114.79,115.54,115.81,118.54,119.04,119.32,119.86,120.07,120.38,120.62,120.8,121.03,121.4,121.76,122.01,122.38,121.63,120.74,120.55,120.82,120.9,120.96,121.06,121.17,121.39,121.45,121.54,121.77,121.91,122.07,122.43,122.51,122.78,122.81,123.05,123.25,123.6,123.74,124.02,124.26,124.45,124.68,125.6,125.76,125.9,126.01,126.11,126.29,126.61,126.97,127.27,127.5,127.64,127.76,127.9,128.01
41,041 Alquileres Efectivos de Alojamiento,6.3978,100.94,101.02,101.04,101.07,101.16,101.62,102.05,102.23,102.41,102.47,102.48,102.76,102.94,103.19,103.78,103.86,104.03,104.33,104.46,104.81,105.14,106.04,106.26,106.64,107.18,107.48,107.74,108.22,108.9,109.13,109.71,109.93,110.3,110.75,111.17,111.26,111.39,111.6,111.72,111.92,111.96,112,112.39,112.66,112.9,113.47,113.61,114.06,114.16,114.62,114.95,115.31,115.5,115.72,116.19,116.51,116.67,117.19,117.28,117.41,117.65,117.9,118.08,118.35,118.98,119.41,119.71,119.94,120.09,120.73,120.97
411,0411 Alquileres efectivos ,6.3978,100.94,101.02,101.04,101.07,101.16,101.62,102.05,102.23,102.41,102.47,102.48,102.76,102.94,103.19,103.78,103.86,104.03,104.33,104.46,104.81,105.14,106.04,106.26,106.64,107.18,107.48,107.74,108.22,108.9,109.13,109.71,109.93,110.3,110.75,111.17,111.26,111.39,111.6,111.72,111.92,111.96,112,112.39,112.66,112.9,113.47,113.61,114.06,114.16,114.62,114.95,115.31,115.5,115.72,116.19,116.51,116.67,117.19,117.28,117.41,117.65,117.9,118.08,118.35,118.98,119.41,119.71,119.94,120.09,120.73,120.97
4111,04111 Alquiler de la vivienda,6.3978,100.94,101.02,101.04,101.07,101.16,101.62,102.05,102.23,102.41,102.47,102.48,102.76,102.94,103.19,103.78,103.86,104.03,104.33,104.46,104.81,105.14,106.04,106.26,106.64,107.18,107.48,107.74,108.22,108.9,109.13,109.71,109.93,110.3,110.75,111.17,111.26,111.39,111.6,111.72,111.92,111.96,112,112.39,112.66,112.9,113.47,113.61,114.06,114.16,114.62,114.95,115.31,115.5,115.72,116.19,116.51,116.67,117.19,117.28,117.41,117.65,117.9,118.08,118.35,118.98,119.41,119.71,119.94,120.09,120.73,120.97
411101,0411101 Alquiler de vivienda,6.3978,100.94,101.02,101.04,101.07,101.16,101.62,102.05,102.23,102.41,102.47,102.48,102.76,102.94,103.19,103.78,103.86,104.03,104.33,104.46,104.81,105.14,106.04,106.26,106.64,107.18,107.48,107.74,108.22,108.9,109.13,109.71,109.93,110.3,110.75,111.17,111.26,111.39,111.6,111.72,111.92,111.96,112,112.39,112.66,112.9,113.47,113.61,114.06,114.16,114.62,114.95,115.31,115.5,115.72,116.19,116.51,116.67,117.19,117.28,117.41,117.65,117.9,118.08,118.35,118.98,119.41,119.71,119.94,120.09,120.73,120.97
43,043 Conservación y Reparación de la Vivienda,0.9655,103.7,103.74,104.03,104.29,104.53,105.47,106.63,108.14,109.99,110.85,111.76,112.24,113.12,114.38,115.48,116.42,117.65,118.65,120.03,122.24,123.67,124.64,125.65,126.08,125.5,125.77,126.92,127.96,128.12,129.05,129.66,129.75,129.73,130.69,131.09,131.3,131.39,131.23,131.93,132.85,133,133.73,134.07,134.2,134.64,135.58,135.71,136.45,136.05,136.16,136.56,138.18,138.73,140.08,140.48,140.24,141.05,141.06,141.67,142.6,142.52,141.92,143.09,144.79,145.31,145.71,146.23,146.67,147,147.18,147.9
431,0431 Materiales para la conservación y reparación de la vivienda ,0.3348,109.11,109.03,109.55,110.27,110.5,112.19,114.74,118.03,119.69,120.88,121.38,121.79,122.07,122.46,124.11,124.84,125.3,125.68,127.93,133.44,135.33,136.09,137.22,137.9,135.26,133.53,134.77,136.1,135.81,136.92,137.39,136.77,136.15,137.6,137.83,137.48,136.68,134.77,136.01,137.73,137.12,138.73,138.7,138.48,138.17,138.98,138.67,139.22,137.02,135.8,135.64,138.12,137.86,138.68,138.96,137.26,138.71,137.75,138.81,139.34,137.93,134.87,135.76,139.3,139.89,139.61,139.32,138.91,138.84,138.09,138.98
4311,04311 Materiales para la conservación de la vivienda,0.3348,109.11,109.03,109.55,110.27,110.5,112.19,114.74,118.03,119.69,120.88,121.38,121.79,122.07,122.46,124.11,124.84,125.3,125.68,127.93,133.44,135.33,136.09,137.22,137.9,135.26,133.53,134.77,136.1,135.81,136.92,137.39,136.77,136.15,137.6,137.83,137.48,136.68,134.77,136.01,137.73,137.12,138.73,138.7,138.48,138.17,138.98,138.67,139.22,137.02,135.8,135.64,138.12,137.86,138.68,138.96,137.26,138.71,137.75,138.81,139.34,137.93,134.87,135.76,139.3,139.89,139.61,139.32,138.91,138.84,138.09,138.98
431101,0431101 Pinturas,0.3348,109.11,109.03,109.55,110.27,110.5,112.19,114.74,118.03,119.69,120.88,121.38,121.79,122.07,122.46,124.11,124.84,125.3,125.68,127.93,133.44,135.33,136.09,137.22,137.9,135.26,133.53,134.77,136.1,135.81,136.92,137.39,136.77,136.15,137.6,137.83,137.48,136.68,134.77,136.01,137.73,137.12,138.73,138.7,138.48,138.17,138.98,138.67,139.22,137.02,135.8,135.64,138.12,137.86,138.68,138.96,137.26,138.71,137.75,138.81,139.34,137.93,134.87,135.76,139.3,139.89,139.61,139.32,138.91,138.84,138.09,138.98
432,0432 Servicios para la conservación y la reparación de la vivienda ,0.6307,100.83,100.93,101.1,101.11,101.36,101.9,102.33,102.89,104.84,105.52,106.65,107.18,108.37,110.09,110.89,111.95,113.58,114.92,115.84,116.3,117.48,118.56,119.51,119.8,120.32,121.65,122.76,123.64,124.04,124.88,125.55,126.03,126.32,127.02,127.51,128.02,128.59,129.34,129.77,130.26,130.8,131.08,131.61,131.93,132.77,133.78,134.13,134.98,135.54,136.34,137.06,138.22,139.19,140.82,141.28,141.82,142.3,142.81,143.19,144.34,144.95,145.66,146.98,147.71,148.19,148.95,149.9,150.78,151.33,152.01,152.64
4321,04321 Servicios para la conservación de la vivienda,0.6307,100.83,100.93,101.1,101.11,101.36,101.9,102.33,102.89,104.84,105.52,106.65,107.18,108.37,110.09,110.89,111.95,113.58,114.92,115.84,116.3,117.48,118.56,119.51,119.8,120.32,121.65,122.76,123.64,124.04,124.88,125.55,126.03,126.32,127.02,127.51,128.02,128.59,129.34,129.77,130.26,130.8,131.08,131.61,131.93,132.77,133.78,134.13,134.98,135.54,136.34,137.06,138.22,139.19,140.82,141.28,141.82,142.3,142.81,143.19,144.34,144.95,145.66,146.98,147.71,148.19,148.95,149.9,150.78,151.33,152.01,152.64
432101,0432101 Reparación de puertas,0.0563,109.31,110.39,112.28,112.39,115.16,121.29,126.1,132.3,140.95,144.67,146.54,148.58,151.85,156.93,157.84,160.02,166.61,170.13,171.09,172.17,174.28,176.15,177.51,177.76,179.07,181.47,183.94,184.13,184.38,184.99,185.01,185.79,186.22,186.74,189.46,189.84,191.26,193.04,193.35,193.89,195.35,196.58,198.18,199.56,201.53,201.7,201.67,203.88,205.17,208.06,209.14,210.94,213.47,216.23,217.8,219.29,221.17,222.16,222.87,224.66,225.54,227.79,229.65,232.5,233.02,234.13,235.66,236.95,238.2,240.94,242.7
432103,0432103 Servicios de mantenimiento de la vivienda,0.5744,100,100,100,100,100,100,100,100,101.3,101.68,102.74,103.11,104.1,105.5,106.29,107.23,108.38,109.5,110.42,110.81,111.91,112.91,113.83,114.12,114.56,115.79,116.75,117.71,118.12,118.98,119.72,120.16,120.45,121.17,121.43,121.95,122.44,123.09,123.53,124.02,124.47,124.65,125.08,125.3,126.03,127.12,127.51,128.22,128.71,129.31,129.99,131.09,131.9,133.42,133.77,134.22,134.56,135.03,135.37,136.46,137.05,137.61,138.87,139.39,139.87,140.59,141.49,142.33,142.81,143.28,143.8
44,044 Suministro de Agua y Servicios Relacionados con la Vivienda,0.8274,100.02,100.02,100.12,100.12,100.12,100.12,100.59,101.61,101.9,102.26,102.9,104.17,104.17,104.21,104.21,104.23,104.25,104.4,110.05,112.33,112.33,112.54,112.92,114.26,114.27,114.31,114.36,114.9,114.9,115.61,116.18,116.19,116.19,116.25,116.7,116.76,116.77,116.77,116.79,117.24,117.24,117.39,117.42,117.42,117.42,117.42,117.47,117.47,117.47,117.47,117.47,118.05,118.05,119.1,119.13,119.81,119.87,119.87,120.84,120.83,120.83,120.83,120.83,121.32,121.5,121.5,121.5,121.53,122.23,122.49,122.77
441,0441 Suministro de agua ,0.3888,100.05,100.05,100.25,100.25,100.25,100.26,100.26,100.26,100.26,100.26,100.28,100.36,100.36,100.43,100.43,100.47,100.53,100.83,112.87,117.73,117.73,117.73,117.73,117.78,117.8,117.9,118.01,118.01,118.01,118.08,118.12,118.15,118.15,118.15,118.27,118.27,118.29,118.29,118.33,118.33,118.33,118.66,118.72,118.72,118.72,118.72,118.83,118.83,118.83,118.83,118.83,118.83,118.83,118.83,118.9,118.94,119.07,119.07,119.07,119.19,119.19,119.19,119.19,120.17,120.17,120.17,120.17,120.17,120.71,121.26,121.87
4411,04411 Suministro de agua,0.3888,100.05,100.05,100.25,100.25,100.25,100.26,100.26,100.26,100.26,100.26,100.28,100.36,100.36,100.43,100.43,100.47,100.53,100.83,112.87,117.73,117.73,117.73,117.73,117.78,117.8,117.9,118.01,118.01,118.01,118.08,118.12,118.15,118.15,118.15,118.27,118.27,118.29,118.29,118.33,118.33,118.33,118.66,118.72,118.72,118.72,118.72,118.83,118.83,118.83,118.83,118.83,118.83,118.83,118.83,118.9,118.94,119.07,119.07,119.07,119.19,119.19,119.19,119.19,120.17,120.17,120.17,120.17,120.17,120.71,121.26,121.87
441101,0441101 Servicio de agua,0.3413,100,100,100,100,100,100,100,100,100,100,100,100,100,100,100,100,100,100,113.58,118.97,118.97,118.97,118.97,118.97,118.97,118.97,118.97,118.97,118.97,118.97,118.97,118.97,118.97,118.97,118.97,118.97,118.97,118.97,118.97,118.97,118.97,118.97,118.97,118.97,118.97,118.97,118.97,118.97,118.97,118.97,118.97,118.97,118.97,118.97,118.97,118.97,118.97,118.97,118.97,118.97,118.97,118.97,118.97,118.97,118.97,118.97,118.97,118.97,118.97,118.97,118.97
441102,0441102 Agua servida por camiones,0.0475,100.42,100.42,102.04,102.04,102.04,102.12,102.12,102.12,102.12,102.12,102.27,102.92,102.92,103.49,103.49,103.87,104.34,106.82,107.79,108.77,108.77,108.83,108.83,109.22,109.39,110.16,111.06,111.06,111.06,111.65,111.95,112.25,112.25,112.25,113.2,113.2,113.36,113.36,113.73,113.73,113.73,116.39,116.87,116.87,116.87,116.87,117.84,117.84,117.84,117.84,117.84,117.84,117.84,117.84,118.37,118.72,119.79,119.79,119.79,120.73,120.73,120.73,120.73,128.75,128.75,128.75,128.75,128.75,133.18,137.71,142.68
442,0442 Recogida de basura ,0.1063,100,100,100,100,100,100,103.66,111.62,113.82,116.62,121.56,131.18,131.18,131.18,131.18,131.18,131.18,131.18,131.18,131.18,131.18,132.77,135.7,135.7,135.7,135.7,135.7,135.7,135.7,140.96,140.96,140.96,140.96,141.44,144.45,144.45,144.45,144.45,144.45,144.45,144.45,144.45,144.45,144.45,144.45,144.45,144.45,144.45,144.45,144.45,144.45,148.92,148.92,148.92,148.92,149.41,149.41,149.41,149.41,148.93,148.93,148.93,148.93,148.93,148.93,148.93,148.93,148.93,148.93,148.93,148.93
4421,04421 Recogida de basura,0.1063,100,100,100,100,100,100,103.66,111.62,113.82,116.62,121.56,131.18,131.18,131.18,131.18,131.18,131.18,131.18,131.18,131.18,131.18,132.77,135.7,135.7,135.7,135.7,135.7,135.7,135.7,140.96,140.96,140.96,140.96,141.44,144.45,144.45,144.45,144.45,144.45,144.45,144.45,144.45,144.45,144.45,144.45,144.45,144.45,144.45,144.45,144.45,144.45,148.92,148.92,148.92,148.92,149.41,149.41,149.41,149.41,148.93,148.93,148.93,148.93,148.93,148.93,148.93,148.93,148.93,148.93,148.93,148.93
442101,0442101 Servicio de recogida de basura,0.1063,100,100,100,100,100,100,103.66,111.62,113.82,116.62,121.56,131.18,131.18,131.18,131.18,131.18,131.18,131.18,131.18,131.18,131.18,132.77,135.7,135.7,135.7,135.7,135.7,135.7,135.7,140.96,140.96,140.96,140.96,141.44,144.45,144.45,144.45,144.45,144.45,144.45,144.45,144.45,144.45,144.45,144.45,144.45,144.45,144.45,144.45,144.45,144.45,148.92,148.92,148.92,148.92,149.41,149.41,149.41,149.41,148.93,148.93,148.93,148.93,148.93,148.93,148.93,148.93,148.93,148.93,148.93,148.93
443,0443 Otros servicios relacionados con la vivienda,0.3324,100,100,100,100,100,100,100,100,100,100,100,100,100,100,100,100,100,100,100,100,100,100,100,103.28,103.28,103.28,103.28,104.62,104.62,104.62,105.98,105.98,105.98,105.98,105.98,106.14,106.14,106.14,106.14,107.26,107.26,107.26,107.26,107.26,107.26,107.26,107.26,107.26,107.26,107.26,107.26,107.26,107.26,109.88,109.88,111.36,111.36,111.36,113.78,113.78,113.78,113.78,113.78,113.85,114.29,114.29,114.29,114.36,115.47,115.47,115.47
4431,04431 Otros servicios relacionados con la vivienda,0.3324,100,100,100,100,100,100,100,100,100,100,100,100,100,100,100,100,100,100,100,100,100,100,100,103.28,103.28,103.28,103.28,104.62,104.62,104.62,105.98,105.98,105.98,105.98,105.98,106.14,106.14,106.14,106.14,107.26,107.26,107.26,107.26,107.26,107.26,107.26,107.26,107.26,107.26,107.26,107.26,107.26,107.26,109.88,109.88,111.36,111.36,111.36,113.78,113.78,113.78,113.78,113.78,113.85,114.29,114.29,114.29,114.36,115.47,115.47,115.47
443101,0443101 Gastos comunes en copropiedad,0.3324,100,100,100,100,100,100,100,100,100,100,100,100,100,100,100,100,100,100,100,100,100,100,100,103.28,103.28,103.28,103.28,104.62,104.62,104.62,105.98,105.98,105.98,105.98,105.98,106.14,106.14,106.14,106.14,107.26,107.26,107.26,107.26,107.26,107.26,107.26,107.26,107.26,107.26,107.26,107.26,107.26,107.26,109.88,109.88,111.36,111.36,111.36,113.78,113.78,113.78,113.78,113.78,113.85,114.29,114.29,114.29,114.36,115.47,115.47,115.47
45,"045 Electricidad, Gas y Otros Combustibles",4.7877,105.93,106.91,108.66,111.69,112.6,112.65,112.66,112.46,112.27,112.31,112.35,112.54,114.87,119.16,120.83,130.9,132.43,132.57,138.52,138.57,138.59,138.63,138.65,138.66,138.7,138.72,138.76,138.82,138.85,138.9,138.93,136.56,133.67,132.34,132.35,132.39,132.38,132.38,132.39,132.44,132.52,132.55,132.59,132.58,132.59,132.62,132.62,132.59,132.61,132.63,132.64,132.68,132.71,132.73,132.67,132.69,132.91,134.72,134.73,134.76,134.75,134.8,134.8,134.89,134.91,135.07,135.17,135.14,135.08,134.53,134.32
451,0451 Electricidad ,2.5764,100,100,100,100,100,100,100,100,100,100,100,100,100,104.48,104.52,120.65,120.65,120.65,131.6,131.59,131.59,131.59,131.59,131.59,131.59,131.59,131.59,131.59,131.59,131.59,131.59,131.59,131.59,131.59,131.59,131.59,131.59,131.59,131.59,131.59,131.59,131.59,131.59,131.59,131.59,131.59,131.59,131.59,131.59,131.59,131.59,131.59,131.59,131.59,131.59,131.59,131.59,131.59,131.59,131.59,131.59,131.59,131.59,131.59,131.59,131.59,131.59,131.59,131.59,131.59,131.59
4511,04511 Electricidad,2.5764,100,100,100,100,100,100,100,100,100,100,100,100,100,104.48,104.52,120.65,120.65,120.65,131.6,131.59,131.59,131.59,131.59,131.59,131.59,131.59,131.59,131.59,131.59,131.59,131.59,131.59,131.59,131.59,131.59,131.59,131.59,131.59,131.59,131.59,131.59,131.59,131.59,131.59,131.59,131.59,131.59,131.59,131.59,131.59,131.59,131.59,131.59,131.59,131.59,131.59,131.59,131.59,131.59,131.59,131.59,131.59,131.59,131.59,131.59,131.59,131.59,131.59,131.59,131.59,131.59
451101,0451101 Servicio de energía eléctrica,2.5764,100,100,100,100,100,100,100,100,100,100,100,100,100,104.48,104.52,120.65,120.65,120.65,131.6,131.59,131.59,131.59,131.59,131.59,131.59,131.59,131.59,131.59,131.59,131.59,131.59,131.59,131.59,131.59,131.59,131.59,131.59,131.59,131.59,131.59,131.59,131.59,131.59,131.59,131.59,131.59,131.59,131.59,131.59,131.59,131.59,131.59,131.59,131.59,131.59,131.59,131.59,131.59,131.59,131.59,131.59,131.59,131.59,131.59,131.59,131.59,131.59,131.59,131.59,131.59,131.59
452,0452 Gas ,2.0601,113.68,115.98,120,127,128.94,128.94,128.94,128.39,127.94,127.94,127.94,128.34,133.68,138,141.83,144.95,148.43,148.57,148.57,148.57,148.57,148.57,148.57,148.57,148.57,148.57,148.57,148.57,148.57,148.57,148.57,143.08,136.51,133.47,133.47,133.47,133.47,133.47,133.47,133.47,133.47,133.47,133.47,133.47,133.47,133.47,133.47,133.47,133.47,133.47,133.47,133.47,133.47,133.47,133.47,133.47,133.94,138.1,138.1,138.1,138.1,138.1,138.1,138.1,138.1,138.1,138.1,138.1,138.1,136.74,136.09
4521,04521 Gas,2.0601,113.68,115.98,120,127,128.94,128.94,128.94,128.39,127.94,127.94,127.94,128.34,133.68,138,141.83,144.95,148.43,148.57,148.57,148.57,148.57,148.57,148.57,148.57,148.57,148.57,148.57,148.57,148.57,148.57,148.57,143.08,136.51,133.47,133.47,133.47,133.47,133.47,133.47,133.47,133.47,133.47,133.47,133.47,133.47,133.47,133.47,133.47,133.47,133.47,133.47,133.47,133.47,133.47,133.47,133.47,133.94,138.1,138.1,138.1,138.1,138.1,138.1,138.1,138.1,138.1,138.1,138.1,138.1,136.74,136.09
452101,0452101 Gas licuado de uso doméstico,2.0601,113.68,115.98,120,127,128.94,128.94,128.94,128.39,127.94,127.94,127.94,128.34,133.68,138,141.83,144.95,148.43,148.57,148.57,148.57,148.57,148.57,148.57,148.57,148.57,148.57,148.57,148.57,148.57,148.57,148.57,143.08,136.51,133.47,133.47,133.47,133.47,133.47,133.47,133.47,133.47,133.47,133.47,133.47,133.47,133.47,133.47,133.47,133.47,133.47,133.47,133.47,133.47,133.47,133.47,133.47,133.94,138.1,138.1,138.1,138.1,138.1,138.1,138.1,138.1,138.1,138.1,138.1,138.1,136.74,136.09
453,0453 Combustibles líquidos ,0.0257,97.73,99.23,102.57,104.34,105.96,107.98,108.06,110.08,110.7,112.03,113.11,113.54,117.41,120.17,120.28,122.08,125.29,135.94,145.65,153.56,156.2,157.3,158.75,159.74,160.73,161.97,162.58,163.33,164.02,165.13,166.1,163.37,153.73,147.15,146.97,149.67,147.11,145.3,140.27,142.34,147.99,147.1,148.18,143.99,144.09,146.6,143.45,140.92,142.68,143.31,144.49,148.44,148.62,146.33,145.4,141.69,143.05,146.61,146.18,148.51,149.62,152.97,148.65,148.48,152.46,172.17,187.03,179.9,168.68,168.33,177.35
4531,04531 Otros combustibles,0.0257,97.73,99.23,102.57,104.34,105.96,107.98,108.06,110.08,110.7,112.03,113.11,113.54,117.41,120.17,120.28,122.08,125.29,135.94,145.65,153.56,156.2,157.3,158.75,159.74,160.73,161.97,162.58,163.33,164.02,165.13,166.1,163.37,153.73,147.15,146.97,149.67,147.11,145.3,140.27,142.34,147.99,147.1,148.18,143.99,144.09,146.6,143.45,140.92,142.68,143.31,144.49,148.44,148.62,146.33,145.4,141.69,143.05,146.61,146.18,148.51,149.62,152.97,148.65,148.48,152.46,172.17,187.03,179.9,168.68,168.33,177.35
453101,0453101 Gas kerosene,0.0089,90.83,93.46,102.88,107.63,111.55,117.26,117.26,122.47,123.02,125.56,128.92,128.92,139.54,145.65,145.65,149.52,157.61,185.35,210.77,231.56,234.72,234.72,234.72,234.72,234.72,234.72,234.72,234.72,234.72,234.72,234.72,224.62,194.78,176.94,175.64,182.89,175.67,169.72,153.96,158.09,172.9,170.06,171.87,159.67,158.64,164.21,153.78,146.12,150.12,151.37,154.36,164.26,164.31,156.18,152.42,141.7,145.09,154.69,152.77,158.27,160.16,169.78,156.49,155.15,165.32,219.5,261.36,239.01,205.24,202.18,227.61
453102,0453102 Trementina,0.0167,101.41,102.31,102.41,102.58,102.98,103.04,103.15,103.47,104.12,104.81,104.67,105.34,105.59,106.57,106.74,107.43,108.04,109.56,110.89,111.92,114.29,115.97,118.19,119.71,121.24,123.13,124.07,125.22,126.28,127.98,129.47,130.67,131.82,131.24,131.67,131.93,131.86,132.26,132.97,133.94,134.68,134.85,135.53,135.62,136.32,137.2,137.93,138.14,138.71,139.01,139.23,140,140.25,141.07,141.66,141.68,141.96,142.3,142.65,143.3,144,143.99,144.47,144.92,145.59,146.9,147.35,148.35,149.17,150.26,150.52
454,0454 Combustibles sólidos,0.1255,102.36,101.51,101.63,102.02,104.44,105.68,106.36,107.14,107.44,108.7,109.87,110.34,110.68,111.06,111.04,112.56,113.06,113.87,114.24,114.4,114.8,115.86,116.5,116.65,117.93,118.4,119.81,121.88,122.89,124.68,125.5,125.77,125.72,126.15,126.58,127.47,127.58,128.1,129.4,130.65,132.56,133.95,135.26,135.74,136.18,136.95,137.64,136.76,137.41,137.76,137.89,138.91,139.82,141.12,139.1,140.39,141.06,140.99,141.47,141.9,141.32,142.84,143.69,147.16,146.91,148.98,150.01,150.21,150.22,151.52,152.57
4541,04541 Combustibles sólidos,0.1255,102.36,101.51,101.63,102.02,104.44,105.68,106.36,107.14,107.44,108.7,109.87,110.34,110.68,111.06,111.04,112.56,113.06,113.87,114.24,114.4,114.8,115.86,116.5,116.65,117.93,118.4,119.81,121.88,122.89,124.68,125.5,125.77,125.72,126.15,126.58,127.47,127.58,128.1,129.4,130.65,132.56,133.95,135.26,135.74,136.18,136.95,137.64,136.76,137.41,137.76,137.89,138.91,139.82,141.12,139.1,140.39,141.06,140.99,141.47,141.9,141.32,142.84,143.69,147.16,146.91,148.98,150.01,150.21,150.22,151.52,152.57
454101,0454101 Carbón vegetal,0.1255,102.36,101.51,101.63,102.02,104.44,105.68,106.36,107.14,107.44,108.7,109.87,110.34,110.68,111.06,111.04,112.56,113.06,113.87,114.24,114.4,114.8,115.86,116.5,116.65,117.93,118.4,119.81,121.88,122.89,124.68,125.5,125.77,125.72,126.15,126.58,127.47,127.58,128.1,129.4,130.65,132.56,133.95,135.26,135.74,136.18,136.95,137.64,136.76,137.41,137.76,137.89,138.91,139.82,141.12,139.1,140.39,141.06,140.99,141.47,141.9,141.32,142.84,143.69,147.16,146.91,148.98,150.01,150.21,150.22,151.52,152.57
5,05 Muebles y Artículos para el Hogar,5.1732,102.3,102.63,102.96,103.26,103.78,104.32,104.75,105.28,105.95,106.62,107.04,107.65,108.43,108.95,109.77,110.32,110.96,111.69,112.36,112.9,113.9,114.81,115.48,116.13,116.61,116.74,117.29,117.61,117.98,118.21,118.54,118.47,118.84,119.07,119.24,119.37,119.62,119.5,119.87,120.14,120.34,120.58,120.76,120.84,121.41,121.69,121.93,122.07,122.17,122.22,122.6,122.81,123.34,123.48,123.78,123.65,124,124.18,124.3,124.23,124.33,124.15,124.85,124.97,125.48,125.71,126.08,126.03,126.7,127.27,127.85
51,051 Muebles y Accesorios,0.4929,104.95,105.57,106.75,107.54,108.66,110.63,112.11,114.13,116.32,117.85,119.71,121.05,122.66,123.65,125.12,125.92,127.51,128.52,129.11,129.29,130.08,130.65,131.24,131.85,132.17,132.59,133.53,133.91,133.97,134.3,134.6,134.01,134.54,134.95,135.1,135.4,135.92,135.59,136.07,136.28,136.58,137.01,137.52,137.2,138.05,138.12,138.47,138.98,139.13,138.96,139.36,139.71,139.91,140.23,140.44,140.22,140.71,140.81,140.77,141.09,141.5,141.07,142.43,142.87,143.47,143.8,144.04,144.05,144.75,145.2,146.28
511,0511 Muebles y accesorios ,0.4302,104.34,104.86,105.78,106.62,107.7,108.88,110.21,111.97,113.22,114.46,115.72,116.89,118.41,118.99,120.2,120.95,121.74,122.6,123.14,123.3,123.94,124.23,124.71,125.18,125.52,125.31,125.53,125.78,125.82,126.1,126.45,125.59,125.99,126.27,126.15,126.26,126.56,125.82,126.18,126.3,126.33,126.41,126.62,126.07,126.68,126.73,126.91,127.07,127,126.34,126.54,126.56,126.35,126.41,126.42,125.92,126.3,126.38,126.33,126.27,126.39,125.71,126.11,126.25,126.4,126.56,126.59,126.41,126.87,127.14,127.49
5111,05111 Muebles y accesorios,0.4302,104.34,104.86,105.78,106.62,107.7,108.88,110.21,111.97,113.22,114.46,115.72,116.89,118.41,118.99,120.2,120.95,121.74,122.6,123.14,123.3,123.94,124.23,124.71,125.18,125.52,125.31,125.53,125.78,125.82,126.1,126.45,125.59,125.99,126.27,126.15,126.26,126.56,125.82,126.18,126.3,126.33,126.41,126.62,126.07,126.68,126.73,126.91,127.07,127,126.34,126.54,126.56,126.35,126.41,126.42,125.92,126.3,126.38,126.33,126.27,126.39,125.71,126.11,126.25,126.4,126.56,126.59,126.41,126.87,127.14,127.49
511101,0511101 Juego de sala,0.1053,103.59,104.13,104.99,105.67,106.45,107.56,108.78,110.22,111.34,112.42,113.72,114.7,116.58,117.3,118.45,119.03,119.67,120.89,121.29,121.43,121.9,122.09,122.32,122.64,122.73,122.58,122.81,122.5,122.71,122.97,123.24,122.38,123.01,123.2,122.83,123.14,123.52,122.32,122.83,123.13,123.08,123.35,123.54,122.75,123.71,123.98,123.94,124.13,124.01,123.18,123.52,123.49,123.54,123.5,123.5,122.79,123.36,123.38,123.39,123.3,123.36,122.52,122.83,122.86,122.94,123.17,123.18,123.24,123.58,123.57,123.84
511102,0511102 Camas,0.1837,104.61,105.16,106.14,107.01,107.95,109.28,110.71,113.16,114.63,116.05,117.46,119.2,120.52,121.24,122.37,123.32,124.45,125.1,125.83,126.23,126.86,127.45,127.9,128.63,129.18,129.34,129.37,129.82,129.75,130.09,130.57,130.11,130.44,131.07,131.12,130.97,131.43,130.79,131.05,131.17,131.28,131.3,131.51,131,131.42,131.55,131.87,132.12,131.98,131.45,131.56,131.62,131.31,131.24,131.19,130.96,131.12,131.33,131.22,131.3,131.27,130.88,131.11,131.17,131.4,131.56,131.63,131.48,131.86,132.28,132.71
511103,0511103 Juego de comedor,0.0726,104.52,104.96,105.6,106.9,108.72,109.86,110.79,112.24,113.32,114.67,115.53,116.45,118.43,118.62,119.87,120.68,121.3,122.32,122.89,122.7,123.23,123.53,123.91,124.55,124.77,124.69,124.99,125.42,125.46,125.85,126.05,125.35,125.36,125.24,125.15,125.4,125.64,125.49,125.82,126,126.2,126.37,126.75,126.45,126.95,126.98,127.07,127.34,127.41,127.16,127.35,127.42,127.2,127.46,127.67,127.34,127.44,127.78,127.75,127.81,128.03,127.15,127.58,127.83,127.76,128.03,128.16,127.8,128.02,128.27,128.37
511104,0511104 Colchón,0.044,104.84,106.06,107.97,108.43,109.98,111.2,113.28,114.43,115.95,117.13,119.06,120.11,121.7,122.43,123.99,124.36,124.8,125.57,125.82,125.59,126.75,126.17,127.31,127.39,127.51,125.64,126.16,126.83,126.93,127.01,127.4,126.01,127.07,126.9,127.21,127.04,126.84,125.21,126.29,127.05,126.88,126.67,126.87,125.97,126.92,126.25,126.75,126.85,126.85,125.27,125.8,125.95,125.35,125.9,125.73,124.08,125.59,124.92,125.02,124.41,125.24,123.59,124.96,125.74,125.88,125.78,125.44,125.01,127.61,127.81,128.96
511105,0511105 Cuna,0.0246,104.09,103.29,103.14,103.76,104.11,104.4,105.46,105.37,105.49,105.95,105.91,104.62,104.46,104.32,105.72,106.25,106.21,106.78,106.93,107.07,107.83,107.97,108.86,108.14,108.71,108.12,108.97,108.82,108.9,108.84,108.87,105.48,105.44,105.44,104.38,105.55,105.38,105.79,105.1,102.94,102.57,102.57,102.48,102.5,102.71,102.59,102.3,101.49,101.73,101.12,100.82,100.42,100.61,100.66,100.79,100.72,100.7,100.71,100.6,100.24,100.19,100.25,100.48,100.28,100.74,100.73,100.93,100.45,98.95,99.49,98.95
513,0513 Reparación de muebles,0.0627,109.12,110.42,113.34,113.8,115.25,122.69,125.09,128.98,137.61,141.14,147.05,149.57,151.87,155.62,158.87,160.01,167.09,169.12,170.05,170.4,172.22,174.71,176,177.62,177.8,182.53,188.45,189.72,189.86,190.55,190.55,191.81,193.24,194.51,196.51,198.14,200.12,202.65,203.91,204.76,206.9,209.73,212.27,213.59,216.04,216.3,217.79,220.7,222.39,225.54,227.32,229.92,232.96,235.04,236.65,238.38,239.65,239.84,239.84,242.79,245.15,246.47,254.43,256.9,260.62,262.12,263.83,265.14,267.41,269.17,275.19
5131,05131 Reparación de muebles,0.0627,109.12,110.42,113.34,113.8,115.25,122.69,125.09,128.98,137.61,141.14,147.05,149.57,151.87,155.62,158.87,160.01,167.09,169.12,170.05,170.4,172.22,174.71,176,177.62,177.8,182.53,188.45,189.72,189.86,190.55,190.55,191.81,193.24,194.51,196.51,198.14,200.12,202.65,203.91,204.76,206.9,209.73,212.27,213.59,216.04,216.3,217.79,220.7,222.39,225.54,227.32,229.92,232.96,235.04,236.65,238.38,239.65,239.84,239.84,242.79,245.15,246.47,254.43,256.9,260.62,262.12,263.83,265.14,267.41,269.17,275.19
513101,0513101 Reparación de muebles,0.0627,109.12,110.42,113.34,113.8,115.25,122.69,125.09,128.98,137.61,141.14,147.05,149.57,151.87,155.62,158.87,160.01,167.09,169.12,170.05,170.4,172.22,174.71,176,177.62,177.8,182.53,188.45,189.72,189.86,190.55,190.55,191.81,193.24,194.51,196.51,198.14,200.12,202.65,203.91,204.76,206.9,209.73,212.27,213.59,216.04,216.3,217.79,220.7,222.39,225.54,227.32,229.92,232.96,235.04,236.65,238.38,239.65,239.84,239.84,242.79,245.15,246.47,254.43,256.9,260.62,262.12,263.83,265.14,267.41,269.17,275.19
52,052 Productos Textiles para el Hogar,0.2762,100.66,100.78,101.15,101.71,101.89,102.92,103.26,103.54,103.72,104.05,104.45,105.12,105.76,106.14,106.58,106.9,106.74,107.41,107.95,107.76,108.16,108.15,108.04,107.57,108.04,106.6,107.65,107.85,107.71,107.49,107.86,107.61,107.47,107.38,107.29,107.11,106.99,106.28,106.64,106.97,106.68,106.69,106.53,106.42,106.83,106.78,106.89,106.46,106.32,106.45,106.8,106.79,106.88,106.62,106.87,105.99,105.92,106.5,106.52,106,106.56,105.97,106.41,106.37,106.55,106.51,106.65,105.53,106.53,106.75,106.38
521,0521 Productos textiles para el hogar ,0.2762,100.66,100.78,101.15,101.71,101.89,102.92,103.26,103.54,103.72,104.05,104.45,105.12,105.76,106.14,106.58,106.9,106.74,107.41,107.95,107.76,108.16,108.15,108.04,107.57,108.04,106.6,107.65,107.85,107.71,107.49,107.86,107.61,107.47,107.38,107.29,107.11,106.99,106.28,106.64,106.97,106.68,106.69,106.53,106.42,106.83,106.78,106.89,106.46,106.32,106.45,106.8,106.79,106.88,106.62,106.87,105.99,105.92,106.5,106.52,106,106.56,105.97,106.41,106.37,106.55,106.51,106.65,105.53,106.53,106.75,106.38
5211,05211 Productos textiles para el hogar,0.2762,100.66,100.78,101.15,101.71,101.89,102.92,103.26,103.54,103.72,104.05,104.45,105.12,105.76,106.14,106.58,106.9,106.74,107.41,107.95,107.76,108.16,108.15,108.04,107.57,108.04,106.6,107.65,107.85,107.71,107.49,107.86,107.61,107.47,107.38,107.29,107.11,106.99,106.28,106.64,106.97,106.68,106.69,106.53,106.42,106.83,106.78,106.89,106.46,106.32,106.45,106.8,106.79,106.88,106.62,106.87,105.99,105.92,106.5,106.52,106,106.56,105.97,106.41,106.37,106.55,106.51,106.65,105.53,106.53,106.75,106.38
521101,0521101 Sábanas,0.0797,98.06,98.15,97.53,98.07,97.89,98.78,99.03,99.21,99.5,99.67,99.77,99.93,100.59,100.54,100.8,100.72,100.2,100.71,100.86,100.31,101.51,101.09,101.18,100.19,100.87,99.27,100.8,100.96,101.04,100.11,100.53,99.38,99.21,99.45,99.62,99.33,99.69,98.58,98.81,99.06,99.11,98.67,98.68,98.05,98.97,98.31,98.63,97.52,97.61,98.23,97.99,98.37,98.3,98.56,99.02,97.04,96.46,97.55,97.61,97.09,97.31,96.82,96.87,97.43,97.46,97.42,97.55,96.05,97.26,97.59,97.51
521103,0521103 Mosquiteros,0.0221,103.96,104.15,105.67,106.38,109.53,110.2,110.93,111.7,111.93,113.04,114.25,115.51,116.02,116.46,117.27,119.56,120.76,122.06,123.08,123.55,123.73,124.49,124.27,123.74,123.1,123.48,124.19,124.9,124.99,125.53,125.56,126.07,126.13,125.87,126,125.99,125.93,126.46,125.99,126.33,127.08,127.79,128.8,128.61,129.12,129.55,129.25,129.82,129.71,130.78,130.35,130.77,131.66,130.27,131.53,133.2,133.93,134.4,134.97,134.8,135.45,135.38,135.68,135.57,136.16,136.55,136.72,137.57,137.65,137.65,137.85
521104,0521104 Toallas,0.0251,102.77,101.7,102.48,102.3,102.87,102.99,103.32,103.73,103.79,103.75,103.88,104.55,105.77,105.82,105.93,106.76,107.17,107.54,107.88,108.32,108.31,108.72,108.97,109.19,108.99,107.86,109.47,108.72,110.36,110.14,110.73,110.48,110.75,109.95,109.87,109.85,109.39,108.61,109.45,109.45,109.4,109.4,107.97,108.39,108.96,108.41,108.92,109.12,108.81,107.59,108.81,108.72,108.16,107.25,108.3,108.25,107.61,108.13,108.72,108.27,108.35,106.58,108.21,108.45,108.82,108.96,108.75,107.7,108.97,109.13,109.27
521105,0521105 Colchas ó cubrecamas,0.065,101.25,101.33,102.14,102.42,102.02,103.84,103.97,104.47,104.64,104.98,105.35,106.2,106.88,107.71,107.84,107.93,107.85,108.4,109.37,108.51,109.1,109.27,109.4,108.28,109.18,108.1,109.36,109.57,108.07,108.31,108.69,108.41,107.69,107.73,107.47,106.37,106,105.88,106.53,106.96,105.87,106.45,106.11,106.27,106.46,106.55,106.4,106.49,106.55,105.83,107.09,106.53,106.97,106.78,106.74,105.58,105.36,105.79,104.91,105.01,105.57,104.9,105.54,105.66,105.86,105.88,105.93,104.18,105.29,106.01,104.21
521106,0521106 Cortinas de tela,0.06,100.37,101.02,100.69,100.95,101.17,102.11,102.59,102.43,102.48,103.12,103.54,103.81,104,104.97,105.37,105.33,104.59,106.05,106.36,106.56,105.84,105.88,105.28,105.63,106.07,103.72,104.68,104.86,105.21,105.39,105.71,106.1,106.29,105.97,105.4,105.94,105.51,103.93,104.6,104.83,104.38,104.3,103.84,103.93,103.64,104.67,104.62,103.99,103.22,103.6,103.9,103.72,103.41,103.25,102.85,102.24,102.63,102.9,103.11,101.63,102.72,102.04,102.65,101.45,101.68,101.04,101.21,100.18,101.05,100.66,100.75
521107,0521107 Almohadas,0.0243,103.2,103.26,106.07,108.76,108.54,109.37,109.87,110.34,110.58,110.37,111.37,113.65,114.78,114.19,116.06,116.89,117.37,116.7,117.68,118.22,118.82,118.53,117.96,118.34,118.68,117.07,116.01,116.83,116.4,115.51,115.95,116.51,116.58,116.54,117.05,117.53,117.58,117.71,117.18,118.05,117.98,117.63,118.37,118.19,119.02,117.98,118.47,117.82,118.12,118.83,118.54,118.89,119.48,118.82,119.03,118.6,119.36,119.63,120.36,120.18,120.9,121.22,120.88,121.05,121.04,121.73,122.33,122.12,123,123.29,123.66
53,053 Artefactos para el Hogar,0.7172,105.54,105.31,106,106.49,107.85,108.84,109.6,110.47,111.74,112.98,113.74,115.05,117.01,117.61,118.33,119.28,120.05,120.62,121.09,120.86,121.4,121.47,121.54,121.27,121.17,119.38,119.6,119.84,119.2,118.79,118.41,116.34,116.75,116.51,116.3,116.29,115.94,114.22,114.73,115.04,115.37,115.26,115.34,114.19,114.94,115.22,115.58,115.42,115.38,114.22,114.79,114.66,114.27,113.98,113.87,112.13,112.74,112.33,112.56,111.81,111.31,108.81,110.12,109.98,110.03,109.63,109.55,108.26,108.95,108.66,108.46
531,"0531 Artefactos para el hogar grandes, eléctricos o no ",0.6329,105.44,105.14,105.8,106.35,107.71,108.81,109.58,110.49,111.8,112.99,113.71,114.96,116.89,117.5,118.27,119.22,119.97,120.59,121.1,120.86,121.38,121.53,121.55,121.31,121.21,119.41,119.55,119.78,119.1,118.71,118.26,116.11,116.54,116.26,116.03,115.97,115.61,113.76,114.21,114.58,114.91,114.74,114.76,113.57,114.35,114.58,114.97,114.79,114.75,113.59,114.12,114.04,113.64,113.26,113.15,111.37,111.93,111.53,111.77,111.04,110.44,107.86,109.2,109.08,109.12,108.75,108.62,107.26,107.97,107.58,107.48
5311,05311 Artefactos grandes para el hogar,0.6329,105.44,105.14,105.8,106.35,107.71,108.81,109.58,110.49,111.8,112.99,113.71,114.96,116.89,117.5,118.27,119.22,119.97,120.59,121.1,120.86,121.38,121.53,121.55,121.31,121.21,119.41,119.55,119.78,119.1,118.71,118.26,116.11,116.54,116.26,116.03,115.97,115.61,113.76,114.21,114.58,114.91,114.74,114.76,113.57,114.35,114.58,114.97,114.79,114.75,113.59,114.12,114.04,113.64,113.26,113.15,111.37,111.93,111.53,111.77,111.04,110.44,107.86,109.2,109.08,109.12,108.75,108.62,107.26,107.97,107.58,107.48
531101,0531101 Nevera,0.2616,105.17,104.71,105.37,105.94,107.15,107.69,108.14,108.73,109.34,110.11,110.51,111.21,113.05,113.45,113.83,114.66,115.39,116.15,116.62,116.57,117.33,117.42,117.43,117.26,117.45,116.15,116.19,116.84,116.27,115.97,115.73,113.87,114.52,114.37,114.12,114.25,114.19,112.1,112.66,113.2,113.55,113.79,114.2,112.69,113.92,113.85,114.35,113.87,113.71,112.49,113.03,113.03,112.55,112.33,112.11,110.43,110.81,110.48,110.61,109.72,109.33,106.55,107.86,107.71,107.81,107.59,107.67,106.2,106.84,106.65,106.48
531102,0531102 Lavadora,0.17,105.73,105.76,106.76,107.47,109.36,111.88,113.39,114.97,117.39,119.12,120.16,121.4,123.19,124.14,125.55,126.81,127.6,128.05,128.54,127.8,128.23,128.43,128.36,128.15,127.94,125.13,125.29,124.87,123.79,123.16,122.49,119.56,119.52,119.27,118.88,118.52,117.91,115.5,115.55,115.7,115.89,115.29,115.27,113.99,114.38,115.45,115.83,116.26,116.15,114.71,115.23,114.88,114.71,113.93,113.79,111.78,112.46,112.15,112.16,111.46,110.62,107.79,109.28,108.81,108.91,108.14,107.69,106.31,107.19,106.68,107.16
531103,0531103 Estufa de gas,0.1332,105.58,105.32,105.58,105.94,107.1,107.62,108.2,108.78,109.93,111.23,112.02,113.86,115.66,116.15,116.66,117.69,118.44,118.97,119.78,119.82,120.14,120.21,120.29,120.03,119.58,117.84,118.01,118.12,117.45,117.47,117.11,115.29,116.17,115.76,115.62,115.58,114.94,114.16,114.73,115.05,115.34,115,114.79,114.04,114.61,114.45,114.89,114.61,114.81,113.87,114.31,114.44,113.76,113.66,113.86,112.14,112.89,112.63,113.17,112.66,111.51,109.35,110.88,111,111.05,110.87,110.8,109.7,110.36,109.78,109.33
531105,0531105 Equipos de climatización,0.0681,105.5,104.93,105.48,105.91,106.95,107.79,108.34,109.43,110.99,112.21,113.26,115.48,118.3,119.09,120.29,120.79,121.48,122.16,122.34,122.02,122.29,122.65,122.84,122.22,121.99,120.7,121.16,121.58,121.45,120.51,119.67,117.68,117.61,117,117.05,117,116.65,115.03,115.83,116.13,116.82,116.5,115.59,114.95,115.47,115.43,115.34,114.98,115.16,114.46,115.17,115.05,114.96,114.39,114.16,112.39,113.07,111.88,112.47,111.85,112.17,110.2,110.89,111.2,110.93,110.56,110.31,108.93,109.59,109.1,108.51
532,0532 Artefactos eléctricos para el hogar pequeños ,0.0843,106.3,106.53,107.46,107.58,108.88,109.02,109.7,110.32,111.32,112.92,113.94,115.66,117.97,118.48,118.79,119.74,120.63,120.9,120.99,120.89,121.54,121.02,121.49,121.03,120.9,119.17,120,120.34,119.95,119.46,119.54,118.11,118.36,118.35,118.33,118.71,118.35,117.66,118.59,118.53,118.88,119.17,119.69,118.84,119.35,120.06,120.2,120.17,120.07,118.92,119.8,119.27,118.97,119.35,119.3,117.85,118.79,118.28,118.55,117.6,117.79,115.96,116.98,116.78,116.83,116.23,116.58,115.77,116.33,116.75,115.83
5321,05321 Artefactos pequeños para el hogar,0.0843,106.3,106.53,107.46,107.58,108.88,109.02,109.7,110.32,111.32,112.92,113.94,115.66,117.97,118.48,118.79,119.74,120.63,120.9,120.99,120.89,121.54,121.02,121.49,121.03,120.9,119.17,120,120.34,119.95,119.46,119.54,118.11,118.36,118.35,118.33,118.71,118.35,117.66,118.59,118.53,118.88,119.17,119.69,118.84,119.35,120.06,120.2,120.17,120.07,118.92,119.8,119.27,118.97,119.35,119.3,117.85,118.79,118.28,118.55,117.6,117.79,115.96,116.98,116.78,116.83,116.23,116.58,115.77,116.33,116.75,115.83
532101,0532101 Abanicos portátiles,0.0279,107.87,108.37,109.29,109.8,111.17,112.26,112.58,114.11,115.48,118.2,119.64,123.43,128.09,129.14,129.78,131.26,131.85,132.34,132.84,132.72,132.83,131.64,131.84,131.35,130.71,129.4,129.66,129.88,129.41,129.45,128.99,128.12,127.45,127.36,127.21,127.54,126.75,126.48,126.98,127.2,127.13,127.14,127.99,127.4,128.05,128.9,129.17,129.34,129.59,129.2,129.84,129.83,129.86,129.42,129.38,127.99,128.37,127.6,127.86,127.27,127.53,125.71,127.05,127.07,127,126.81,127.23,126.71,127.39,127.65,126.92
532102,0532102 Licuadora,0.0564,105.52,105.61,106.55,106.49,107.74,107.41,108.26,108.44,109.26,110.3,111.12,111.81,112.96,113.2,113.35,114.03,115.07,115.22,115.11,115.03,115.95,115.76,116.36,115.92,116.04,114.11,115.2,115.61,115.26,114.51,114.86,113.15,113.86,113.89,113.93,114.33,114.19,113.29,114.43,114.24,114.8,115.22,115.58,114.6,115.04,115.68,115.76,115.62,115.36,113.83,114.83,114.04,113.58,114.35,114.31,112.82,114.03,113.66,113.94,112.8,112.97,111.13,111.98,111.69,111.79,110.99,111.31,110.35,110.84,111.35,110.33
54,054 Artículos de Vidrio y Utensilios para el  Hogar,0.0785,102.75,103.14,104.3,105.15,105.4,105.95,106.3,107,107.66,108.38,108.92,109.5,110.78,111.27,112.02,112.37,112.57,113.32,113.81,114.29,114.63,114.86,115.16,115.47,115.8,115.47,116.1,116.2,116.29,116.29,116.47,116.15,116.01,116.33,116.25,116.26,116.4,115.94,116.32,116.16,116.28,116.19,116.03,115.7,116.26,116.16,116.16,116.12,116.07,115.66,115.98,115.92,115.61,115.39,115.68,114.74,115.59,115.71,115.74,115.51,115.78,115.53,115.95,115.89,115.77,115.76,115.62,115.61,117.4,117.95,118.15
541,0541 Artículos de vidrio y utensilios no eléctricoss ,0.0785,102.75,103.14,104.3,105.15,105.4,105.95,106.3,107,107.66,108.38,108.92,109.5,110.78,111.27,112.02,112.37,112.57,113.32,113.81,114.29,114.63,114.86,115.16,115.47,115.8,115.47,116.1,116.2,116.29,116.29,116.47,116.15,116.01,116.33,116.25,116.26,116.4,115.94,116.32,116.16,116.28,116.19,116.03,115.7,116.26,116.16,116.16,116.12,116.07,115.66,115.98,115.92,115.61,115.39,115.68,114.74,115.59,115.71,115.74,115.51,115.78,115.53,115.95,115.89,115.77,115.76,115.62,115.61,117.4,117.95,118.15
5411,05411 Artículos y utensilios para el hogar,0.0785,102.75,103.14,104.3,105.15,105.4,105.95,106.3,107,107.66,108.38,108.92,109.5,110.78,111.27,112.02,112.37,112.57,113.32,113.81,114.29,114.63,114.86,115.16,115.47,115.8,115.47,116.1,116.2,116.29,116.29,116.47,116.15,116.01,116.33,116.25,116.26,116.4,115.94,116.32,116.16,116.28,116.19,116.03,115.7,116.26,116.16,116.16,116.12,116.07,115.66,115.98,115.92,115.61,115.39,115.68,114.74,115.59,115.71,115.74,115.51,115.78,115.53,115.95,115.89,115.77,115.76,115.62,115.61,117.4,117.95,118.15
541103,0541103 Cuchillo,0.0036,103.49,103.89,104.65,104.86,105.46,106.14,106.12,106.04,105.43,105.89,105.78,106.33,106.84,106.97,108.19,108.93,109.19,109.2,109.34,109.36,109.48,109.59,109.32,109.28,109.61,109.68,109.89,110.48,110.68,110.64,111.26,111.32,111.34,111.6,111.66,111.98,111.95,111.97,112.38,112.51,112.27,112.88,112.99,113.18,113.17,113.47,113.44,114.02,113.78,113.98,114.57,114.49,114.41,114.61,114.99,114.99,115.39,115.54,115.59,115.44,115.4,115.62,116.1,116.74,116.61,116.65,116.95,116.68,116.86,116.98,117.09
541104,0541104 Utensilios para cocina,0.0411,103.76,104.43,106.2,107.02,106.84,107.56,107.89,108.8,109.61,110.73,111.66,112.48,113.91,114.16,115.09,115.24,115.17,116.34,116.75,117.46,117.85,118.09,118.34,118.55,118.59,118.05,118.91,118.86,118.92,118.72,118.38,118.05,117.72,118.24,118.11,118.07,118.23,117.75,118.37,117.93,118.08,118.02,117.61,117.1,118.07,117.58,117.58,117.32,117.35,116.39,117.09,117.06,116.63,116.45,117.31,115.35,116.62,116.69,116.81,116.31,116.48,116.28,116.96,116.97,116.91,116.93,116.5,115.86,116.99,117.26,117.21
541105,0541105 Vajilla para el hogar,0.0338,101.44,101.49,101.95,102.9,103.65,103.97,104.4,104.92,105.53,105.79,105.92,106.21,107.39,108.2,108.68,109.24,109.75,110.08,110.69,110.95,111.27,111.49,111.9,112.39,113.06,112.94,113.33,113.56,113.7,113.93,114.68,114.34,114.42,114.5,114.48,114.5,114.64,114.16,114.23,114.4,114.52,114.3,114.43,114.27,114.38,114.72,114.72,114.89,114.76,114.95,114.78,114.67,114.5,114.19,113.77,113.96,114.36,114.53,114.45,114.55,114.96,114.61,114.7,114.47,114.3,114.25,114.42,115.2,117.95,118.89,119.4
55,055 Herramientas y Equipos para el Hogar ,0.0603,104.61,104.98,105.26,105.74,106.28,106.78,107.67,108.85,109.53,109.91,110.98,111.44,111.95,112.36,112.47,112.79,113.33,113.91,114.63,115.09,115.42,116.2,116.6,116.89,116.76,117.2,117.34,117.02,116.61,116.86,116.65,116.56,117.05,116.82,117.02,116.95,116.52,116.4,116.65,116.97,116.91,116.64,116.52,116.7,116.94,116.58,116.85,117.27,117.42,117.68,117.81,118.08,118.01,117.95,117.94,117.89,117.89,117.72,117.97,117.37,117.8,117.65,118.35,118.11,118.8,118.85,118.86,118.78,119.01,119.33,119.35
552,0552 Herramientas pequeñas y accesorios diversos ,0.0603,104.61,104.98,105.26,105.74,106.28,106.78,107.67,108.85,109.53,109.91,110.98,111.44,111.95,112.36,112.47,112.79,113.33,113.91,114.63,115.09,115.42,116.2,116.6,116.89,116.76,117.2,117.34,117.02,116.61,116.86,116.65,116.56,117.05,116.82,117.02,116.95,116.52,116.4,116.65,116.97,116.91,116.64,116.52,116.7,116.94,116.58,116.85,117.27,117.42,117.68,117.81,118.08,118.01,117.95,117.94,117.89,117.89,117.72,117.97,117.37,117.8,117.65,118.35,118.11,118.8,118.85,118.86,118.78,119.01,119.33,119.35
5521,05521 Herramientas y artefactos pequeños para el hogar,0.0603,104.61,104.98,105.26,105.74,106.28,106.78,107.67,108.85,109.53,109.91,110.98,111.44,111.95,112.36,112.47,112.79,113.33,113.91,114.63,115.09,115.42,116.2,116.6,116.89,116.76,117.2,117.34,117.02,116.61,116.86,116.65,116.56,117.05,116.82,117.02,116.95,116.52,116.4,116.65,116.97,116.91,116.64,116.52,116.7,116.94,116.58,116.85,117.27,117.42,117.68,117.81,118.08,118.01,117.95,117.94,117.89,117.89,117.72,117.97,117.37,117.8,117.65,118.35,118.11,118.8,118.85,118.86,118.78,119.01,119.33,119.35
552101,0552101 Bombillas,0.0068,102.26,102.71,103.1,103.77,104.28,104.55,105.06,106.01,106.7,107.39,108.17,108.59,109.3,110.23,110.69,111.05,111.62,111.96,112.48,112.79,113.27,113.58,113.86,113.98,114.14,114.38,114.59,114.94,115.38,115.52,115.76,115.86,116.17,116.29,116.6,116.79,117.02,117.03,117.17,117.01,117.16,117.32,117.35,117.43,117.44,117.38,117.38,117.5,117.69,117.63,117.67,117.73,117.79,117.66,117.76,117.63,117.72,117.45,117.45,117.4,117.13,117.32,117.29,117.22,117.35,117.63,117.84,118.07,118.16,118.06,118.29
552103,0552103 Cerradura de puerta para el hogar,0.0535,104.91,105.27,105.54,105.99,106.54,107.06,108,109.21,109.89,110.23,111.33,111.81,112.29,112.63,112.7,113.01,113.54,114.16,114.9,115.38,115.7,116.53,116.95,117.26,117.09,117.55,117.69,117.28,116.76,117.03,116.76,116.65,117.16,116.88,117.08,116.98,116.45,116.32,116.58,116.97,116.88,116.56,116.41,116.6,116.88,116.48,116.78,117.24,117.38,117.69,117.82,118.13,118.04,117.99,117.96,117.92,117.91,117.76,118.04,117.36,117.89,117.69,118.49,118.22,118.98,119.01,119,118.87,119.12,119.5,119.48
56,056 Bienes y Servicios para Conservación del Hogar,3.548,101.36,101.77,101.89,102.05,102.34,102.56,102.78,103.03,103.42,103.87,104.02,104.39,104.82,105.26,106.07,106.51,107.08,107.8,108.54,109.35,110.54,111.75,112.63,113.57,114.2,114.82,115.34,115.7,116.38,116.76,117.24,117.67,118.06,118.4,118.66,118.83,119.21,119.5,119.83,120.09,120.29,120.62,120.82,121.22,121.73,122.09,122.3,122.49,122.64,122.96,123.3,123.59,124.41,124.66,125.07,125.34,125.65,125.94,126.07,126.13,126.26,126.61,127.13,127.27,127.9,128.28,128.79,129.07,129.68,130.48,131.23
561,0561 Bienes para el hogar no duraderos ,1.8172,102.15,102.63,102.86,103.18,103.65,103.9,104.18,104.59,105.31,105.89,106.13,106.41,107.07,107.63,108.05,108.78,109.87,111.14,112.48,114.05,116.09,118.32,119.82,121.12,122.21,123.24,124.01,124.61,125.29,125.89,126.47,127.12,127.72,128.25,128.61,128.86,129.26,129.48,129.94,130.27,130.52,130.88,131.23,131.48,131.81,132.07,132.19,132.35,132.45,132.69,133.22,133.69,135.01,135.46,135.98,136.33,136.66,137.17,137.27,137.19,137.3,137.89,138.38,138.29,139.18,139.69,140.4,140.78,141.82,143.17,144.32
5611,05611 Productos de limpieza y artículos para el hogar,1.8172,102.15,102.63,102.86,103.18,103.65,103.9,104.18,104.59,105.31,105.89,106.13,106.41,107.07,107.63,108.05,108.78,109.87,111.14,112.48,114.05,116.09,118.32,119.82,121.12,122.21,123.24,124.01,124.61,125.29,125.89,126.47,127.12,127.72,128.25,128.61,128.86,129.26,129.48,129.94,130.27,130.52,130.88,131.23,131.48,131.81,132.07,132.19,132.35,132.45,132.69,133.22,133.69,135.01,135.46,135.98,136.33,136.66,137.17,137.27,137.19,137.3,137.89,138.38,138.29,139.18,139.69,140.4,140.78,141.82,143.17,144.32
561101,0561101 Detergentes,0.7696,101.79,102.57,102.7,103.22,103.68,104.05,104.25,104.71,105.55,106.15,106.23,106.39,107.13,107.54,107.94,108.78,109.59,110.46,111.54,112.36,113.6,115.18,116.02,116.78,117.72,118.41,119.12,119.64,120.17,120.49,121.3,121.98,122.52,123.01,123.2,123.5,123.98,124.11,124.59,125.14,125.23,125.44,125.96,126.16,126.35,126.52,126.57,126.78,126.74,126.81,127.54,127.86,128.07,128.1,128.41,128.48,128.51,128.94,128.93,128.89,128.98,129.71,130.11,129.8,130.54,131.21,131.82,132.57,133.56,135.37,136.92
561102,0561102 Cloro,0.2407,101.15,101.38,101.54,101.42,101.34,101.46,101.56,101.62,102.34,102.89,103.36,103.8,104.27,104.97,105.16,105.47,105.8,106.13,106.39,109.99,115.59,119.4,122.9,124.93,126,126.39,126.86,127.12,127.84,128.27,128.54,128.77,128.86,129.32,129.41,129.45,129.7,130.2,130.48,131.04,131.52,131.81,131.98,132.07,132.24,132.36,132.19,132.47,132.65,132.59,132.8,134.2,141.11,143.33,144.68,145.63,146.33,146.92,146.68,146.91,147.63,148.21,148.37,148.14,148.33,149.19,149.89,149.87,150.53,151.77,151.95
561103,0561103 Jabones,0.1433,102.27,102.47,102.78,102.63,103.59,103.31,104.45,105.09,106.14,106.8,107.19,107.47,108.1,108.69,109.2,110.35,112.09,113.83,115.43,117.45,120.18,123.78,125.92,128.13,129.26,131.01,131.69,133.18,133.63,134.48,134.73,135.02,135.69,136.38,136.76,136.9,137.41,138.04,138.1,137.69,137.65,138.4,138.97,139.26,138.9,139.38,139.71,139.6,140.27,140.8,141.3,141.98,142.36,141.64,142.04,142.82,142.83,143.02,142.74,143.18,143.55,143.2,143.3,143.08,143.61,143.75,144.09,143.97,145.08,147.17,148.86
561104,0561104 Velas,0.0502,101.61,101.54,101.53,101.75,102.05,102.21,102.62,102.79,103.12,103.28,103.4,104,104.95,105.75,106.64,107.08,107.68,108.04,108.46,109.35,111.06,113.56,116.85,118.57,119.88,121.25,121.94,122.65,123.04,123.47,123.73,124.74,124.89,125.2,125.97,126.22,125.77,126.54,126.73,126.81,126.92,127.08,127.13,127.14,127.44,127.89,127.95,128.09,128.11,128.08,128.26,128.35,128.73,128.53,128.54,128.48,128.5,128.71,128.81,128.83,128.96,129.02,129.15,129.54,129.79,129.85,130.21,130.43,130.91,131.18,131.89
561105,0561105 Desinfectantes,0.0927,101.32,101.23,101.61,101.86,102.06,102.22,102.52,103.03,103.64,103.97,104.2,104.6,104.67,105.26,105.68,106.21,108.75,112.87,116.54,119.64,122.11,126.33,128.96,130.82,132.72,133.85,134.63,135.31,136.22,136.79,137,137.59,138.28,137.85,138.37,138.33,138.89,139.08,139.49,139.97,140.16,140.58,140.45,140.54,140.62,141,141.02,140.64,141.18,141.15,141.49,141.43,141.76,142.02,141.47,141.92,142.71,142.87,142.22,143.37,143.98,142.9,143.59,144.43,145.19,145.47,145.88,146.62,147.82,150.11,150.85
561106,0561106 Suavizante de ropa,0.2651,102.03,102.32,102.61,103.01,103.38,103.49,103.44,103.9,104.44,104.58,104.63,104.77,105.26,105.74,106.07,106.52,108.33,110.99,113.71,115.78,118.18,120.55,122,124.26,125.7,127.15,128.06,128.32,129.36,130.82,131.3,132.13,132.49,132.93,133.87,134.35,134.82,134.92,135.84,136.08,136.46,137.12,137.24,137.5,138.46,138.65,139.34,139.58,139.35,140.61,140.65,140.55,141.25,141.97,142.95,143,143.31,144.11,145.07,144.52,144.01,145.59,146.71,146.51,147.94,147.85,148.93,148.51,150.7,151.29,152.62
561107,0561107 Fósforos,0.02,103.35,104.68,105.19,105.81,106.09,106.69,106.99,107.35,107.87,108.32,110.26,112.21,113.77,115.12,116.36,117.15,118.24,120.07,121.21,122.19,122.67,123.74,125.17,126.22,127.18,128.13,128.57,129.76,130.59,131.75,132.61,133.39,133.99,134.62,135.02,135.01,135.01,135.33,135.62,135.96,136.65,137.2,137.85,138.02,138.3,138.72,138.95,139.28,139.67,139.8,141.01,142.79,143.5,144,144.24,145.35,145.97,146.64,146.75,147.4,147.92,148.59,149.6,157.56,173.36,180.65,185.9,187.84,190.32,191.53,192.89
561109,0561109 Brillo verde,0.0354,102.9,103.51,103.34,103.96,104.85,105.14,105.58,106,106.56,107.52,108.01,108.23,108.81,109.32,109.93,110.47,111.33,112.12,112.9,113.85,114.71,115.54,116.02,116.75,117.64,118,118.7,119.37,119.91,120.37,121.17,121.85,122.32,122.98,123.39,123.76,124.35,124.72,125.12,125.28,125.72,126.06,126.25,126.49,126.48,126.57,127.06,127.17,127.49,127.66,128.23,129.19,129.79,129.79,130.01,130.12,130.72,130.96,131.25,131.36,131.32,132.21,132.63,132.95,134.02,134.78,135.41,136.15,136.87,137.22,137.67
561110,0561110 Ambientadores,0.0662,108.64,109.04,109.97,110.02,110.94,110.95,111.3,111.35,110.8,111.92,111.46,111.24,112.01,112.23,111.94,112.96,113.62,113.74,114.15,114.75,113.87,114.72,114.79,115.26,116.3,121.56,124.41,126.85,128.62,129.55,130.56,133,138.15,141.15,142.19,142.99,143.36,143.4,143.33,143.8,144.63,144.85,145.83,147.32,149.73,151.15,150.32,150.54,151.11,150.49,152.91,154.79,158.17,160.29,161.87,163.26,165.5,167.29,167.47,164.08,163.17,162.73,163.18,161.31,162.38,161.94,162.57,163.31,162.97,163.12,164.24
561111,0561111 Escobas y suaper,0.1339,103.28,103.67,104.1,104.53,105.58,106.38,107.13,107.65,108.63,109.91,110.96,111.7,112.72,113.94,115.02,116.11,117.53,118.57,119.67,120.41,121,122.15,122.74,123.04,123.7,124.18,124.63,124.96,125.39,125.9,126.21,126.45,126.68,126.97,127.09,126.99,127.15,127.12,127.76,127.33,127.8,128.27,128.32,128.56,128.72,129.01,129.1,129.29,129.47,129.65,129.89,129.84,130.06,130.11,130.15,130.58,131.11,131.48,131.99,132.1,132.27,132.88,133.64,134.14,134.41,134.67,135.37,135.83,136.14,136.34,136.62
562,0562 Servicios domésticos y  para el hogar ,1.7308,100.54,100.86,100.86,100.86,100.97,101.15,101.3,101.4,101.43,101.75,101.8,102.26,102.45,102.79,103.99,104.14,104.16,104.3,104.4,104.41,104.71,104.85,105.08,105.65,105.8,105.98,106.24,106.34,107.03,107.17,107.56,107.76,107.91,108.06,108.22,108.31,108.66,109.02,109.21,109.41,109.55,109.85,109.88,110.45,111.15,111.6,111.92,112.14,112.34,112.74,112.89,112.99,113.28,113.31,113.61,113.81,114.09,114.15,114.3,114.52,114.66,114.78,115.31,115.7,116.06,116.29,116.6,116.77,116.94,117.15,117.49
5621,05621 Servicio doméstico,1.7308,100.54,100.86,100.86,100.86,100.97,101.15,101.3,101.4,101.43,101.75,101.8,102.26,102.45,102.79,103.99,104.14,104.16,104.3,104.4,104.41,104.71,104.85,105.08,105.65,105.8,105.98,106.24,106.34,107.03,107.17,107.56,107.76,107.91,108.06,108.22,108.31,108.66,109.02,109.21,109.41,109.55,109.85,109.88,110.45,111.15,111.6,111.92,112.14,112.34,112.74,112.89,112.99,113.28,113.31,113.61,113.81,114.09,114.15,114.3,114.52,114.66,114.78,115.31,115.7,116.06,116.29,116.6,116.77,116.94,117.15,117.49
562101,0562101 Servicio doméstico,1.7308,100.54,100.86,100.86,100.86,100.97,101.15,101.3,101.4,101.43,101.75,101.8,102.26,102.45,102.79,103.99,104.14,104.16,104.3,104.4,104.41,104.71,104.85,105.08,105.65,105.8,105.98,106.24,106.34,107.03,107.17,107.56,107.76,107.91,108.06,108.22,108.31,108.66,109.02,109.21,109.41,109.55,109.85,109.88,110.45,111.15,111.6,111.92,112.14,112.34,112.74,112.89,112.99,113.28,113.31,113.61,113.81,114.09,114.15,114.3,114.52,114.66,114.78,115.31,115.7,116.06,116.29,116.6,116.77,116.94,117.15,117.49
6,06 Salud,4.7407,104.08,104.44,104.77,105.24,105.74,106.29,106.72,107.26,107.71,108.16,108.56,108.89,109.34,109.59,109.85,110.33,110.82,111.37,112.07,112.64,113.07,113.5,113.97,114.43,114.8,115.16,115.55,116.23,116.85,117.49,117.98,118.29,118.68,119.13,119.66,120.01,120.4,120.89,121.14,121.56,122.57,123.49,124.12,124.68,125.22,125.6,126.08,126.49,126.73,127.14,127.56,128.2,128.92,129.39,130.3,131.01,131.44,131.93,132.35,132.67,133.11,133.65,134.06,134.75,135.82,136.54,137.12,137.62,137.93,138.46,138.94
61,"061 Productos, Artefactos y Equipos Médicos",3.3125,104.41,104.79,105.08,105.37,105.82,106.34,106.81,107.47,107.93,108.32,108.57,108.8,109.12,109.4,109.64,110.11,110.72,111.33,111.99,112.66,113.15,113.54,114.02,114.47,114.82,115.15,115.5,116.16,116.61,117.09,117.45,117.67,117.96,118.34,118.97,119.18,119.55,120.04,120.3,120.74,121.87,122.95,123.69,124.17,124.63,124.85,125.34,125.75,125.87,126.25,126.67,127.38,128.25,128.65,129.66,130.37,130.9,131.27,131.55,131.78,132.25,132.78,133.15,133.88,134.98,135.56,136.04,136.42,136.73,137.16,137.58
611,0611 Productos Farmacéuticos ,3.2117,104.47,104.86,105.13,105.43,105.88,106.42,106.87,107.54,108,108.4,108.66,108.91,109.23,109.49,109.73,110.22,110.85,111.46,112.14,112.82,113.33,113.73,114.23,114.68,115.04,115.38,115.74,116.42,116.89,117.39,117.75,117.97,118.29,118.67,119.29,119.51,119.9,120.4,120.69,121.11,122.3,123.4,124.16,124.66,125.13,125.35,125.85,126.25,126.37,126.75,127.18,127.9,128.81,129.2,130.23,130.96,131.52,131.89,132.18,132.41,132.89,133.46,133.82,134.58,135.71,136.29,136.78,137.16,137.49,137.93,138.36
6111,06111 Productos farmacéuticos,3.2117,104.47,104.86,105.13,105.43,105.88,106.42,106.87,107.54,108,108.4,108.66,108.91,109.23,109.49,109.73,110.22,110.85,111.46,112.14,112.82,113.33,113.73,114.23,114.68,115.04,115.38,115.74,116.42,116.89,117.39,117.75,117.97,118.29,118.67,119.29,119.51,119.9,120.4,120.69,121.11,122.3,123.4,124.16,124.66,125.13,125.35,125.85,126.25,126.37,126.75,127.18,127.9,128.81,129.2,130.23,130.96,131.52,131.89,132.18,132.41,132.89,133.46,133.82,134.58,135.71,136.29,136.78,137.16,137.49,137.93,138.36
611101,0611101 Antihipertensivos,1.3652,105.31,105.75,106.07,106.23,106.61,106.93,107.26,108.01,108.49,108.72,108.99,109.25,109.47,109.8,110.05,110.34,110.69,111.08,111.59,112.48,113.17,113.66,114.39,114.79,115.26,115.54,115.84,116.46,116.67,117.21,117.4,117.47,117.67,117.85,118.76,118.9,119.43,119.96,120.21,120.21,120.72,121.31,121.92,122.32,122.94,123.18,123.93,124.23,124,124.52,125.13,125.63,126.05,125.75,126.71,127.11,127.67,128.02,128.36,128.44,128.79,129.41,129.67,130.12,130.68,130.94,131.03,131.28,131.52,131.93,132.27
611102,0611102 Antibióticos,0.1717,101.59,101.77,101.91,102.04,102.23,102.5,103.91,105.73,106.72,107.7,108.26,108.7,109.39,109.85,110.04,110.15,110.59,111.61,112.39,113.23,113.79,114.14,114.57,114.89,115.01,115.16,115.39,115.5,115.88,116.13,116.62,116.79,116.93,117.13,117.46,117.55,117.72,117.92,118.14,118.29,118.48,118.68,118.9,119,119.04,119.14,119.34,119.48,119.58,119.82,120.2,120.53,120.78,120.99,121.41,121.87,122.36,123.11,123.27,123.44,123.69,123.89,124.03,124.37,125.1,125.49,125.91,126.04,126.51,126.75,127.11
611103,0611103 Antigripales,0.1137,101.81,101.78,101.91,101.92,102.64,103.34,104.17,104.67,104.84,105.29,105.65,105.79,106.05,106.28,106.48,110.46,114.23,115.39,117.22,117.9,118.27,118.44,118.92,119.26,119.3,119.34,119.57,119.84,120.59,122.19,123.52,124.21,124.96,125.67,126.01,126.34,126.45,126.91,127.22,128.8,131.25,132.25,133.21,133.81,134.18,134.51,134.88,135.41,135.85,136.04,136.39,137.01,137.93,138.27,140.51,141.44,141.82,141.83,142.08,142.35,143.12,143.79,144.72,147.17,149.25,150.83,152.01,152.47,153.03,153.26,153.62
611104,0611104 Analgésicos,0.2327,107.06,107.69,107.98,108.44,109.26,109.76,109.83,110.04,110.46,111.12,111.43,111.93,112.27,112.51,112.55,113.08,113.75,114.24,114.7,115.29,115.56,115.8,115.97,116.43,116.6,116.83,117.14,117.8,118.52,118.86,119.19,119.59,119.78,120.08,120.69,120.95,121.43,121.63,121.96,123.82,129.98,132.36,134.36,135.54,136.22,136.16,136.59,137.36,137.89,138.35,138.95,141,142.67,143.66,145.2,146.51,147.38,147.58,147.66,147.96,148.79,149.69,150.3,151.55,153.12,153.89,155.07,155.58,156.12,156.43,157.15
611105,0611105 Vitaminas,0.1492,104.33,104.8,104.99,105.92,107.35,108.82,109.34,111.3,112.54,113.87,114.56,114.94,115.12,115.19,115.37,116.14,118.11,118.97,119.7,120.24,120.56,120.65,121.37,122.08,122.59,122.95,123.38,125.31,126.99,127.54,127.95,128.33,128.78,129.19,130.37,130.96,131.14,131.54,131.81,132.09,133.12,135.58,137.01,138.7,139.35,139.73,140,140.46,140.63,140.81,140.93,141.25,141.94,142.33,144.01,145.32,145.81,146.44,146.47,147.37,147.97,148.63,148.87,150.17,153.57,154.79,156.22,156.71,156.97,158.66,161.04
611106,0611106 Antiinflamatorios,0.1832,100.66,100.87,100.96,101.5,102.18,102.86,103.04,103.38,103.52,103.52,103.74,103.81,104.16,104.25,104.41,104.56,104.81,104.92,105.03,105.14,105.36,105.6,105.67,105.71,105.71,105.75,105.78,105.9,106.32,106.45,106.71,106.93,107.16,107.2,107.22,107.39,107.44,107.86,107.93,108.14,111.62,116.56,118.19,118.72,119.37,119.4,119.82,120.52,121.01,121.11,121.02,122.45,123.7,125.87,126.97,128.05,128.17,128.51,128.85,128.88,129.4,129.88,130.03,130.15,131.54,132.01,132.44,132.77,133.13,134.29,135.02
611107,0611107 Insulina,0.1769,102.82,103.02,103.14,103.79,103.66,103.64,103.73,104.26,104.83,105.68,105.73,106.12,106.6,106.7,106.89,107.32,107.97,108.97,109.56,109.9,110.11,110.3,110.52,110.89,111.51,112.08,112.52,112.97,113.09,113.75,114.05,113.9,114.1,114.84,115.09,115.37,115.49,115.83,115.86,116.49,116.87,117.11,117.66,117.63,117.63,117.91,118.24,118.51,119.31,119.32,119.43,120.26,122.6,123.12,123.8,124.58,124.91,125.11,125.01,125.42,125.84,126.22,126.53,126.77,127.25,128.11,128.38,128.55,128.82,128.71,128.78
611108,0611108 Antiácidos,0.0124,104.86,105.62,106.25,107.03,107.13,107.66,108.25,108.79,109.19,109.48,110.55,111.26,112,112.63,113.02,113.49,114.42,115.36,116.03,116.98,117.46,118.05,118.49,118.63,118.77,118.95,119.16,119.53,119.99,120.31,120.9,121.62,121.87,122.55,122.96,123.11,123.19,123.42,123.73,124.21,124.3,125.9,125.77,125.88,125.96,126.21,126.44,126.5,126.69,126.66,127.14,127.11,127.81,128.51,128.75,129.85,130.55,130.58,131.82,132.16,132.07,132.2,137.47,139.5,143.56,144.94,145.85,147.05,147.61,148.22,148.42
611109,0611109 Antidiarréicos y antiespasmódicos,0.045,104.77,105.39,106.27,106.45,106.7,106.56,106.69,107,107.19,107.6,107.58,107.72,107.9,107.99,108.2,108.36,108.48,108.93,109.16,109.26,109.34,109.39,111.15,113.6,114.92,115.62,118.23,127.34,131.1,132.51,133.71,134.22,134.64,135.3,135.62,135.89,136.31,136.34,136.71,136.95,137.03,137.18,137.43,137.62,137.85,137.86,137.94,138.11,138.47,138.48,138.49,138.48,138.49,138.49,138.47,138.51,138.59,138.7,138.7,138.7,138.78,138.81,138.9,139.9,142.23,142.46,143.7,145.1,145.8,145.96,146.48
611110,0611110 Antiparasitarios,0.0207,103.17,103.42,103.71,103.94,104.43,104.91,105.21,105.26,105.34,105.5,105.77,105.78,105.92,106.07,106.22,106.5,106.86,107.27,107.63,107.95,108.14,108.3,108.9,109.62,110.34,110.59,110.8,111.12,111.32,111.43,111.6,111.75,111.98,112.1,112.06,112.21,112.4,112.76,112.87,113.11,113.44,113.62,113.78,113.79,114.28,114.39,114.58,114.67,114.95,115.02,115.12,115.45,116.23,116.39,116.61,116.63,117.04,117.09,117.21,117.92,118.52,118.83,118.98,119.88,122,122.65,123.01,123.21,123.71,123.82,124.08
611111,0611111 Complejo B,0.0504,101.73,102.33,102.81,102.87,103.01,103,103.3,103.56,103.73,103.87,104.09,104.11,104.75,104.8,105.18,105.3,105.34,105.82,112.46,114.21,115.57,117.7,118.34,119.37,119.43,119.57,120.18,120.63,120.74,120.98,122.02,122.07,122.52,122.65,123.37,122.75,124.37,128.38,129.41,130.93,132.08,133.37,134.11,133.98,133.81,134.57,134.98,135.21,135.74,136.87,136.68,138.17,137.83,139.42,140.73,140.87,141.94,141.78,142.12,142.72,143.91,144.97,146.45,148.02,150.21,151.72,153.94,154.82,155.65,155.52,155.8
611112,0611112 Gotas oftálmologicas,0.0942,105.75,106.04,106.35,107.34,107.72,108.7,110.28,110.56,110.81,111.47,111.91,111.9,112.19,112.88,113.36,114.09,114.5,115.21,115.84,116.11,116.71,116.76,117.06,117.3,117.35,117.39,117.5,117.73,117.87,118.18,118.35,118.54,118.88,119.17,119.69,119.93,120.14,120.39,120.46,120.54,120.52,121.24,121.55,121.81,121.98,122.09,121.69,121.77,121.85,121.97,122.17,122.54,122.93,123.53,124.4,124.95,125.21,125.44,125.81,125.89,125.97,126.75,127.03,127.11,127.65,128.35,128.68,128.96,129.35,129.52,129.39
611113,0611113 Antialérgicos y Antihistamínicos,0.053,102.47,102.18,102.66,103.49,103.73,103.91,104.9,105.37,105.72,105.77,106.1,106.18,107.93,108.18,108.53,108.91,109.36,109.91,110.54,110.94,111.36,111.99,112.25,113.63,113.72,113.88,114.13,114.67,115.86,115.85,116.11,116.45,117,118.07,118.73,119.48,119.61,120.55,121.09,122.12,123.21,125.27,126.02,126.6,126.94,126.93,127.25,128.15,128.72,128.87,129.09,129.35,129.37,129.19,131.05,132.73,134.11,134.69,135.8,136.53,137.58,138.25,138.7,139.74,140.91,140.49,140.85,141.32,141.84,142.24,142.2
611114,0611114 Medicamento para las Tiroides,0.074,110.99,111.53,111.61,112.15,113.37,114.5,114.96,115.44,116.15,116.31,116.64,116.81,116.95,117.2,117.26,117.3,117.67,118.22,118.41,118.66,118.85,118.96,119.05,119.31,119.34,119.38,119.6,119.68,120.53,121.61,122.38,122.86,123.2,124.06,124.28,124.4,124.56,124.59,124.74,125.76,127.19,128.59,129.18,129.91,130.55,131.28,131.56,131.66,131.8,132.14,132.63,133.25,136.57,138.4,139.37,140.63,141.32,141.54,141.57,142,142.13,142.26,142.49,145.85,149.71,150.87,152.26,152.37,152.91,153.82,154.1
611115,0611115 Medicamento para la diabetes (no insulina),0.0998,101.6,101.91,102.68,102.45,102.93,103.5,104.08,104.52,104.72,105.31,105.44,105.59,105.68,105.89,106.15,106.64,107.33,109.61,110.71,111.4,112.13,112.45,112.75,113.41,113.59,113.81,113.99,114.33,114.47,114.87,115.23,116.03,116.47,116.77,117.43,117.51,118.08,119.65,120.71,121.75,122.3,123.53,124.14,124.98,125.67,125.81,126.4,127.39,127.86,128.59,129.11,129.6,131.43,131.76,132.51,134.78,135.84,136.55,137.58,137.42,138.4,138.71,139.24,139.67,140.15,141.39,142.17,143.59,143.98,144.56,144.94
611116,0611116 Antiulceroso,0.0181,101.52,101.44,101.09,101.28,101.92,102.54,102.59,102.74,102.8,103.03,103.19,103.27,103.28,103.61,104.03,104.16,104.76,105.51,106.65,107.81,108.29,108.43,108.65,108.87,108.89,109.04,109.15,109.6,109.84,110.02,110.35,110.41,110.69,111.31,111.43,111.57,111.74,112.5,112.71,113.28,113.62,114.35,115.02,115.28,115.7,115.6,115.86,116.27,116.38,116.59,116.91,117.34,118.46,119.59,120.23,121.83,122.22,122.66,122.81,123.36,123.98,124.72,125.44,125.83,126.97,127.79,127.92,128.15,128.26,128.52,128.5
611117,0611117 Medicamentos para el sistema nervioso,0.1651,104.84,105.47,105.58,105.97,105.99,108.05,108.43,108.69,108.76,108.97,108.9,108.89,109.14,109.3,109.49,109.78,110.26,110.98,111.71,112.16,112.47,112.86,113.07,113.6,114.08,116.03,117.29,118.01,118.58,118.81,119.22,119.77,120.08,120.36,120.4,120.73,121.07,121.7,122.18,122.62,122.77,123.19,123.57,124.12,124.31,124.53,124.84,125.35,125.75,125.94,126.39,127.49,129.25,130.51,131.64,132.89,133.47,133.87,134.23,135.09,136.05,136.91,137.44,139.03,140.71,141.52,142.03,142.68,143.05,143.09,143.51
611120,0611120 Medicamento para Osteoporosis,0.0663,102.69,103.03,103.12,102.85,103.08,103.24,103.6,103.73,104.17,104.08,104.09,104.61,105.39,105.8,106.41,106.74,107.02,107.3,107.84,108.42,108.47,109.5,109.98,110.1,110.41,110.67,110.84,111.39,112.19,112.2,113.03,113.34,114.57,117.25,117.63,117.91,117.83,117.94,118.06,118.22,118.67,119.16,119.46,119.64,119.69,120.43,121.11,122.28,122.43,122.58,123.3,125.13,126.65,129.12,129.75,129.78,130.2,130.58,130.66,130.85,131.36,131.17,131.33,131.61,132.14,132.6,133.28,133.29,133.42,133.74,134.07
611122,0611122 Antitusivo y broncodilatador,0.0943,105.4,105.65,105.72,105.7,106.05,106.85,107.34,107.73,108.11,108.32,108.43,108.47,108.89,108.71,109.34,110.75,112.29,113,113.75,114.4,114.96,115.4,115.59,116.08,116.41,116.85,117.25,117.84,118.45,119.18,119.55,119.55,119.69,119.52,119.99,120.44,120.87,120.83,121.33,122.22,123.44,124.08,124.62,124.98,125.18,125.45,125.66,125.82,126.11,126.85,126.81,127.14,128.16,128.37,129.29,129.76,130.25,131.22,131.33,131.38,131.52,131.81,132.05,132.85,134.94,135.53,135.76,136.49,136.19,136.83,136.57
611123,0611123 Anticonceptivo oral,0.0259,105.68,106.1,106.88,108.03,109.55,110.71,112.13,112.87,113.12,113.4,113.32,113.48,113.55,113.64,113.68,113.78,114.04,114.24,114.33,114.74,114.86,114.91,114.97,115.16,115.42,115.47,115.56,115.6,115.68,116.06,116.29,118.39,123.04,127.89,128.52,129.89,130.17,130.67,130.94,131.31,133.45,134.71,135.66,136.39,136.69,136.85,137.1,137.61,137.72,138.14,138.96,139.11,142.15,145.26,146.26,147.39,148.54,149.58,150.22,151.17,151.57,151.85,153.3,154.16,155.27,157.03,159.3,160.12,160.62,160.82,161.26
613,0613 Artefactos y equipo terapéuticos ,0.1008,102.5,102.58,103.64,103.65,103.9,103.54,104.84,105.17,105.63,105.84,105.51,105.44,105.5,106.66,106.74,106.74,106.64,107.43,107.27,107.47,107.47,107.45,107.45,107.66,107.98,107.99,107.9,107.88,107.8,107.43,107.98,107.93,107.49,108.07,108.49,108.49,108.52,108.36,107.77,108.84,108.11,108.55,108.51,108.56,108.67,108.75,109.17,109.56,109.86,110.05,110.37,110.64,110.45,111.19,111.52,111.28,111.17,111.45,111.55,111.69,111.66,111.22,111.66,111.58,111.86,112.17,112.48,112.69,112.7,112.63,112.59
6131,06131 Artefactos y equipo terapéuticos,0.1008,102.5,102.58,103.64,103.65,103.9,103.54,104.84,105.17,105.63,105.84,105.51,105.44,105.5,106.66,106.74,106.74,106.64,107.43,107.27,107.47,107.47,107.45,107.45,107.66,107.98,107.99,107.9,107.88,107.8,107.43,107.98,107.93,107.49,108.07,108.49,108.49,108.52,108.36,107.77,108.84,108.11,108.55,108.51,108.56,108.67,108.75,109.17,109.56,109.86,110.05,110.37,110.64,110.45,111.19,111.52,111.28,111.17,111.45,111.55,111.69,111.66,111.22,111.66,111.58,111.86,112.17,112.48,112.69,112.7,112.63,112.59
613101,0613101 Anteojos,0.1008,102.5,102.58,103.64,103.65,103.9,103.54,104.84,105.17,105.63,105.84,105.51,105.44,105.5,106.66,106.74,106.74,106.64,107.43,107.27,107.47,107.47,107.45,107.45,107.66,107.98,107.99,107.9,107.88,107.8,107.43,107.98,107.93,107.49,108.07,108.49,108.49,108.52,108.36,107.77,108.84,108.11,108.55,108.51,108.56,108.67,108.75,109.17,109.56,109.86,110.05,110.37,110.64,110.45,111.19,111.52,111.28,111.17,111.45,111.55,111.69,111.66,111.22,111.66,111.58,111.86,112.17,112.48,112.69,112.7,112.63,112.59
62,062 Servicios para Pacientes Externos,0.9173,104.3,104.67,105.13,105.91,106.51,107.24,107.69,107.96,108.4,109.11,109.98,110.73,111.63,111.89,112.32,113.03,113.35,113.87,115.02,115.52,115.92,116.45,117.02,117.61,118.11,118.75,119.3,120.06,121.03,122.1,123.01,123.76,124.52,125.27,125.66,126.46,126.94,127.37,127.56,128.05,128.89,129.63,130.14,131.03,131.65,132.5,133.08,133.7,134.18,134.83,135.37,135.99,136.32,137.07,137.92,138.97,139.19,139.96,140.82,141.39,141.69,142.3,142.93,143.75,144.75,146.33,147.32,148.1,148.56,149.31,149.93
621,0621 Servicios médicos ,0.3748,104.27,104.68,105.08,106.19,107.5,108.45,109.07,109.36,110.29,110.97,112.37,113.35,114.52,114.83,115.29,116.25,116.62,117.18,118.65,118.96,119.76,120.52,121.08,122.26,122.84,123.83,124.44,125.22,126.03,126.82,127.99,129.21,129.95,131.07,131.84,132.6,132.96,133.74,134.07,134.48,135.11,136.23,137.05,138.46,139.34,140.13,140.95,141.77,142.32,143.31,143.91,145.01,145.41,146.45,147.6,148.99,149.31,150.34,151.27,152.11,152.79,153.44,154.47,155.96,157.56,160.95,161.83,162.99,163.79,164.95,165.92
6211,06211 Servicios médicos,0.3748,104.27,104.68,105.08,106.19,107.5,108.45,109.07,109.36,110.29,110.97,112.37,113.35,114.52,114.83,115.29,116.25,116.62,117.18,118.65,118.96,119.76,120.52,121.08,122.26,122.84,123.83,124.44,125.22,126.03,126.82,127.99,129.21,129.95,131.07,131.84,132.6,132.96,133.74,134.07,134.48,135.11,136.23,137.05,138.46,139.34,140.13,140.95,141.77,142.32,143.31,143.91,145.01,145.41,146.45,147.6,148.99,149.31,150.34,151.27,152.11,152.79,153.44,154.47,155.96,157.56,160.95,161.83,162.99,163.79,164.95,165.92
621101,0621101 Consulta médico ginecólogo,0.0974,104.84,105.37,105.96,107.4,108.53,109.79,110.47,110.84,111.58,112.29,113.74,114.82,115.66,115.99,116.52,117.67,118.26,118.86,120.37,120.47,120.99,121.47,122.21,123.21,124,125.03,125.73,126.86,127.58,128.05,129.41,130.93,131.92,133.23,133.94,134.98,135.3,136.43,136.86,137.04,137.54,138.82,139.82,141.6,142.81,144.22,145.06,145.96,146.67,147.93,148.38,149.1,149.62,150.52,151.61,152.79,153.42,154.99,156.97,157.73,158.89,159.82,161.22,162.66,164.66,168.83,169.68,171.76,172.81,173.93,175.13
621102,0621102 Consulta médico general,0.0765,105.39,105.97,106.51,107.08,109.3,109.7,110.4,110.67,111.02,111.43,113.26,114.19,115.41,115.66,116.12,116.94,117.07,117.6,118.9,119.17,120.41,121.47,121.76,123.9,124.31,125.76,126.8,127.78,128.28,129.38,130.24,131.72,132.08,132.91,133.55,134.2,134.66,135.51,136.11,136.74,137.37,137.68,138.19,139.6,140.7,141.49,142.5,143.25,143.5,144.51,145.74,147.36,147.89,149.18,150.77,152.08,152.49,153.26,154.03,154.86,155.19,155.84,157.04,158.44,160.86,164.49,166.15,167.17,167.88,169.28,169.83
621103,0621103 Consulta médico cardiólogo,0.1126,103.54,103.93,104.27,105.56,106.65,107.65,108.26,108.4,109.31,110.08,111.23,112.2,112.96,113.08,113.41,114.11,114.61,114.91,116.61,117.07,117.79,118.3,118.64,119.45,119.97,120.53,120.76,121.05,121.54,122.19,122.87,123.48,124.14,125.44,126.17,126.86,127.05,127.62,127.84,128.31,128.96,130.14,130.68,131.7,132.3,132.9,133.9,134.71,135.06,135.74,136.31,137.33,137.47,138,138.75,139.9,140.03,141.01,141.25,142.64,143.33,143.86,144.39,145.4,146.69,148.35,149.11,149.6,150.09,151.15,151.89
621104,0621104 Consulta médico pediatra,0.0883,103.61,103.76,103.9,104.87,105.9,106.92,107.42,107.83,109.49,110.25,111.53,112.48,114.47,115.09,115.6,116.8,117,117.84,119.12,119.53,120.37,121.5,122.38,123.39,123.95,125.03,125.66,126.52,128.12,129.14,131,132.44,133.35,134.27,135.28,135.89,136.46,137.05,137.15,137.59,138.33,139.88,141.14,142.62,143.29,143.64,144.04,144.88,145.74,146.82,147.09,148.27,148.74,150.38,151.74,153.71,153.85,154.6,155.38,155.61,156.06,156.53,157.66,159.88,160.75,165.28,165.65,166.77,167.75,168.89,170.25
622,0622 Servicios dentales ,0.0917,103.75,104.29,104.56,105.08,106.44,107.09,107.44,107.93,108.3,109.11,110.05,110.52,111.08,111.69,112.45,113.13,113.8,114.61,115.84,116.55,116.89,117.59,118.34,118.48,119.06,119.4,119.59,119.97,121.29,121.53,122.41,123.18,123.69,123.86,124.41,125.18,125.67,126.43,126.74,127.54,128.55,129.05,129.3,129.97,130.63,131.24,132.22,132.66,133.9,135.11,135.73,136.37,136.84,137.39,138.08,138.72,139.05,139.57,140.12,140.77,141.17,141.8,142.3,142.72,143.73,144.38,145.32,145.54,146.41,147.64,148.02
6221,06221 Servicios dentales,0.0917,103.75,104.29,104.56,105.08,106.44,107.09,107.44,107.93,108.3,109.11,110.05,110.52,111.08,111.69,112.45,113.13,113.8,114.61,115.84,116.55,116.89,117.59,118.34,118.48,119.06,119.4,119.59,119.97,121.29,121.53,122.41,123.18,123.69,123.86,124.41,125.18,125.67,126.43,126.74,127.54,128.55,129.05,129.3,129.97,130.63,131.24,132.22,132.66,133.9,135.11,135.73,136.37,136.84,137.39,138.08,138.72,139.05,139.57,140.12,140.77,141.17,141.8,142.3,142.72,143.73,144.38,145.32,145.54,146.41,147.64,148.02
622102,0622102 Consulta odontológica,0.06,104.82,105.64,105.9,106.27,108.09,108.98,109.51,110.18,110.74,111.54,112.64,113.37,113.91,114.7,115.69,116.59,117.63,118.43,120.11,120.92,121.42,122.08,123.2,123.25,123.95,124.47,124.71,125.3,127.04,127.23,128.33,129.24,129.75,129.76,130.37,131.41,131.78,132.61,133.08,133.86,134.86,135.6,135.98,136.73,137.44,138.21,139.4,139.96,141.48,142.79,143.73,144.63,145.14,145.98,146.63,147.53,147.79,148.38,149.12,149.83,150.44,151.22,151.97,152.59,153.99,154.84,156.15,156.4,157.63,159.41,159.93
622104,0622104 Servicio de ortodoncia,0.0317,101.73,101.74,102.02,102.83,103.31,103.52,103.52,103.68,103.68,104.49,105.13,105.13,105.72,106,106.3,106.57,106.57,107.37,107.75,108.28,108.32,109.1,109.16,109.46,109.8,109.8,109.9,109.9,110.39,110.75,111.22,111.7,112.22,112.69,113.14,113.4,114.09,114.72,114.74,115.58,116.62,116.65,116.65,117.18,117.75,118.06,118.62,118.84,119.55,120.59,120.59,120.75,121.12,121.12,121.9,122.06,122.49,122.9,123.09,123.63,123.63,123.99,123.99,124.04,124.32,124.58,124.82,124.98,125.18,125.36,125.46
623,0623 Servicios paramédicos ,0.4509,104.42,104.74,105.28,105.86,105.7,106.26,106.6,106.81,106.85,107.57,107.97,108.59,109.35,109.48,109.82,110.34,110.54,110.96,111.84,112.45,112.52,112.83,113.37,113.56,113.99,114.39,114.96,115.79,116.82,118.29,118.98,119.34,120.18,120.73,120.78,121.62,122.19,122.26,122.31,122.8,123.79,124.27,124.57,125.07,125.47,126.41,126.72,127.21,127.47,127.72,128.2,128.4,128.65,129.22,129.83,130.69,130.81,131.4,132.28,132.61,132.57,133.14,133.46,133.82,134.31,134.56,135.67,136.25,136.34,136.64,137.03
6231,06231 Análisis de laboratorio,0.1413,104.94,105.45,105.8,106.22,106.38,107.21,107.27,107.67,107.87,107.96,108.21,108.33,109.08,109.23,109.83,110.08,110.45,110.74,111.48,112.25,112.62,113.12,113.82,114.29,114.78,115.41,117.1,119.28,119.76,121,122.1,122.79,123.21,123.52,123.72,123.85,123.84,123.8,123.82,124.62,124.91,125.35,125.7,126.1,126.34,126.74,126.77,127.89,128.11,128.3,128.6,128.76,129.18,130.37,130.6,130.81,130.97,131.3,132.46,132.85,132.96,133.79,134.33,135.14,135.63,135.84,138.8,139.23,139.51,140.64,140.87
623101,0623101 Análisis de laboratorio,0.1413,104.94,105.45,105.8,106.22,106.38,107.21,107.27,107.67,107.87,107.96,108.21,108.33,109.08,109.23,109.83,110.08,110.45,110.74,111.48,112.25,112.62,113.12,113.82,114.29,114.78,115.41,117.1,119.28,119.76,121,122.1,122.79,123.21,123.52,123.72,123.85,123.84,123.8,123.82,124.62,124.91,125.35,125.7,126.1,126.34,126.74,126.77,127.89,128.11,128.3,128.6,128.76,129.18,130.37,130.6,130.81,130.97,131.3,132.46,132.85,132.96,133.79,134.33,135.14,135.63,135.84,138.8,139.23,139.51,140.64,140.87
6232,06232 Estudios de sonido e imagen,0.3095,104.19,104.42,105.04,105.69,105.39,105.83,106.29,106.41,106.38,107.39,107.87,108.72,109.47,109.6,109.81,110.46,110.58,111.06,112,112.54,112.48,112.7,113.16,113.22,113.62,113.93,113.99,114.2,115.47,117.05,117.56,117.77,118.79,119.46,119.44,120.61,121.43,121.56,121.62,121.97,123.27,123.77,124.06,124.59,125.07,126.25,126.7,126.9,127.18,127.45,128.02,128.24,128.41,128.69,129.48,130.63,130.73,131.45,132.2,132.5,132.4,132.85,133.07,133.22,133.71,133.98,134.25,134.89,134.89,134.82,135.28
623201,0623201 Análisis de imágenes,0.2569,104.17,104.44,105.17,105.75,105.51,106.03,106.59,106.72,106.7,107.86,108.31,109.25,110.02,110.17,110.43,111.14,111.28,111.75,112.79,113.43,113.33,113.57,114.13,114.2,114.68,115.05,115.12,115.37,116.68,118.39,118.9,119.05,120.09,120.88,120.79,122.07,123.01,123.16,123.24,123.56,124.83,125.28,125.62,126.24,126.82,128.03,128.51,128.56,128.89,129.21,129.9,130.11,130.26,130.56,131.15,132.34,132.46,133.26,134.17,134.47,134.34,134.74,134.98,135.17,135.73,136.04,136.37,137.15,137.15,137.07,137.62
623202,0623202 Pruebas de imágenes especializadas,0.0527,104.29,104.35,104.43,105.4,104.82,104.82,104.83,104.93,104.8,105.11,105.73,106.09,106.79,106.79,106.79,107.16,107.16,107.71,108.19,108.19,108.31,108.41,108.41,108.44,108.48,108.48,108.48,108.48,109.59,110.53,111.02,111.53,112.48,112.51,112.84,113.46,113.73,113.73,113.73,114.23,115.67,116.41,116.41,116.55,116.55,117.57,117.88,118.76,118.86,118.86,118.86,119.13,119.4,119.54,121.36,122.29,122.29,122.59,122.59,122.89,122.89,123.58,123.71,123.71,123.83,123.91,123.91,123.91,123.91,123.86,123.86
63,063 Servicios de Hospital,0.5109,101.55,101.77,102.06,103.12,103.83,104.26,104.42,104.66,105.03,105.41,105.96,106.16,106.65,106.68,106.77,106.92,106.93,107.09,107.28,107.3,107.46,107.95,108.12,108.5,108.73,108.8,109.13,109.8,110.94,111.84,112.34,112.51,112.79,113.21,113.35,113.83,114.22,114.83,115.06,115.27,115.75,115.93,116.08,116.61,117.53,118.08,118.26,118.4,118.95,119.12,119.3,119.54,119.97,120.43,120.76,120.86,121.03,121.77,122.31,122.76,123.31,123.72,124.07,124.29,125.18,125.4,125.79,126.59,126.63,127.45,128.03
631,0631 Servicios de hospital  ,0.5109,101.55,101.77,102.06,103.12,103.83,104.26,104.42,104.66,105.03,105.41,105.96,106.16,106.65,106.68,106.77,106.92,106.93,107.09,107.28,107.3,107.46,107.95,108.12,108.5,108.73,108.8,109.13,109.8,110.94,111.84,112.34,112.51,112.79,113.21,113.35,113.83,114.22,114.83,115.06,115.27,115.75,115.93,116.08,116.61,117.53,118.08,118.26,118.4,118.95,119.12,119.3,119.54,119.97,120.43,120.76,120.86,121.03,121.77,122.31,122.76,123.31,123.72,124.07,124.29,125.18,125.4,125.79,126.59,126.63,127.45,128.03
6311,06311 Servicios de hospital,0.5109,101.55,101.77,102.06,103.12,103.83,104.26,104.42,104.66,105.03,105.41,105.96,106.16,106.65,106.68,106.77,106.92,106.93,107.09,107.28,107.3,107.46,107.95,108.12,108.5,108.73,108.8,109.13,109.8,110.94,111.84,112.34,112.51,112.79,113.21,113.35,113.83,114.22,114.83,115.06,115.27,115.75,115.93,116.08,116.61,117.53,118.08,118.26,118.4,118.95,119.12,119.3,119.54,119.97,120.43,120.76,120.86,121.03,121.77,122.31,122.76,123.31,123.72,124.07,124.29,125.18,125.4,125.79,126.59,126.63,127.45,128.03
631101,0631101 Internamiento,0.248,102.67,103.12,103.69,104.28,104.8,105.28,105.63,105.94,106.39,106.92,107.53,107.81,108.41,108.48,108.65,108.92,108.94,109.23,109.51,109.55,109.7,109.95,110.16,110.86,111.05,111.21,111.43,111.56,112.5,114.12,114.61,114.9,115.13,115.52,115.68,115.78,116.56,117.42,117.65,117.79,118,118.3,118.4,119.19,119.72,120.43,120.67,120.87,121.1,121.47,121.81,122.17,122.61,123.48,124.09,124.41,124.45,125.69,126.26,126.58,127.36,127.86,128.18,128.61,129.46,130.09,130.47,130.89,131.07,131.47,131.74
631102,0631102 Costo de cirugía,0.2629,100.49,100.49,100.53,102.03,102.92,103.29,103.28,103.46,103.75,103.99,104.47,104.6,104.98,104.99,105,105.03,105.05,105.08,105.17,105.18,105.34,106.08,106.2,106.27,106.54,106.52,106.96,108.14,109.46,109.69,110.2,110.26,110.58,111.02,111.14,111.98,112.02,112.38,112.62,112.89,113.64,113.7,113.89,114.17,115.46,115.86,115.99,116.07,116.91,116.91,116.92,117.05,117.48,117.55,117.62,117.51,117.81,118.08,118.59,119.15,119.49,119.83,120.19,120.21,121.14,120.97,121.37,122.54,122.44,123.66,124.53
7,07 Transporte,16.6463,104.78,105.22,106.92,109.14,111.67,114.29,114.88,116.58,117.22,117.79,119.05,119.24,120.43,123.3,124.28,125.38,127.85,128.7,129.02,129.1,129.67,130.47,130.53,130,130.22,130.64,131.59,131.8,131.93,132.06,131.7,131.29,131.09,131.62,131.83,131.69,132.3,132.69,133.04,132.69,133.03,133.63,133.33,133.53,134.35,134.45,134.67,134.58,135.05,135.57,135.97,135.58,136.22,137.07,136.63,136.77,137.18,137.51,138.63,138.45,139.19,140.25,140.66,140.26,139.98,141.37,143.88,146.99,148.66,148.45,148.83
71,071 Adquisición de Vehículos,3.0808,106.17,105.89,105.46,105.6,105.88,105.86,105.08,105.12,105.07,105.21,105.61,105.64,106.44,106.76,107.49,108.78,109.35,106.98,106.31,106.21,106.18,106.37,106.13,105.18,105,105.46,107,110.74,110.28,110.13,109.18,108.85,108.82,110.64,111.9,112.8,113.03,113.2,114.21,116.38,116.54,117.33,117.71,117.34,118.21,118.07,118.7,119.14,119.88,120.03,121.88,122.51,124.41,125.78,121.38,120.58,120.45,120.84,125.37,125.44,128.1,128.31,128.49,128.64,126.77,124.38,124.05,123.37,122.37,122.12,121.24
711,0711 Vehículos a motor ,2.8874,106.03,105.73,105.25,105.41,105.71,105.62,104.79,104.8,104.75,104.85,105.27,105.3,105.37,105.57,106.21,107.55,108.08,105.51,104.76,104.65,104.63,104.83,104.55,103.54,103.33,103.83,105.45,109.41,108.91,108.76,107.75,107.4,107.28,109.17,110.47,111.42,111.66,111.87,112.88,115.06,115.24,116.08,116.45,116.05,116.9,116.75,117.26,117.61,118.33,118.37,120.22,120.89,122.92,124.35,119.58,118.72,118.57,118.95,123.79,123.84,126.68,126.9,127.04,127.2,125.19,122.65,122.35,121.53,120.47,120.28,119.29
7111,07111 Adquisición de vehículos,2.8874,106.03,105.73,105.25,105.41,105.71,105.62,104.79,104.8,104.75,104.85,105.27,105.3,105.37,105.57,106.21,107.55,108.08,105.51,104.76,104.65,104.63,104.83,104.55,103.54,103.33,103.83,105.45,109.41,108.91,108.76,107.75,107.4,107.28,109.17,110.47,111.42,111.66,111.87,112.88,115.06,115.24,116.08,116.45,116.05,116.9,116.75,117.26,117.61,118.33,118.37,120.22,120.89,122.92,124.35,119.58,118.72,118.57,118.95,123.79,123.84,126.68,126.9,127.04,127.2,125.19,122.65,122.35,121.53,120.47,120.28,119.29
711101,0711101 Automóviles,2.8874,106.03,105.73,105.25,105.41,105.71,105.62,104.79,104.8,104.75,104.85,105.27,105.3,105.37,105.57,106.21,107.55,108.08,105.51,104.76,104.65,104.63,104.83,104.55,103.54,103.33,103.83,105.45,109.41,108.91,108.76,107.75,107.4,107.28,109.17,110.47,111.42,111.66,111.87,112.88,115.06,115.24,116.08,116.45,116.05,116.9,116.75,117.26,117.61,118.33,118.37,120.22,120.89,122.92,124.35,119.58,118.72,118.57,118.95,123.79,123.84,126.68,126.9,127.04,127.2,125.19,122.65,122.35,121.53,120.47,120.28,119.29
712,0712 Motocicletas ,0.1934,108.26,108.26,108.49,108.49,108.49,109.39,109.39,109.9,109.9,110.68,110.68,110.68,122.37,124.42,126.49,127.17,128.38,129.04,129.35,129.38,129.38,129.51,129.75,129.75,129.84,129.76,130.08,130.58,130.63,130.63,130.5,130.5,131.82,132.57,133.27,133.27,133.39,132.99,134.06,136.08,136.08,136.08,136.56,136.56,137.68,137.71,140.11,141.98,143.01,144.86,146.55,146.59,146.59,147.26,148.34,148.31,148.5,148.98,148.98,149.31,149.33,149.33,149.99,150.24,150.24,150.24,149.5,150.8,150.8,149.59,150.36
7121,07121 Adquisición de motocicletas,0.1934,108.26,108.26,108.49,108.49,108.49,109.39,109.39,109.9,109.9,110.68,110.68,110.68,122.37,124.42,126.49,127.17,128.38,129.04,129.35,129.38,129.38,129.51,129.75,129.75,129.84,129.76,130.08,130.58,130.63,130.63,130.5,130.5,131.82,132.57,133.27,133.27,133.39,132.99,134.06,136.08,136.08,136.08,136.56,136.56,137.68,137.71,140.11,141.98,143.01,144.86,146.55,146.59,146.59,147.26,148.34,148.31,148.5,148.98,148.98,149.31,149.33,149.33,149.99,150.24,150.24,150.24,149.5,150.8,150.8,149.59,150.36
712101,0712101 Motocicletas,0.1934,108.26,108.26,108.49,108.49,108.49,109.39,109.39,109.9,109.9,110.68,110.68,110.68,122.37,124.42,126.49,127.17,128.38,129.04,129.35,129.38,129.38,129.51,129.75,129.75,129.84,129.76,130.08,130.58,130.63,130.63,130.5,130.5,131.82,132.57,133.27,133.27,133.39,132.99,134.06,136.08,136.08,136.08,136.56,136.56,137.68,137.71,140.11,141.98,143.01,144.86,146.55,146.59,146.59,147.26,148.34,148.31,148.5,148.98,148.98,149.31,149.33,149.33,149.99,150.24,150.24,150.24,149.5,150.8,150.8,149.59,150.36
72,072 Funcionamiento de Equipo de Transporte ,8.4405,102.45,101.09,104.49,108.65,112.54,116.53,117.45,120.33,120.73,121.5,123.35,124.06,126.32,129.54,129.83,132.54,136.32,138.37,138.69,138.89,139.05,139.22,139.37,139.58,139.66,139.74,139.91,140.28,140.4,140.46,140.79,140,139.48,139.28,139.7,139.71,140.08,140.12,139.75,139.42,139.5,139.66,139.7,139.81,139.88,139.98,140.12,140.23,140.42,140.42,140.6,140.8,141.16,141.46,141.94,142.2,142.42,142.86,142.92,143.1,143.24,143.33,143.33,143.73,143.84,146.3,151.48,156.58,159.82,158.81,159.83
721,0721 Piezas de repuestos y accesorios para equipo de transporte ,0.5326,106.78,106.98,107.52,107.79,109.97,110.98,112.3,113.33,115.69,116.83,118.32,119.35,120.93,122.4,123.05,124.36,125.8,127.18,128.03,128.98,129.58,130.15,130.82,131.51,131.9,132.3,132.77,132.63,132.32,132.1,131.74,130.68,130.54,130.19,130.23,130.03,129.91,130.29,130.43,130.84,131.24,132.08,132.38,132.79,133.44,134.31,135.74,136.52,138.12,137.59,138.65,139.64,142.12,143.32,143.81,144.26,144.88,145.18,145.71,146.14,146.83,147.21,148.16,148.46,148.34,148.56,149.45,150.34,151.4,151,152.09
7211,07211 Repuestos y accesorios para vehículos,0.5326,106.78,106.98,107.52,107.79,109.97,110.98,112.3,113.33,115.69,116.83,118.32,119.35,120.93,122.4,123.05,124.36,125.8,127.18,128.03,128.98,129.58,130.15,130.82,131.51,131.9,132.3,132.77,132.63,132.32,132.1,131.74,130.68,130.54,130.19,130.23,130.03,129.91,130.29,130.43,130.84,131.24,132.08,132.38,132.79,133.44,134.31,135.74,136.52,138.12,137.59,138.65,139.64,142.12,143.32,143.81,144.26,144.88,145.18,145.71,146.14,146.83,147.21,148.16,148.46,148.34,148.56,149.45,150.34,151.4,151,152.09
721101,0721101 Gomas,0.2663,106.17,105.59,106.3,106.41,109.03,110.3,112.1,112.95,116.3,117.92,119.58,120.67,122.84,124.7,125.35,127.2,128.91,130.04,130.97,132.59,133.09,133.5,133.91,134.43,134.76,134.91,135.48,134.82,134.03,133.37,131.88,129.64,129.02,128.37,127.96,127.57,127.66,128.06,128.05,128.58,128.83,129.78,130.02,130.54,131.27,132.42,134.41,135.36,137.73,136.33,137.88,139.24,142.04,143.08,142.99,143.06,143.63,143.82,144.23,144.8,145.49,145.81,147.07,147.26,146.73,147.14,148.26,148.43,148.72,147.23,148.7
721102,0721102 Baterías de vehículo,0.1657,107.57,108.22,108.45,108.65,110.79,111.25,112.29,113.34,114.75,115.06,116.16,116.57,117.14,117.56,118.25,118.98,120.04,121.51,122.07,122.14,122.46,123.03,123.81,124.7,125.05,125.63,125.83,125.97,126.08,126.39,127.18,127.08,127.48,127.46,128.19,128.11,127.64,128.17,128.24,128.54,129.12,130.28,130.66,130.99,131.63,132.45,133.49,134.08,135.13,135.33,135.66,136.39,138.95,140.43,141.39,142.48,143.33,143.86,144.38,144.73,145.35,145.58,145.96,146.64,146.96,146.68,146.78,147.5,148.67,148.8,149.42
721103,0721103 Filtros de vehículo,0.0259,108.24,109.49,109.91,110.51,112.24,114.03,114.93,116.76,118.09,119.76,121.62,123.51,125.13,128.75,129.12,130.52,133.08,135.53,136.8,137.53,138.88,140.64,141.56,142.5,142.87,143.61,143.94,145.28,145.56,146,147.06,147.43,147.72,147.93,148.41,148.78,148.51,148.31,148.76,149.58,150.38,150.07,150.02,150.24,151.48,151.58,152.53,153.46,153.91,154.49,154.95,155.15,155.6,156.94,157.85,158.41,158.61,158.47,160.53,160.64,161.52,162.24,162.69,162.54,163.16,163.51,164.61,167.57,170.55,172.93,173.31
721104,0721104 Bujías,0.0386,109.26,111.34,112.46,113.31,114.42,115.86,116.07,117.37,119.14,120.26,122.03,125.51,126.94,128.18,128.95,129.7,131.06,133.39,134.68,135.59,137.34,138.04,139.4,140.42,141.45,141.91,142.76,143.65,143.91,143.9,145.19,145.88,146.2,145.74,145.56,145.63,145.46,145.93,147.19,147.18,147.44,147.48,148.26,148.74,148.87,149.14,149.76,150.81,151.27,151.88,153.34,154.22,157.14,158.42,160.16,161.12,161.61,161.81,162.35,162.29,162.96,164.13,166.07,166.25,166.57,167.63,169.93,174.08,177.96,179.89,181.72
721105,0721105 Banda de frenos,0.0362,104.04,105.06,105.2,106.23,106.83,107.31,107.96,109.23,110.03,111.19,112.68,112.84,114.84,116.96,117.49,117.93,118.4,119.5,120.31,120.57,121.35,122.15,123.4,123.83,124.26,125.24,125.99,126.19,126.41,126.37,126.35,126.62,126.66,126.86,127,126.9,126.93,126.77,127.01,127.25,127.72,127.93,128.02,128.14,128.38,128.62,128.84,128.9,129.33,129.97,130.65,130.81,131.5,132.47,133.5,133.12,133.42,133.96,134.42,134.85,135.7,136.15,136.74,136.56,136.53,136.56,137.68,139.82,141.6,142.29,142.45
722,0722 Combustibles y lubricantes para equipo de transporte ,6.9407,101.4,99.68,103.7,108.7,113.04,117.61,118.43,121.82,122.11,122.7,124.74,125.11,127.68,131.08,131.3,134.4,138.85,141.01,141.32,141.37,141.41,141.45,141.5,141.55,141.56,141.59,141.61,141.63,141.65,141.65,141.67,140.76,139.82,139.56,140.06,140.05,140.05,140.04,139.52,139.03,139.04,139.04,139.05,139.04,139.04,139.03,139.04,139.04,139.04,139.03,139.04,139.05,139.05,139.06,139.06,139.07,139.13,139.6,139.61,139.62,139.62,139.62,139.62,139.62,139.63,142.49,148.65,154.69,158.43,156.9,157.96
7221,07221 Combustibles y lubricantes para vehículos,6.9407,101.4,99.68,103.7,108.7,113.04,117.61,118.43,121.82,122.11,122.7,124.74,125.11,127.68,131.08,131.3,134.4,138.85,141.01,141.32,141.37,141.41,141.45,141.5,141.55,141.56,141.59,141.61,141.63,141.65,141.65,141.67,140.76,139.82,139.56,140.06,140.05,140.05,140.04,139.52,139.03,139.04,139.04,139.05,139.04,139.04,139.03,139.04,139.04,139.04,139.03,139.04,139.05,139.05,139.06,139.06,139.07,139.13,139.6,139.61,139.62,139.62,139.62,139.62,139.62,139.63,142.49,148.65,154.69,158.43,156.9,157.96
722101,0722101 Gasolina regular,3.2595,101.04,98.3,101.88,106.79,111.54,116.93,117.89,122.13,122.46,122.46,124.11,124.5,127.07,130.44,130.79,133.72,138.13,140.21,140.47,140.47,140.47,140.47,140.47,140.47,140.47,140.47,140.47,140.47,140.47,140.47,140.47,140.16,139.96,140.01,140.47,140.47,140.47,140.47,139.94,139.45,139.45,139.45,139.45,139.45,139.45,139.45,139.45,139.45,139.45,139.45,139.45,139.45,139.45,139.45,139.45,139.45,139.45,139.45,139.45,139.45,139.45,139.45,139.45,139.45,139.45,142.75,149.51,155.29,158.28,155.54,156.93
722102,0722102 Gasolina premium,2.55,99.1,97.08,101.33,106.19,110.88,115.8,116.8,120.34,120.63,122.04,125.02,125.22,127.29,130.48,129.31,132.57,137.29,140.06,140.43,140.43,140.43,140.43,140.43,140.43,140.43,140.43,140.43,140.43,140.43,140.43,140.43,139.84,139.47,139.54,140.19,140.19,140.19,140.19,139.45,138.75,138.75,138.75,138.75,138.75,138.75,138.75,138.75,138.75,138.75,138.75,138.75,138.75,138.75,138.75,138.75,138.75,138.75,138.75,138.75,138.75,138.75,138.75,138.75,138.75,138.75,141.84,148.8,156.5,162,161.85,162.82
722103,0722103 Gas licuado para vehículos (GLP),0.6914,113.68,115.98,120,127,128.94,128.94,128.94,128.39,127.94,127.94,127.94,128.34,133.68,138,141.83,144.95,148.43,148.57,148.57,148.57,148.57,148.57,148.57,148.57,148.57,148.57,148.57,148.57,148.57,148.57,148.57,143.08,136.51,133.47,133.47,133.47,133.47,133.47,133.47,133.47,133.47,133.47,133.47,133.47,133.47,133.47,133.47,133.47,133.47,133.47,133.47,133.47,133.47,133.47,133.47,133.47,133.94,138.1,138.1,138.1,138.1,138.1,138.1,138.1,138.1,138.1,138.1,138.1,138.1,136.74,136.09
722104,0722104 Gasoil,0.3123,94.44,95.88,103.97,108.6,112.29,117.28,117.2,119.46,119.8,120.67,123.6,123.98,124.65,128.36,129.99,134.2,140,142.78,143.14,143.14,143.14,143.14,143.14,143.14,143.14,143.14,143.14,143.14,143.14,143.14,143.14,142.77,141.68,141.71,142.54,142.54,142.54,142.54,142.54,142.54,142.54,142.54,142.54,142.54,142.54,142.54,142.54,142.54,142.54,142.54,142.54,142.54,142.54,142.54,142.54,142.54,142.73,144.46,144.46,144.46,144.46,144.46,144.46,144.46,144.46,148.46,157.05,165.48,170.77,168.92,170.41
722105,0722105 Lubricantes y aceites para vehículos,0.1274,107.31,107.84,108.39,108.59,110.05,110.53,111.11,113.66,116.99,118.85,120.81,123.62,125.81,128.42,130.15,131.94,133.99,135.27,137.14,139.57,142.03,144.07,147.08,149.5,150.13,151.88,153.11,153.98,154.94,155.08,156.33,156.75,156.56,156.24,156.56,156.35,155.87,155.64,155.5,155.45,156,156.17,156.26,155.94,155.88,155.65,155.75,155.99,155.8,155.49,156.19,156.47,156.78,157.25,157.1,157.5,157.8,156.45,157.35,157.51,157.61,157.69,157.83,157.62,158.09,158.3,160.48,166.71,171,172.71,175.33
723,0723 Conservación y reparación de equipo de transporte ,0.8773,108.42,108.78,109.36,109.72,111.46,113.07,114.61,114.9,114.95,117.02,117.79,118.4,118.85,122.05,122.66,123.64,123.94,125.72,125.86,126.83,127.65,128.59,129.27,130.49,130.95,131.23,132.41,135.9,137.05,137.76,140.99,141.27,143.82,144.14,144.17,144.4,148.12,148.31,148.85,149.27,149.76,150.7,150.93,151.77,152.07,152.55,153.03,153.57,154.46,154.82,155.8,156.24,157.52,159.59,163.89,165.76,167.02,167.38,167.47,168.96,169.79,170.44,169.82,173.55,174.63,175.48,176,176.79,177.73,180.34,181.12
7231,07231 Conservación y reparación de vehículos,0.8773,108.42,108.78,109.36,109.72,111.46,113.07,114.61,114.9,114.95,117.02,117.79,118.4,118.85,122.05,122.66,123.64,123.94,125.72,125.86,126.83,127.65,128.59,129.27,130.49,130.95,131.23,132.41,135.9,137.05,137.76,140.99,141.27,143.82,144.14,144.17,144.4,148.12,148.31,148.85,149.27,149.76,150.7,150.93,151.77,152.07,152.55,153.03,153.57,154.46,154.82,155.8,156.24,157.52,159.59,163.89,165.76,167.02,167.38,167.47,168.96,169.79,170.44,169.82,173.55,174.63,175.48,176,176.79,177.73,180.34,181.12
723101,0723101 Servicio de reparación de vehículos,0.7897,108.9,109.04,109.68,110,111.88,113.54,115.14,115.42,115.47,117.73,118.58,119.17,119.57,122.62,123.27,124.32,124.61,126.45,126.51,127.43,128.12,129.04,129.35,130.75,131.06,131.35,132.5,136.28,137.55,138.04,141.45,141.74,144.56,144.82,144.85,145.07,148.94,148.98,149.45,149.88,150.39,151.26,151.43,152.11,152.32,152.66,153.06,153.66,154.46,154.5,155.38,155.73,157.14,159.24,163.68,165.55,166.75,167.03,167.14,168.79,169.57,170.3,169.61,173.58,174.78,175.72,175.95,176.77,176.93,179.74,180.43
723102,0723102 Lavado del vehículo,0.0876,104.08,106.43,106.43,107.19,107.65,108.83,109.85,110.26,110.26,110.66,110.66,111.45,112.35,116.87,117.18,117.54,117.88,119.15,119.99,121.41,123.39,124.55,128.54,128.14,129.98,130.13,131.55,132.51,132.51,135.31,136.79,137.12,137.12,138.09,138.09,138.35,140.73,142.28,143.41,143.73,144.07,145.67,146.39,148.72,149.85,151.5,152.7,152.7,154.54,157.66,159.6,160.89,160.89,162.72,165.78,167.62,169.4,170.53,170.53,170.53,171.72,171.72,171.72,173.27,173.27,173.27,176.48,176.98,184.94,185.71,187.37
724,0724 Otros servicios relativos al equipo de transporte,0.0899,100,100,100,100,100,100,100,100,100,100,100,126.42,126.42,126.42,126.42,124.22,124.22,124.22,124.22,124.22,124.22,124.22,124.22,124.22,124.22,124.22,124.22,124.22,124.22,124.22,124.22,124.22,124.22,124.22,124.22,124.22,124.22,124.22,124.22,124.22,124.22,124.22,124.22,124.22,124.22,124.22,124.22,124.22,124.22,124.22,124.22,132.3,138.85,138.85,138.85,142.13,142.13,142.13,142.13,142.13,142.13,142.13,142.13,142.13,142.13,142.13,142.13,142.13,142.13,142.13,142.13
7241,07241 Otros servicios relativos al equipo de transporte,0.0899,100,100,100,100,100,100,100,100,100,100,100,126.42,126.42,126.42,126.42,124.22,124.22,124.22,124.22,124.22,124.22,124.22,124.22,124.22,124.22,124.22,124.22,124.22,124.22,124.22,124.22,124.22,124.22,124.22,124.22,124.22,124.22,124.22,124.22,124.22,124.22,124.22,124.22,124.22,124.22,124.22,124.22,124.22,124.22,124.22,124.22,132.3,138.85,138.85,138.85,142.13,142.13,142.13,142.13,142.13,142.13,142.13,142.13,142.13,142.13,142.13,142.13,142.13,142.13,142.13,142.13
724101,0724101 Peajes,0.0573,100,100,100,100,100,100,100,100,100,100,100,100,100,100,100,96.54,96.54,96.54,96.54,96.54,96.54,96.54,96.54,96.54,96.54,96.54,96.54,96.54,96.54,96.54,96.54,96.54,96.54,96.54,96.54,96.54,96.54,96.54,96.54,96.54,96.54,96.54,96.54,96.54,96.54,96.54,96.54,96.54,96.54,96.54,96.54,109.23,119.52,119.52,119.52,124.67,124.67,124.67,124.67,124.67,124.67,124.67,124.67,124.67,124.67,124.67,124.67,124.67,124.67,124.67,124.67
724102,0724102 Licencia de conducir (renovación),0.0327,100,100,100,100,100,100,100,100,100,100,100,172.73,172.73,172.73,172.73,172.73,172.73,172.73,172.73,172.73,172.73,172.73,172.73,172.73,172.73,172.73,172.73,172.73,172.73,172.73,172.73,172.73,172.73,172.73,172.73,172.73,172.73,172.73,172.73,172.73,172.73,172.73,172.73,172.73,172.73,172.73,172.73,172.73,172.73,172.73,172.73,172.73,172.73,172.73,172.73,172.73,172.73,172.73,172.73,172.73,172.73,172.73,172.73,172.73,172.73,172.73,172.73,172.73,172.73,172.73,172.73
73,073 Servicios de Transporte,5.125,107.76,111.63,111.8,112.07,113.72,115.68,116.54,117.3,118.74,119.23,120.04,119.48,119.14,122.97,125.25,123.55,125.01,125.84,126.75,126.75,128.35,130.54,130.64,129.14,129.82,130.8,132.67,130.51,131.02,131.43,130.26,130.44,130.65,131.62,130.86,129.84,131.07,132.19,133.31,131.4,132.26,133.52,132.24,132.92,134.94,135.2,135.28,134.56,135.31,136.92,136.81,134.84,135.16,136.62,137.06,137.56,138.61,138.73,139.53,138.61,139.21,142.35,143.58,141.55,141.57,143.44,143.28,145.4,146.09,147.22,147.31
732,0732 Transporte de pasajeros por carretera ,4.8476,107.05,110.12,111.12,112.89,115.13,116.22,116.84,117.31,117.81,118.26,118.71,119.85,120.08,121.41,122.56,124.04,125.39,126.08,126.43,126.39,126.96,127.2,127.68,127.82,129.33,129.42,129.78,130.2,130.42,130.49,130.66,130.62,130.7,130.79,130.83,131.39,132.2,132.72,133.15,132.86,132.86,133.25,133.23,133.57,134.3,134.6,134.81,135.32,135.44,135.41,135.63,135.87,135.87,136.63,137.24,137.66,138.01,138.38,139.83,140.16,140.44,140.61,141.09,142.13,141.94,142.2,143.13,144.56,144.85,145.7,146.23
7321,07321 Transporte terrestre urbano,3.8938,108.06,111.78,112.89,114.6,117.15,118.34,119.1,119.54,120.17,120.75,121.05,122.02,122.31,124.01,125.38,127.17,128.6,129.3,129.72,129.65,130.36,130.69,131.28,131.4,132.82,132.85,133.25,133.67,133.9,133.99,134.2,134.14,134.24,134.36,134.4,135.09,136.1,136.74,137.21,136.82,136.82,137.24,137.21,137.62,138.28,138.33,138.54,139.06,139.21,139.17,139.43,139.66,139.65,140.41,140.97,141.31,141.61,142.07,143.82,144.21,144.56,144.74,145.33,146.58,146.31,146.64,147.26,148.39,148.66,149.65,150.26
732101,0732101 Pasaje en carro público,1.236,111.91,117.31,117.84,121.31,123.55,124.28,125.05,125.4,126.48,126.56,126.29,126.5,126.82,128.3,129.14,130.95,132.28,132.8,133.16,133.16,133.49,134.41,134.49,134.49,134.66,134.66,134.66,135.36,135.36,135.36,135.36,135.36,135.36,135.36,135.4,135.43,135.93,135.93,137.11,135.82,135.82,136.03,136.03,136.03,136.03,136.03,136.03,136.03,136.03,136.03,136.34,136.34,136.34,136.96,137.3,137.3,137.52,137.73,140.5,141.24,141.24,141.24,142.38,142.94,142.94,142.94,143.04,143.61,143.61,144.29,144.29
732102,0732102 Pasaje en motoconcho,1.2217,107.97,108.74,111.16,112.89,115.97,118.78,119.68,120.8,121.82,123.45,124.28,124.55,124.93,128.38,130.33,132.12,133.09,134.09,134.8,134.8,134.97,135.28,135.28,135.28,138.48,138.57,139.4,139.63,140.3,140.58,140.69,140.69,140.69,140.69,140.75,140.98,143.72,144.63,144.79,144.8,144.88,145.65,145.65,146.28,148.37,148.41,148.51,148.74,148.74,148.75,148.81,148.84,148.84,150.08,150.74,151.96,152.84,154.08,154.66,155.26,155.35,156.03,156.19,157.9,158.01,158.3,159.23,159.81,159.81,160.91,162.12
732103,0732103 Pasaje en autobús urbano,0.7649,109.16,118.11,118.39,118.42,121.19,121.65,122.09,122.36,122.41,122.41,122.43,122.46,122.61,122.73,123.3,125.51,127.52,128.41,128.41,128.41,129.41,129.41,129.41,129.41,130.88,130.91,130.97,131.04,131.06,131.06,131.06,131.06,131.06,131.06,131.06,131.06,131.33,131.95,131.95,131.95,131.95,131.95,131.95,132.18,132.4,132.43,132.43,132.44,132.44,132.44,132.44,132.45,132.45,132.96,134.46,134.46,134.5,134.61,135.48,135.48,135.48,135.48,135.48,138.6,138.65,138.79,139.36,142.78,142.78,144.92,144.92
732104,0732104 Servicio de taxi,0.4527,99.86,99.86,100.99,101.46,104.32,104.2,105.47,104.77,104.39,104.78,105.85,106.29,106.68,107.66,111,112.83,115.51,115.91,116.6,116.01,119.1,118.58,118.42,118.9,119.54,119.46,120.55,121.55,121.72,121.7,123.2,122.69,123.6,124.58,124.72,124.78,124.29,126.24,126.69,126.85,126.58,127.6,127.32,128.73,128.4,128.69,130.21,130.86,132.15,131.74,132.96,134.85,134.78,135.44,134.98,134.67,134.19,134.04,135.29,134.75,137.51,137.24,138.77,138.14,135.41,137.25,138.82,139.69,141.96,142.04,141.18
732105,0732105 Transporte escolar,0.1143,100,100,100,100,100,100,100,100,100,100,100,125.96,125.96,125.96,125.96,125.96,125.96,125.96,125.96,125.96,125.96,125.96,145.57,147.95,147.95,147.95,147.95,147.95,147.95,147.95,147.95,147.95,147.95,147.95,147.95,168.1,168.1,168.1,168.1,168.1,168.1,168.1,168.1,168.1,168.1,168.1,168.1,180.75,180.75,180.75,180.75,180.75,180.75,180.75,180.75,180.75,180.75,180.75,193.44,194.23,194.23,194.23,194.23,194.23,194.23,194.23,194.23,194.23,194.23,194.23,205.65
732106,0732106 Metro,0.1041,100,100,100,100,100,100,100,100,100,100,100,100,100,100,100,100,100,100,100,100,100,100,100,100,100,100,100,100,100,100,100,100,100,100,100,100,100,100,100,100,100,100,100,100,100,100,100,100,100,100,100,100,100,100,100,100,100,100,100,100,100,100,100,100,100,100,100,100,100,100,100
7322,07322 Transporte terrestre interurbano,0.9538,102.89,103.34,103.87,105.93,106.87,107.54,107.58,108.2,108.2,108.12,109.19,110.97,110.98,110.8,111.02,111.28,112.3,112.94,113.03,113.07,113.07,112.94,112.99,113.21,115.08,115.41,115.62,116.04,116.17,116.21,116.23,116.23,116.23,116.23,116.23,116.29,116.29,116.34,116.57,116.69,116.69,116.95,116.98,117.04,118.06,119.38,119.6,120.05,120.05,120.06,120.11,120.42,120.43,121.18,122.02,122.73,123.31,123.33,123.52,123.66,123.66,123.75,123.81,123.98,124.09,124.09,126.27,128.92,129.33,129.56,129.78
732201,0732201 Pasaje en guaguas sindicalizadas,0.7934,103.31,103.61,104.25,106.73,107.07,107.45,107.5,108.25,108.25,108.16,109.41,111.55,111.55,111.32,111.59,111.91,112.26,112.39,112.41,112.45,112.45,112.3,112.35,112.62,114.87,114.87,115.01,115.52,115.68,115.68,115.7,115.7,115.7,115.7,115.7,115.77,115.77,115.83,116.11,116.24,116.24,116.56,116.6,116.67,117.31,117.73,117.99,118.54,118.54,118.56,118.59,118.95,118.95,119.85,120.85,121.71,122.4,122.43,122.66,122.83,122.83,122.93,122.93,123.14,123.28,123.28,123.95,127.1,127.47,127.68,127.94
732202,0732202 Pasajes en guaguas de empresas privadas,0.0988,101.32,103.23,103.23,103.23,107.86,111.32,111.32,111.32,111.32,111.32,111.5,111.5,111.57,111.71,111.71,111.71,118.06,120.41,120.49,120.49,120.49,120.49,120.54,120.54,120.54,120.54,121.4,121.4,121.4,121.74,121.8,121.8,121.8,121.8,121.8,121.8,121.8,121.8,121.8,121.8,121.8,121.8,121.8,121.8,126.51,135.85,135.85,135.85,135.85,135.85,136.09,136.15,136.26,136.26,136.26,136.26,136.26,136.26,136.26,136.26,136.26,136.26,136.26,136.26,136.26,136.26,149.98,150.33,150.33,150.89,150.89
732203,0732203 Pasaje interurbano en camioneta,0.0617,100,100,100,100,102.58,102.58,102.58,102.58,102.58,102.58,102.58,102.58,102.58,102.58,102.58,102.58,103.6,108.07,109.07,109.07,109.07,109.07,109.07,109.07,109.07,114.18,114.18,114.18,114.18,114.18,114.18,114.18,114.18,114.18,114.18,114.18,114.18,114.18,114.18,114.18,114.18,114.18,114.18,114.18,114.18,114.18,114.18,114.18,114.18,114.18,114.18,114.18,114.18,114.18,114.18,114.18,114.18,114.18,114.18,114.18,114.18,114.18,115.11,115.11,115.11,115.11,118.04,118.04,119.54,119.54,119.54
733,0733 Transporte de pasajeros por aire ,0.2774,120.26,138.11,123.67,97.77,89.19,106.26,111.3,117.19,134.94,136.22,143.2,113.1,102.75,150.27,172.27,114.98,118.39,121.56,132.35,133.16,152.68,188.85,182.39,152.14,138.42,154.91,183.28,135.9,141.52,147.79,123.16,127.47,129.69,146.11,131.34,102.83,111.31,122.9,136.02,105.84,121.94,138.17,114.92,121.58,146.06,145.62,143.42,121.31,132.92,163.38,157.47,116.79,122.82,136.43,134.01,135.87,149.14,144.74,134.3,111.47,117.55,172.77,187,131.27,135.06,165.11,146.01,160.05,167.62,173.82,166.15
7331,07331 Transporte aéreo,0.2774,120.26,138.11,123.67,97.77,89.19,106.26,111.3,117.19,134.94,136.22,143.2,113.1,102.75,150.27,172.27,114.98,118.39,121.56,132.35,133.16,152.68,188.85,182.39,152.14,138.42,154.91,183.28,135.9,141.52,147.79,123.16,127.47,129.69,146.11,131.34,102.83,111.31,122.9,136.02,105.84,121.94,138.17,114.92,121.58,146.06,145.62,143.42,121.31,132.92,163.38,157.47,116.79,122.82,136.43,134.01,135.87,149.14,144.74,134.3,111.47,117.55,172.77,187,131.27,135.06,165.11,146.01,160.05,167.62,173.82,166.15
733101,0733101 Pasaje al exterior,0.2774,120.26,138.11,123.67,97.77,89.19,106.26,111.3,117.19,134.94,136.22,143.2,113.1,102.75,150.27,172.27,114.98,118.39,121.56,132.35,133.16,152.68,188.85,182.39,152.14,138.42,154.91,183.28,135.9,141.52,147.79,123.16,127.47,129.69,146.11,131.34,102.83,111.31,122.9,136.02,105.84,121.94,138.17,114.92,121.58,146.06,145.62,143.42,121.31,132.92,163.38,157.47,116.79,122.82,136.43,134.01,135.87,149.14,144.74,134.3,111.47,117.55,172.77,187,131.27,135.06,165.11,146.01,160.05,167.62,173.82,166.15
8,08 Comunicaciones,5.0612,100.43,100.42,100.61,100.58,100.52,100.52,100.22,99.82,99.53,99.27,99,98.93,98.77,99.23,99.27,99.61,99.74,99.71,99.26,98.85,98.74,98.25,98.22,98,97.74,97.85,98.12,96.68,95.91,94.83,94.78,94.75,94.81,94.98,94.99,94.9,94.85,94.85,95.4,95.63,95.62,96.65,97.18,97.2,97.23,97.37,97.44,97.38,97.44,97.44,97.52,97.69,97.83,99.2,98.47,98.45,98.49,98.74,99.78,99.33,99.69,98.21,98.29,98.29,98.24,98.03,97.93,97.77,97.7,97.61,98.03
82,082 Equipos Telefónicos,0.2216,104.22,104.22,109.47,109.54,109.73,109.73,109.73,108.01,108.01,108.5,108.5,108.5,108.5,109.15,108.2,110.17,109.73,108.89,108.05,106.6,104.19,103.87,103.74,102.86,101.12,101.22,99.44,100.76,100.51,98.95,98.31,98.26,98.04,98.04,98.08,95.48,95.48,94.66,95.09,95.16,95.33,93.61,93.63,93.82,92.99,93,93,93,93.91,93.08,91.41,92.81,92.77,93.24,91.37,91.78,91.54,91.6,92.16,91.46,92.73,92.64,94.14,93.6,95.35,98.23,96.5,95.96,96.33,95.45,95.96
821,0821 Equipos Telefónicos,0.2216,104.22,104.22,109.47,109.54,109.73,109.73,109.73,108.01,108.01,108.5,108.5,108.5,108.5,109.15,108.2,110.17,109.73,108.89,108.05,106.6,104.19,103.87,103.74,102.86,101.12,101.22,99.44,100.76,100.51,98.95,98.31,98.26,98.04,98.04,98.08,95.48,95.48,94.66,95.09,95.16,95.33,93.61,93.63,93.82,92.99,93,93,93,93.91,93.08,91.41,92.81,92.77,93.24,91.37,91.78,91.54,91.6,92.16,91.46,92.73,92.64,94.14,93.6,95.35,98.23,96.5,95.96,96.33,95.45,95.96
8211,08211 Equipos Telefónicos,0.2216,104.22,104.22,109.47,109.54,109.73,109.73,109.73,108.01,108.01,108.5,108.5,108.5,108.5,109.15,108.2,110.17,109.73,108.89,108.05,106.6,104.19,103.87,103.74,102.86,101.12,101.22,99.44,100.76,100.51,98.95,98.31,98.26,98.04,98.04,98.08,95.48,95.48,94.66,95.09,95.16,95.33,93.61,93.63,93.82,92.99,93,93,93,93.91,93.08,91.41,92.81,92.77,93.24,91.37,91.78,91.54,91.6,92.16,91.46,92.73,92.64,94.14,93.6,95.35,98.23,96.5,95.96,96.33,95.45,95.96
821101,0821101 Equipo telefónico celular,0.2216,104.22,104.22,109.47,109.54,109.73,109.73,109.73,108.01,108.01,108.5,108.5,108.5,108.5,109.15,108.2,110.17,109.73,108.89,108.05,106.6,104.19,103.87,103.74,102.86,101.12,101.22,99.44,100.76,100.51,98.95,98.31,98.26,98.04,98.04,98.08,95.48,95.48,94.66,95.09,95.16,95.33,93.61,93.63,93.82,92.99,93,93,93,93.91,93.08,91.41,92.81,92.77,93.24,91.37,91.78,91.54,91.6,92.16,91.46,92.73,92.64,94.14,93.6,95.35,98.23,96.5,95.96,96.33,95.45,95.96
83,083 Servicios Telefónicos ,4.8395,100.26,100.25,100.21,100.17,100.1,100.1,99.78,99.45,99.14,98.85,98.56,98.49,98.32,98.77,98.86,99.13,99.29,99.29,98.85,98.49,98.49,97.99,97.96,97.78,97.58,97.69,98.06,96.49,95.7,94.64,94.62,94.59,94.66,94.84,94.85,94.88,94.82,94.86,95.42,95.65,95.63,96.79,97.35,97.35,97.43,97.57,97.64,97.59,97.6,97.64,97.8,97.91,98.06,99.47,98.8,98.75,98.81,99.06,100.13,99.7,100.01,98.47,98.48,98.5,98.37,98.03,97.99,97.85,97.76,97.71,98.12
831,0831 Servicios telefónicos ,4.8395,100.26,100.25,100.21,100.17,100.1,100.1,99.78,99.45,99.14,98.85,98.56,98.49,98.32,98.77,98.86,99.13,99.29,99.29,98.85,98.49,98.49,97.99,97.96,97.78,97.58,97.69,98.06,96.49,95.7,94.64,94.62,94.59,94.66,94.84,94.85,94.88,94.82,94.86,95.42,95.65,95.63,96.79,97.35,97.35,97.43,97.57,97.64,97.59,97.6,97.64,97.8,97.91,98.06,99.47,98.8,98.75,98.81,99.06,100.13,99.7,100.01,98.47,98.48,98.5,98.37,98.03,97.99,97.85,97.76,97.71,98.12
8311,08311 Servicios de telefonía fija,2.0311,100.61,100.59,100.49,100.39,100.25,100.23,99.48,98.69,97.95,97.26,96.57,96.4,96,97.07,97.29,97.93,98.3,98.3,97.27,96.4,96.4,95.21,95.15,94.7,94.24,94.5,95.38,91.63,89.76,87.48,87.42,87.35,87.53,87.94,87.97,88.05,87.9,87.99,88.37,88.92,88.88,91.64,92.97,92.98,93.15,93.49,93.67,93.53,93.58,93.67,94.05,94.31,94.67,98.04,96.42,96.32,96.44,97.06,99.59,99.17,99.91,99.6,99.63,99.67,99.05,98.24,98.16,97.82,97.6,97.48,97.39
831101,0831101 Servicio telefónico fijo,0.1651,100.04,100.04,100.04,100.04,100.04,100.04,100.04,100.04,100.04,100.04,100.04,100.04,100.04,100.04,100.04,100.04,100.04,100.04,100.04,100.04,100.04,100.04,100.04,100.04,100.04,100.04,100.04,100.04,100.04,100.04,100.04,100.04,100.04,100.04,100.04,100.04,100.04,100.04,100.04,100.04,100.04,100.04,100.04,100.04,100.04,100.04,100.04,100.04,100.04,100.04,100.04,100.04,100.04,100.04,100.04,100.04,100.04,100.04,100.04,100.04,100.04,100.04,100.04,100.04,100.04,100.04,100.04,100.04,100.04,100.04,100.04
831102,0831102 Servicio de internet,0.1952,99.72,99.72,99.73,99.73,99.73,99.73,99.73,99.28,99.28,99.28,99.28,99.28,99.28,99.69,99.69,99.71,99.92,99.92,99.02,99.02,99.02,99.02,99.02,99.02,98.87,98.87,98.87,95.16,95.16,95.16,95.16,95.16,95.16,95.16,91.78,91.78,90.19,90.19,90.19,90.46,90.46,93.09,92.87,92.87,92.87,93.48,93.48,89.93,89.93,89.97,90.12,90.12,90.12,90.12,90.12,90.12,90.12,90.12,90.12,87.59,87.11,87.11,87.11,87.11,87.11,87.11,87.13,87.13,87.13,86.72,87.99
831104,"0831104 Servicios combinados de telefonía, televisión pagada e internet",1.6708,100.77,100.75,100.63,100.51,100.33,100.31,99.39,98.48,97.58,96.74,95.91,95.71,95.22,96.47,96.74,97.51,97.94,97.94,96.79,95.74,95.74,94.29,94.21,93.67,93.12,93.44,94.51,90.39,88.12,85.34,85.27,85.18,85.4,85.91,86.34,86.42,86.44,86.55,87.01,87.65,87.6,90.64,92.28,92.3,92.51,92.85,93.06,93.31,93.36,93.47,93.92,94.24,94.67,98.76,96.8,96.68,96.83,97.57,100.65,100.43,101.4,101.01,101.05,101.1,100.35,99.36,99.27,98.86,98.58,98.49,98.22
8312,08312 Servicios de telefonía celular,2.8084,100,100,100,100,100,100,100,100,100,100,100,100,100,100,100,100,100,100,100,100,100,100,100,100,100,100,100,100,100,99.82,99.82,99.82,99.82,99.82,99.82,99.82,99.82,99.82,100.52,100.52,100.52,100.52,100.52,100.52,100.52,100.52,100.52,100.52,100.52,100.52,100.52,100.52,100.52,100.52,100.52,100.52,100.52,100.52,100.52,100.08,100.08,97.65,97.65,97.65,97.87,97.87,97.87,97.87,97.87,97.87,98.65
831201,0831201 Servicios de telefonía celular,2.8084,100,100,100,100,100,100,100,100,100,100,100,100,100,100,100,100,100,100,100,100,100,100,100,100,100,100,100,100,100,99.82,99.82,99.82,99.82,99.82,99.82,99.82,99.82,99.82,100.52,100.52,100.52,100.52,100.52,100.52,100.52,100.52,100.52,100.52,100.52,100.52,100.52,100.52,100.52,100.52,100.52,100.52,100.52,100.52,100.52,100.08,100.08,97.65,97.65,97.65,97.87,97.87,97.87,97.87,97.87,97.87,98.65
9,09 Recreación y Cultura,3.0303,101.61,101.83,102.71,102.82,102.91,103.07,103.69,103.92,104.49,104.79,105.29,105.65,105.96,106.52,107.5,107.91,108.04,107.75,107.8,107.52,107.94,108.3,108.38,108.37,108.61,108.43,109.43,110.14,110.29,110.23,110.66,110.34,110.55,111.01,111.52,111.17,111.31,111.3,111.7,112.17,112.75,113.12,112.94,112.79,113,113.44,117.67,117.69,117.79,117.66,118.2,118.93,119.5,119.72,120.1,118.6,119.13,119.55,119.74,118.98,119.12,119.45,121.41,121.77,121.88,121.71,122.98,121.78,121.75,122.21,122.14
91,091 Equipo Audiovisual  y de Procesamiento de Información,0.3209,105.33,105.27,105.87,107.32,108.12,109.09,110.04,111.05,111.91,112.87,113.51,113.97,115.35,114.93,115.72,115.96,116.42,115.92,115.64,114.98,115.15,113.92,113.16,112.68,111.65,108.8,109.46,109.62,109.07,108.36,108.07,105.79,105.42,104.99,104.9,104.6,104.04,102.88,103.14,103.26,103.18,103.42,103.64,102.52,102.56,102.05,102.14,102.14,101.83,100.37,101.01,100.97,101.32,101.31,101.17,99.95,100.29,99.3,98.97,98.6,98.29,96.36,97.28,97.09,97.09,96.46,95.92,95.15,95.57,95.81,95.7
911,"0911 Equipo para la recepción, grabación, y reproducción de sonidos e imágenes ",0.2351,104.42,104.34,105.16,105.89,106.98,108.3,109.6,110.86,112.03,113.27,114.15,114.38,116.26,115.68,116.46,116.72,117.22,116.64,116.26,115.52,115.71,114.2,113.44,112.78,111.68,108.1,108.73,108.84,108.21,107.24,107.01,103.93,103.4,102.98,102.46,102.01,101.25,99.67,100.02,100.18,100.02,100.41,100.71,99.05,99.73,99.09,99.22,99.21,98.82,97.28,97.59,97.3,97.41,97.43,97.07,95.98,96.52,95.18,94.94,93.88,93.29,90.62,91.85,91.64,91.75,90.77,90.33,89.66,90.49,90.06,89.99
9111,09111 Equipos de audio y video,0.2351,104.42,104.34,105.16,105.89,106.98,108.3,109.6,110.86,112.03,113.27,114.15,114.38,116.26,115.68,116.46,116.72,117.22,116.64,116.26,115.52,115.71,114.2,113.44,112.78,111.68,108.1,108.73,108.84,108.21,107.24,107.01,103.93,103.4,102.98,102.46,102.01,101.25,99.67,100.02,100.18,100.02,100.41,100.71,99.05,99.73,99.09,99.22,99.21,98.82,97.28,97.59,97.3,97.41,97.43,97.07,95.98,96.52,95.18,94.94,93.88,93.29,90.62,91.85,91.64,91.75,90.77,90.33,89.66,90.49,90.06,89.99
911101,0911101 Televisor,0.2097,104.75,104.66,105.53,106.38,107.52,108.98,110.34,111.72,112.98,114.3,115.21,115.47,117.52,116.8,117.66,117.87,118.32,117.65,117.18,116.37,116.58,114.89,114.05,113.32,112.15,108.38,108.94,109.02,108.36,107.27,107.09,103.69,103.14,102.7,102.18,101.65,100.84,99.18,99.48,99.66,99.47,99.89,100.25,98.48,99.26,98.53,98.68,98.66,98.25,96.78,97.02,96.71,96.83,96.87,96.46,95.3,95.91,94.44,94.15,93.05,92.41,89.52,90.8,90.61,90.76,89.71,89.26,88.54,89.45,88.97,88.9
911104,0911104 Accesorios para equipos de  sonido,0.0254,101.72,101.74,102.09,101.92,102.58,102.75,103.49,103.76,104.2,104.84,105.42,105.36,105.91,106.43,106.61,107.29,108.18,108.28,108.65,108.46,108.56,108.48,108.39,108.27,107.79,105.78,107.03,107.37,107.01,106.96,106.34,105.89,105.56,105.34,104.73,104.97,104.59,103.69,104.45,104.47,104.55,104.71,104.52,103.8,103.57,103.75,103.63,103.79,103.54,101.43,102.25,102.19,102.13,102.05,102.06,101.61,101.54,101.27,101.49,100.73,100.6,99.68,100.58,100.11,99.92,99.48,99.16,98.87,99.07,99.02,98.91
913,0913 Equipo de procesamiento ,0.0857,107.82,107.82,107.82,111.24,111.24,111.24,111.24,111.58,111.58,111.76,111.76,112.86,112.86,112.86,113.66,113.86,114.24,113.94,113.94,113.52,113.6,113.14,112.4,112.4,111.59,110.74,111.44,111.76,111.44,111.44,110.96,110.87,110.94,110.5,111.6,111.69,111.69,111.69,111.69,111.69,111.86,111.69,111.69,112.03,110.34,110.15,110.15,110.15,110.08,108.84,110.39,111.01,112.04,111.94,112.4,110.84,110.66,110.61,110.02,111.52,112,112.09,112.15,112.02,111.73,112.06,111.22,110.2,109.48,111.6,111.36
9131,09131 Equipo de procesamiento ,0.0857,107.82,107.82,107.82,111.24,111.24,111.24,111.24,111.58,111.58,111.76,111.76,112.86,112.86,112.86,113.66,113.86,114.24,113.94,113.94,113.52,113.6,113.14,112.4,112.4,111.59,110.74,111.44,111.76,111.44,111.44,110.96,110.87,110.94,110.5,111.6,111.69,111.69,111.69,111.69,111.69,111.86,111.69,111.69,112.03,110.34,110.15,110.15,110.15,110.08,108.84,110.39,111.01,112.04,111.94,112.4,110.84,110.66,110.61,110.02,111.52,112,112.09,112.15,112.02,111.73,112.06,111.22,110.2,109.48,111.6,111.36
913101,0913101 Computadoras y tablets,0.0857,107.82,107.82,107.82,111.24,111.24,111.24,111.24,111.58,111.58,111.76,111.76,112.86,112.86,112.86,113.66,113.86,114.24,113.94,113.94,113.52,113.6,113.14,112.4,112.4,111.59,110.74,111.44,111.76,111.44,111.44,110.96,110.87,110.94,110.5,111.6,111.69,111.69,111.69,111.69,111.69,111.86,111.69,111.69,112.03,110.34,110.15,110.15,110.15,110.08,108.84,110.39,111.01,112.04,111.94,112.4,110.84,110.66,110.61,110.02,111.52,112,112.09,112.15,112.02,111.73,112.06,111.22,110.2,109.48,111.6,111.36
93,093 Otros Artículos y Equipo para Recreación y Animales Domésticos,0.2344,104.06,104.66,104.36,104.39,105.12,105.24,105.4,105.77,106.21,107.48,107.8,108.38,108.78,109.33,110.1,110.52,111.28,111.79,112.54,112.83,113.36,114.14,114.64,115.2,115.77,115.89,116.92,117.23,117.86,118.12,118.38,119.38,119.83,120.34,120.41,120.5,120.79,120.47,120.42,120.57,121.41,121.55,121.7,121.77,122.13,122.67,123.06,123.35,123.6,123.81,124.31,124.47,125.25,125.44,125.63,125.75,125.99,126.26,126.21,126.43,126.52,126.57,127.15,127.08,127.32,127.68,128.07,128.31,128.75,129.18,129.32
931,0931 Juegos y juguetes  ,0.0832,105.4,105.58,104.18,103.81,104.42,104.58,104.55,104.61,104.79,105.15,105.25,105.57,105.74,105.63,106.3,106.11,106.88,106.57,107.14,107.11,107.5,107.29,107.21,107.27,107.28,106.71,107.14,106.61,106.97,106.84,106.99,106.93,106.29,106.69,106.14,106.02,105.96,104.72,103.91,102.95,103.37,103.12,102.75,102.34,102.36,102.65,102.8,102.74,103.03,102.98,102.95,102.29,103,102.91,103.07,102.95,102.91,102.89,103,103.07,102.51,102.26,102.8,102.3,102.27,102.29,101.96,102.18,102.14,102.43,101.75
9311,09311 Juegos y juguetes,0.0832,105.4,105.58,104.18,103.81,104.42,104.58,104.55,104.61,104.79,105.15,105.25,105.57,105.74,105.63,106.3,106.11,106.88,106.57,107.14,107.11,107.5,107.29,107.21,107.27,107.28,106.71,107.14,106.61,106.97,106.84,106.99,106.93,106.29,106.69,106.14,106.02,105.96,104.72,103.91,102.95,103.37,103.12,102.75,102.34,102.36,102.65,102.8,102.74,103.03,102.98,102.95,102.29,103,102.91,103.07,102.95,102.91,102.89,103,103.07,102.51,102.26,102.8,102.3,102.27,102.29,101.96,102.18,102.14,102.43,101.75
931101,0931101 Juguetes,0.0832,105.4,105.58,104.18,103.81,104.42,104.58,104.55,104.61,104.79,105.15,105.25,105.57,105.74,105.63,106.3,106.11,106.88,106.57,107.14,107.11,107.5,107.29,107.21,107.27,107.28,106.71,107.14,106.61,106.97,106.84,106.99,106.93,106.29,106.69,106.14,106.02,105.96,104.72,103.91,102.95,103.37,103.12,102.75,102.34,102.36,102.65,102.8,102.74,103.03,102.98,102.95,102.29,103,102.91,103.07,102.95,102.91,102.89,103,103.07,102.51,102.26,102.8,102.3,102.27,102.29,101.96,102.18,102.14,102.43,101.75
932,0932 Equipo de deportes y recreación al aire libre,0.0175,99.91,99.83,100.39,100.58,101.11,101.3,101.71,101.75,102.33,102.88,102.77,103.58,104.06,104.2,104.94,105.48,105.55,105.87,105.89,106.24,107.01,107.23,107.41,107.52,107.52,107.39,107.57,107.57,108.08,108.4,108.42,108.24,108.28,108.36,108.41,108.54,108.52,108.39,108.08,108.69,108.88,108.89,108.95,109.45,109.48,109.53,109.67,109.66,109.59,109.63,109.96,109.87,110.05,110.1,110.17,110.19,110.2,110.58,108.83,109.25,109.34,109.19,109.48,109.16,109.86,109.95,109.99,110.23,110.37,110.52,110.34
9321,09321 Equipos de deporte y recreación,0.0175,99.91,99.83,100.39,100.58,101.11,101.3,101.71,101.75,102.33,102.88,102.77,103.58,104.06,104.2,104.94,105.48,105.55,105.87,105.89,106.24,107.01,107.23,107.41,107.52,107.52,107.39,107.57,107.57,108.08,108.4,108.42,108.24,108.28,108.36,108.41,108.54,108.52,108.39,108.08,108.69,108.88,108.89,108.95,109.45,109.48,109.53,109.67,109.66,109.59,109.63,109.96,109.87,110.05,110.1,110.17,110.19,110.2,110.58,108.83,109.25,109.34,109.19,109.48,109.16,109.86,109.95,109.99,110.23,110.37,110.52,110.34
932102,0932102 Equipos para deportes,0.0175,99.91,99.83,100.39,100.58,101.11,101.3,101.71,101.75,102.33,102.88,102.77,103.58,104.06,104.2,104.94,105.48,105.55,105.87,105.89,106.24,107.01,107.23,107.41,107.52,107.52,107.39,107.57,107.57,108.08,108.4,108.42,108.24,108.28,108.36,108.41,108.54,108.52,108.39,108.08,108.69,108.88,108.89,108.95,109.45,109.48,109.53,109.67,109.66,109.59,109.63,109.96,109.87,110.05,110.1,110.17,110.19,110.2,110.58,108.83,109.25,109.34,109.19,109.48,109.16,109.86,109.95,109.99,110.23,110.37,110.52,110.34
934,0934 Animales domésticos ,0.0805,103.36,104.46,104.66,104.94,105.9,105.99,106.07,106.92,107.69,109.45,109.88,111.06,111.81,112.85,113.77,114.48,115.37,116.65,117.65,118.14,118.91,120.44,121.35,122.75,123.8,124.66,126.11,127.04,128.01,128.76,129.14,131.33,132.88,133.78,134.3,134.56,135.24,135.53,136.16,137.04,137.3,137.72,137.8,138.13,138.9,139.54,139.82,140.26,140.58,141.21,141.81,142.4,143.38,143.81,143.89,144.23,144.36,144.8,144.74,145.11,145.69,145.91,146.54,146.6,146.78,147.07,147.99,148.02,148.89,149.52,150.18
9341,09341 Animales domésticos y productos conexos,0.0805,103.36,104.46,104.66,104.94,105.9,105.99,106.07,106.92,107.69,109.45,109.88,111.06,111.81,112.85,113.77,114.48,115.37,116.65,117.65,118.14,118.91,120.44,121.35,122.75,123.8,124.66,126.11,127.04,128.01,128.76,129.14,131.33,132.88,133.78,134.3,134.56,135.24,135.53,136.16,137.04,137.3,137.72,137.8,138.13,138.9,139.54,139.82,140.26,140.58,141.21,141.81,142.4,143.38,143.81,143.89,144.23,144.36,144.8,144.74,145.11,145.69,145.91,146.54,146.6,146.78,147.07,147.99,148.02,148.89,149.52,150.18
934101,0934101 Alimentos para animales domésticos,0.0479,101.49,102.89,103.23,104.04,105.34,105.18,105.26,105.75,107.18,108.8,109.51,111,112.27,113.41,113.98,114.99,115.99,117.58,118.58,119.25,120.53,121.76,123.24,125.46,127.01,128.19,129.91,130.94,132.04,133,133.67,136.66,138.54,139.6,140.25,140.92,141.55,141.79,142.39,143.61,143.91,144.56,143.94,144.44,145.52,146.39,146.46,146.89,146.8,147.85,148.03,148.87,149.44,149.62,149.14,149.43,149.44,150.18,150.15,150.15,150.55,150.86,151.34,151.03,151.41,151.06,152.5,152.65,153.61,154.36,155.5
934102,0934102 Productos para cuidado de mascotas,0.0327,106.1,106.76,106.76,106.27,106.71,107.18,107.25,108.64,108.44,110.4,110.42,111.14,111.12,112.03,113.46,113.74,114.46,115.29,116.29,116.53,116.53,118.5,118.57,118.78,119.1,119.48,120.55,121.32,122.11,122.56,122.51,123.53,124.59,125.26,125.58,125.26,126,126.36,127.03,127.4,127.61,127.7,128.8,128.89,129.21,129.51,130.11,130.57,131.47,131.48,132.7,132.92,134.51,135.3,136.19,136.62,136.91,136.91,136.82,137.72,138.57,138.66,139.5,140.11,140,141.23,141.4,141.25,141.98,142.44,142.38
935,0935 Servicios de veterinaria y de otros tipos de animales domésticos,0.0531,104.39,105.14,105.5,105.73,106.36,106.45,106.95,107.17,107.49,109.68,110.3,110.3,110.52,111.48,112.17,113.11,113.85,114.54,115.44,115.9,116.2,117.6,118.5,118.71,119.62,119.8,121.38,122.19,122.77,122.87,123.2,124.47,125.08,125.31,125.68,125.8,126.18,126.31,126.51,127.13,129.71,130.09,131.18,131.5,131.87,132.78,133.81,134.49,134.69,134.76,135.98,136.84,137.64,137.95,138.42,138.59,139.5,139.93,140.19,140.37,140.75,141.09,141.74,142.23,142.83,143.93,144.74,145.33,145.96,146.38,147.16
9351,09351 Servicios de veterinaria y de otros tipos de animales domésticos,0.0531,104.39,105.14,105.5,105.73,106.36,106.45,106.95,107.17,107.49,109.68,110.3,110.3,110.52,111.48,112.17,113.11,113.85,114.54,115.44,115.9,116.2,117.6,118.5,118.71,119.62,119.8,121.38,122.19,122.77,122.87,123.2,124.47,125.08,125.31,125.68,125.8,126.18,126.31,126.51,127.13,129.71,130.09,131.18,131.5,131.87,132.78,133.81,134.49,134.69,134.76,135.98,136.84,137.64,137.95,138.42,138.59,139.5,139.93,140.19,140.37,140.75,141.09,141.74,142.23,142.83,143.93,144.74,145.33,145.96,146.38,147.16
935101,0935101 Servicios de veterinaria para animales domésticos,0.0531,104.39,105.14,105.5,105.73,106.36,106.45,106.95,107.17,107.49,109.68,110.3,110.3,110.52,111.48,112.17,113.11,113.85,114.54,115.44,115.9,116.2,117.6,118.5,118.71,119.62,119.8,121.38,122.19,122.77,122.87,123.2,124.47,125.08,125.31,125.68,125.8,126.18,126.31,126.51,127.13,129.71,130.09,131.18,131.5,131.87,132.78,133.81,134.49,134.69,134.76,135.98,136.84,137.64,137.95,138.42,138.59,139.5,139.93,140.19,140.37,140.75,141.09,141.74,142.23,142.83,143.93,144.74,145.33,145.96,146.38,147.16
94,094 Servicios de Recreación y Culturales,1.6359,100.18,100.23,100.23,100.23,100.23,100.37,101.25,101.42,101.72,101.72,102.16,102.38,102.48,103.23,103.35,103.42,103.47,103.48,103.49,103.57,103.58,103.69,103.69,103.69,103.87,103.87,104.39,104.42,104.62,104.62,104.64,104.93,104.93,104.93,105.22,105.25,105.25,105.41,105.43,105.44,105.74,105.74,105.74,105.74,105.92,105.92,113.05,113.2,113.24,113.24,113.35,113.85,113.95,114.05,114.29,114.29,114.36,114.36,114.56,114.56,114.56,114.56,114.56,115.48,115.48,115.54,115.94,116.4,116.62,116.62,116.67
941,0941 Servicios de recreación y deportivos ,0.2127,100,100,100,100,100,100,102.74,103.53,103.53,103.53,103.53,103.86,103.87,104.24,104.82,104.89,104.74,104.52,104.61,105,105,105.85,105.81,105.79,106.63,106.63,109.11,109.35,110.06,110.05,110.22,110.2,110.21,110.24,110.24,110.49,110.49,111.69,111.9,111.98,112.01,112.03,112.04,112.03,112.97,112.97,115.68,116.85,117.18,117.18,117.98,121.85,122.65,122.88,123.38,123.38,123.51,123.53,123.58,123.58,123.58,123.58,123.58,130.68,130.68,130.68,131.87,135.43,137.14,137.14,137.54
9411,09411 Servicio de recreación y deporte,0.2127,100,100,100,100,100,100,102.74,103.53,103.53,103.53,103.53,103.86,103.87,104.24,104.82,104.89,104.74,104.52,104.61,105,105,105.85,105.81,105.79,106.63,106.63,109.11,109.35,110.06,110.05,110.22,110.2,110.21,110.24,110.24,110.49,110.49,111.69,111.9,111.98,112.01,112.03,112.04,112.03,112.97,112.97,115.68,116.85,117.18,117.18,117.98,121.85,122.65,122.88,123.38,123.38,123.51,123.53,123.58,123.58,123.58,123.58,123.58,130.68,130.68,130.68,131.87,135.43,137.14,137.14,137.54
941101,0941101 Cuota de gimnasio,0.2127,100,100,100,100,100,100,102.74,103.53,103.53,103.53,103.53,103.86,103.87,104.24,104.82,104.89,104.74,104.52,104.61,105,105,105.85,105.81,105.79,106.63,106.63,109.11,109.35,110.06,110.05,110.22,110.2,110.21,110.24,110.24,110.49,110.49,111.69,111.9,111.98,112.01,112.03,112.04,112.03,112.97,112.97,115.68,116.85,117.18,117.18,117.98,121.85,122.65,122.88,123.38,123.38,123.51,123.53,123.58,123.58,123.58,123.58,123.58,130.68,130.68,130.68,131.87,135.43,137.14,137.14,137.54
942,0942 Servicios culturales ,0.6315,100.46,100.59,100.59,100.59,100.59,100.95,102.33,102.48,103.27,103.27,104.4,104.86,105.12,106.95,107.05,107.21,107.39,107.49,107.49,107.57,107.6,107.6,107.6,107.6,107.8,107.8,108.31,108.31,108.58,108.58,108.58,109.33,109.33,109.33,110.07,110.07,110.07,110.07,110.07,110.07,110.82,110.82,110.82,110.82,110.97,110.97,110.97,110.97,110.97,110.97,110.97,110.97,110.97,111.13,111.59,111.59,111.72,111.72,112.22,112.22,112.22,112.22,112.22,112.22,112.22,112.37,113,113,113,113,113
9421,09421 Servicio de cultura,0.6315,100.46,100.59,100.59,100.59,100.59,100.95,102.33,102.48,103.27,103.27,104.4,104.86,105.12,106.95,107.05,107.21,107.39,107.49,107.49,107.57,107.6,107.6,107.6,107.6,107.8,107.8,108.31,108.31,108.58,108.58,108.58,109.33,109.33,109.33,110.07,110.07,110.07,110.07,110.07,110.07,110.82,110.82,110.82,110.82,110.97,110.97,110.97,110.97,110.97,110.97,110.97,110.97,110.97,111.13,111.59,111.59,111.72,111.72,112.22,112.22,112.22,112.22,112.22,112.22,112.22,112.37,113,113,113,113,113
942101,0942101 Televisión por suscripción,0.5509,100.54,100.69,100.69,100.69,100.69,101.1,101.1,101.1,102,102,102.17,102.84,103.14,105.24,105.24,105.24,105.44,105.44,105.44,105.44,105.55,105.55,105.55,105.55,105.55,105.55,105.55,105.55,105.86,105.86,105.86,105.86,105.86,105.86,106.43,106.43,106.43,106.43,106.43,106.43,107.3,107.3,107.3,107.3,107.46,107.46,107.46,107.46,107.46,107.46,107.46,107.46,107.46,107.65,108.18,108.18,108.32,108.32,108.32,108.32,108.32,108.32,108.32,108.32,108.32,108.32,108.32,108.32,108.32,108.32,108.32
942103,0942103 Cine,0.0806,99.93,99.93,99.93,99.93,99.93,99.93,110.73,111.96,111.96,111.96,119.69,118.63,118.63,118.63,119.44,120.72,120.72,121.51,121.51,122.2,121.56,121.56,121.56,121.56,123.14,123.14,127.14,127.14,127.14,127.14,127.14,133.06,133.06,133.06,134.94,134.94,134.94,134.94,134.94,134.94,134.94,134.94,134.94,134.94,134.94,134.94,134.94,134.94,134.94,134.94,134.94,134.94,134.94,134.94,134.94,134.94,134.94,134.94,138.86,138.86,138.86,138.86,138.86,138.86,138.86,140.02,144.98,144.98,144.98,144.98,144.98
943,0943 Juegos de azar ,0.7917,100,100,100,100,100,100,100,100,100,100,100,100,100,100,100,100,100,100,100,100,100,100,100,100,100,100,100,100,100,100,100,100,100,100,100,100,100,100,100,100,100,100,100,100,100,100,114,114,114,114,114,114,114,114,114,114,114,114,114,114,114,114,114,114,114,114,114,114,114,114,114
9431,09431 Juegos de azar,0.7917,100,100,100,100,100,100,100,100,100,100,100,100,100,100,100,100,100,100,100,100,100,100,100,100,100,100,100,100,100,100,100,100,100,100,100,100,100,100,100,100,100,100,100,100,100,100,114,114,114,114,114,114,114,114,114,114,114,114,114,114,114,114,114,114,114,114,114,114,114,114,114
943101,0943101 Loterias,0.7917,100,100,100,100,100,100,100,100,100,100,100,100,100,100,100,100,100,100,100,100,100,100,100,100,100,100,100,100,100,100,100,100,100,100,100,100,100,100,100,100,100,100,100,100,100,100,114,114,114,114,114,114,114,114,114,114,114,114,114,114,114,114,114,114,114,114,114,114,114,114,114
95,"095 Periódicos, Libros y Papeles y Útiles de Oficina",0.5955,103.08,103.63,103.81,103.7,103.94,104.14,104.34,104.95,105.44,105.93,106.82,107.56,107.96,108.41,108.44,108.72,108.93,109.29,110.21,110.38,111.23,113.68,115.46,116.02,116.73,117.08,117.17,117.56,117.73,117.9,117.98,118.03,118.28,119.12,120.37,121.55,121.74,121.85,121.95,122.22,122.8,123.06,123.31,123.64,123.94,124.68,125.15,125.13,125.25,125.38,125.3,125.67,125.67,125.77,125.96,126.06,126.4,126.95,127.12,127.21,127.51,127.38,127.76,127.9,128.2,128.25,128.65,128.77,129.14,129.61,130.52
951,0951 Libros ,0.3735,103.22,103.5,103.61,103.29,103.45,103.57,103.77,104.46,104.97,105.37,106.15,106.57,106.65,107.01,106.91,107.03,106.88,107,108.04,108.06,108.51,110.78,111.98,112.04,112.44,112.49,112.49,112.79,112.79,112.79,112.8,112.8,113.04,114.17,115.95,117.89,118.04,118.16,118.2,118.51,119.28,119.6,119.92,120.43,120.71,121.67,122.58,122.61,122.72,122.84,122.77,123.1,123.05,123.12,123.31,123.43,123.92,124.57,125.07,125.02,125.3,125.04,125.38,125.5,125.87,125.92,126.48,126.56,126.84,127.2,128.14
9511,09511 Libros,0.3735,103.22,103.5,103.61,103.29,103.45,103.57,103.77,104.46,104.97,105.37,106.15,106.57,106.65,107.01,106.91,107.03,106.88,107,108.04,108.06,108.51,110.78,111.98,112.04,112.44,112.49,112.49,112.79,112.79,112.79,112.8,112.8,113.04,114.17,115.95,117.89,118.04,118.16,118.2,118.51,119.28,119.6,119.92,120.43,120.71,121.67,122.58,122.61,122.72,122.84,122.77,123.1,123.05,123.12,123.31,123.43,123.92,124.57,125.07,125.02,125.3,125.04,125.38,125.5,125.87,125.92,126.48,126.56,126.84,127.2,128.14
951101,0951101 Libros escolares,0.2333,104.04,104.36,104.48,103.97,104.11,104.21,104.53,105,105.23,105.79,106.89,107.52,107.59,108.07,107.92,108.05,107.52,107.63,109.2,109.23,109.72,112.09,113.51,113.41,114.06,114.1,114.1,114.57,114.57,114.57,114.57,114.57,114.96,116.5,119.02,120.14,120.38,120.58,120.64,121.13,122.36,122.87,123.38,124.2,124.66,126.19,127.64,127.59,127.78,127.97,127.69,128.23,128.15,128.21,128.32,128.52,129,129.65,130.46,130.29,130.74,130.16,130.72,130.9,131.49,131.57,131.72,131.84,132.29,132.77,133.45
951102,0951102 Textos universitarios,0.1402,101.85,102.08,102.16,102.16,102.35,102.5,102.5,103.55,104.54,104.67,104.91,104.98,105.08,105.26,105.24,105.32,105.82,105.96,106.12,106.12,106.49,108.6,109.43,109.76,109.76,109.83,109.83,109.83,109.83,109.83,109.84,109.84,109.84,110.29,110.84,114.14,114.14,114.14,114.14,114.14,114.14,114.14,114.14,114.14,114.14,114.14,114.14,114.31,114.31,114.31,114.56,114.56,114.56,114.64,114.97,114.97,115.44,116.11,116.11,116.25,116.25,116.51,116.51,116.51,116.51,116.51,117.76,117.76,117.76,117.93,119.31
954,0954 Papel y útiles de oficina,0.222,102.86,103.84,104.14,104.38,104.77,105.1,105.29,105.77,106.23,106.87,107.95,109.24,110.16,110.75,111,111.57,112.38,113.13,113.85,114.27,115.81,118.56,121.3,122.73,123.95,124.78,125.03,125.57,126.04,126.48,126.7,126.82,127.1,127.45,127.79,127.7,127.97,128.04,128.24,128.46,128.72,128.88,129.01,129.03,129.38,129.73,129.47,129.38,129.52,129.66,129.56,130.01,130.08,130.23,130.41,130.46,130.57,130.96,130.55,130.89,131.21,131.32,131.75,131.93,132.13,132.16,132.29,132.5,133,133.66,134.52
9541,09541 Papel y útiles de oficina ,0.222,102.86,103.84,104.14,104.38,104.77,105.1,105.29,105.77,106.23,106.87,107.95,109.24,110.16,110.75,111,111.57,112.38,113.13,113.85,114.27,115.81,118.56,121.3,122.73,123.95,124.78,125.03,125.57,126.04,126.48,126.7,126.82,127.1,127.45,127.79,127.7,127.97,128.04,128.24,128.46,128.72,128.88,129.01,129.03,129.38,129.73,129.47,129.38,129.52,129.66,129.56,130.01,130.08,130.23,130.41,130.46,130.57,130.96,130.55,130.89,131.21,131.32,131.75,131.93,132.13,132.16,132.29,132.5,133,133.66,134.52
954101,0954101 Cuadernos,0.1434,103.93,105.4,105.84,106.19,106.53,106.97,107.3,107.84,108.39,109.1,110.2,111.66,112.86,113.51,113.7,114.24,114.79,115.43,116,116.47,118.27,121.68,125.01,126.96,128.44,129.13,129.27,129.82,130.08,130.63,130.85,130.87,131.18,131.46,131.48,131.25,131.64,131.71,131.85,132.14,132.27,132.47,132.51,132.4,132.64,132.94,132.44,132.04,132.18,132.21,132.09,132.65,132.72,132.88,133.02,133.02,133.1,133.5,132.79,133.08,133.35,133.39,133.87,133.98,134.05,134.02,134.13,134.26,134.56,135.29,136.63
954102,0954102 Lápiz,0.0559,100.53,100.57,100.62,100.63,101.25,101.36,101.32,101.68,101.88,102.39,103.25,104.39,104.73,104.99,105.19,105.67,106.06,106.59,107.2,107.26,107.89,108.82,110.25,110.51,110.98,112.21,112.82,113.5,114.67,115.04,115.38,115.87,116.16,116.8,118.14,118.46,118.58,118.85,119.27,119.61,120.27,120.49,121.08,121.7,122.59,123.4,123.89,124.57,124.93,125.45,125.65,125.89,125.99,126.22,126.58,126.73,126.86,127.24,127.39,128.09,128.5,128.76,129.06,129.47,130.03,130.1,130.32,130.69,131.79,132.52,132.54
954103,0954103 Goma de borrar,0.0109,101.75,101.86,101.98,101.98,102.22,102.14,102.11,102.73,102.95,103.4,104.43,105.32,105.51,106.16,106,106.15,106.38,106.47,107.16,107.62,107.86,108.41,108.77,108.95,109.63,110.08,110.2,110.69,110.85,110.92,110.97,110.98,111.07,111.08,111.58,111.94,111.78,111.49,111.59,111.62,111.85,111.91,111.86,111.84,111.83,111.96,111.93,112.44,112.84,112.81,112.86,112.86,113.2,113.22,113.71,113.95,114.02,114.08,114.23,113.85,114.34,114.5,115.3,115.48,115.7,116.25,116.46,116.58,116.84,117.05,117.16
954104,"0954104 Resma de papel blanco 8.5"" x 11""",0.0119,101.88,102.18,102.18,102.48,102.56,102.83,102.74,102.97,103.57,104.31,106.18,106.43,107.47,108.75,110.41,111.93,118.59,122.22,125.33,126.88,130.55,136.1,139.99,141.86,143.99,145,144.81,144.82,144.68,144.67,144.37,144.06,144.14,144.26,143.59,142.81,142.7,142.29,142.14,141.28,141.19,140.72,139.82,138.67,138,137.14,136.01,135.36,134.35,134.23,132.7,133.28,133.12,132.78,132.34,132.34,132.67,133.31,133.53,133.33,133.71,133.88,133.92,133.87,133.81,134.15,133.97,134.41,134.78,134.65,134.42
96,096 Paquetes Turísticos,0.2436,100.42,100.95,110.99,110.58,109.39,108.57,108.42,107.07,109.36,109.36,109.36,109.36,109.36,110.16,119.8,122.92,122.38,117.98,116.01,112.1,114.47,113.08,110.24,108.93,109.7,110.26,117.15,124.2,124.48,124,129.21,125.17,127.2,130.96,132.34,125.29,127,127.34,131.63,136.4,139.5,143.08,139.7,138.45,138.75,142.62,145.68,144.71,145.52,145.28,150.22,154.9,160.04,161.78,164.44,147.05,151.63,156.51,157.68,148.3,149.59,156.47,178.15,176.46,176.79,174.69,187.19,169.57,165.91,169.72,166.3
961,0961 Paquetes turísticos ,0.2436,100.42,100.95,110.99,110.58,109.39,108.57,108.42,107.07,109.36,109.36,109.36,109.36,109.36,110.16,119.8,122.92,122.38,117.98,116.01,112.1,114.47,113.08,110.24,108.93,109.7,110.26,117.15,124.2,124.48,124,129.21,125.17,127.2,130.96,132.34,125.29,127,127.34,131.63,136.4,139.5,143.08,139.7,138.45,138.75,142.62,145.68,144.71,145.52,145.28,150.22,154.9,160.04,161.78,164.44,147.05,151.63,156.51,157.68,148.3,149.59,156.47,178.15,176.46,176.79,174.69,187.19,169.57,165.91,169.72,166.3
9611,09611 Paquetes turísticos,0.2436,100.42,100.95,110.99,110.58,109.39,108.57,108.42,107.07,109.36,109.36,109.36,109.36,109.36,110.16,119.8,122.92,122.38,117.98,116.01,112.1,114.47,113.08,110.24,108.93,109.7,110.26,117.15,124.2,124.48,124,129.21,125.17,127.2,130.96,132.34,125.29,127,127.34,131.63,136.4,139.5,143.08,139.7,138.45,138.75,142.62,145.68,144.71,145.52,145.28,150.22,154.9,160.04,161.78,164.44,147.05,151.63,156.51,157.68,148.3,149.59,156.47,178.15,176.46,176.79,174.69,187.19,169.57,165.91,169.72,166.3
961101,0961101 Paquetes turísticos,0.2436,100.42,100.95,110.99,110.58,109.39,108.57,108.42,107.07,109.36,109.36,109.36,109.36,109.36,110.16,119.8,122.92,122.38,117.98,116.01,112.1,114.47,113.08,110.24,108.93,109.7,110.26,117.15,124.2,124.48,124,129.21,125.17,127.2,130.96,132.34,125.29,127,127.34,131.63,136.4,139.5,143.08,139.7,138.45,138.75,142.62,145.68,144.71,145.52,145.28,150.22,154.9,160.04,161.78,164.44,147.05,151.63,156.51,157.68,148.3,149.59,156.47,178.15,176.46,176.79,174.69,187.19,169.57,165.91,169.72,166.3
10,10 Educación,3.0626,97.94,98.03,98.03,98.46,98.86,98.86,98.86,98.99,99.01,99.06,99.43,101.07,101.09,101.09,101.09,103.28,103.28,103.28,103.31,103.82,103.82,103.84,106.64,109.68,109.82,109.87,109.87,110.96,110.96,110.96,111.04,112.04,112.04,112.07,114.09,116.85,116.85,116.85,116.85,117.08,117.08,117.08,117.26,118.13,118.13,118.13,120.61,123.18,123.18,123.18,123.18,123.83,123.83,123.86,123.86,124.58,124.58,124.72,127.44,130.36,130.36,130.36,130.36,132.7,132.72,132.72,132.72,132.85,132.85,132.86,136.47
101,101 Enseñanza Preescolar y Enseñanza Primaria,1.0685,96.64,96.64,96.64,96.64,96.64,96.64,96.64,96.64,96.64,96.64,97.27,99.31,99.31,99.31,99.31,99.31,99.31,99.31,99.31,99.31,99.31,99.31,102.02,107.39,107.39,107.39,107.39,107.39,107.39,107.39,107.39,107.39,107.39,107.39,111.29,115.93,115.93,115.93,115.93,115.93,115.93,115.93,115.93,115.93,115.93,115.93,119.83,124.54,124.54,124.54,124.54,124.54,124.54,124.54,124.54,124.54,124.54,124.54,129,133.2,133.2,133.2,133.2,133.2,133.2,133.2,133.2,133.2,133.2,133.2,139.01
1011,1011 Enseñanza preescolar y enseñanza primaria ,1.0685,96.64,96.64,96.64,96.64,96.64,96.64,96.64,96.64,96.64,96.64,97.27,99.31,99.31,99.31,99.31,99.31,99.31,99.31,99.31,99.31,99.31,99.31,102.02,107.39,107.39,107.39,107.39,107.39,107.39,107.39,107.39,107.39,107.39,107.39,111.29,115.93,115.93,115.93,115.93,115.93,115.93,115.93,115.93,115.93,115.93,115.93,119.83,124.54,124.54,124.54,124.54,124.54,124.54,124.54,124.54,124.54,124.54,124.54,129,133.2,133.2,133.2,133.2,133.2,133.2,133.2,133.2,133.2,133.2,133.2,139.01
10111,10111 Enseñanza preescolar,0.3046,97.56,97.56,97.56,97.56,97.56,97.56,97.56,97.56,97.56,97.56,98.21,100.58,100.58,100.58,100.58,100.58,100.58,100.58,100.58,100.58,100.58,100.58,103.52,109.35,109.35,109.35,109.35,109.35,109.35,109.35,109.35,109.35,109.35,109.35,113.26,118.34,118.34,118.34,118.34,118.34,118.34,118.34,118.34,118.34,118.34,118.34,122.74,127.6,127.6,127.6,127.6,127.6,127.6,127.6,127.6,127.6,127.6,127.6,132.01,136.23,136.23,136.23,136.23,136.23,136.23,136.23,136.23,136.23,136.23,136.23,142.09
1011101,1011101 Enseñanza preescolar,0.3046,97.56,97.56,97.56,97.56,97.56,97.56,97.56,97.56,97.56,97.56,98.21,100.58,100.58,100.58,100.58,100.58,100.58,100.58,100.58,100.58,100.58,100.58,103.52,109.35,109.35,109.35,109.35,109.35,109.35,109.35,109.35,109.35,109.35,109.35,113.26,118.34,118.34,118.34,118.34,118.34,118.34,118.34,118.34,118.34,118.34,118.34,122.74,127.6,127.6,127.6,127.6,127.6,127.6,127.6,127.6,127.6,127.6,127.6,132.01,136.23,136.23,136.23,136.23,136.23,136.23,136.23,136.23,136.23,136.23,136.23,142.09
10112,10112 Enseñanza primaria,0.7639,96.27,96.27,96.27,96.27,96.27,96.27,96.27,96.27,96.27,96.27,96.9,98.81,98.81,98.81,98.81,98.81,98.81,98.81,98.81,98.81,98.81,98.81,101.42,106.61,106.61,106.61,106.61,106.61,106.61,106.61,106.61,106.61,106.61,106.61,110.5,114.96,114.96,114.96,114.96,114.96,114.96,114.96,114.96,114.96,114.96,114.96,118.68,123.32,123.32,123.32,123.32,123.32,123.32,123.32,123.32,123.32,123.32,123.32,127.8,131.99,131.99,131.99,131.99,131.99,131.99,131.99,131.99,131.99,131.99,131.99,137.78
1011201,1011201 Enseñanza primaria,0.7639,96.27,96.27,96.27,96.27,96.27,96.27,96.27,96.27,96.27,96.27,96.9,98.81,98.81,98.81,98.81,98.81,98.81,98.81,98.81,98.81,98.81,98.81,101.42,106.61,106.61,106.61,106.61,106.61,106.61,106.61,106.61,106.61,106.61,106.61,110.5,114.96,114.96,114.96,114.96,114.96,114.96,114.96,114.96,114.96,114.96,114.96,118.68,123.32,123.32,123.32,123.32,123.32,123.32,123.32,123.32,123.32,123.32,123.32,127.8,131.99,131.99,131.99,131.99,131.99,131.99,131.99,131.99,131.99,131.99,131.99,137.78
102,102 Enseñanza Secundaria,0.4262,96.18,96.18,96.18,96.18,96.18,96.18,96.18,96.18,96.18,96.18,97.16,99.53,99.53,99.53,99.53,99.53,99.53,99.53,99.53,99.53,99.53,99.53,102.31,107.05,107.05,107.05,107.05,107.05,107.05,107.05,107.05,107.05,107.05,107.05,111.4,115.4,115.4,115.4,115.4,115.4,115.4,115.4,115.4,115.4,115.4,115.4,119.1,123.69,123.69,123.69,123.69,123.69,123.69,123.69,123.69,123.69,123.69,123.69,128.42,132.3,132.3,132.3,132.3,132.3,132.3,132.3,132.3,132.3,132.3,132.3,138.96
1021,1021 Enseñanza secundaria ,0.4262,96.18,96.18,96.18,96.18,96.18,96.18,96.18,96.18,96.18,96.18,97.16,99.53,99.53,99.53,99.53,99.53,99.53,99.53,99.53,99.53,99.53,99.53,102.31,107.05,107.05,107.05,107.05,107.05,107.05,107.05,107.05,107.05,107.05,107.05,111.4,115.4,115.4,115.4,115.4,115.4,115.4,115.4,115.4,115.4,115.4,115.4,119.1,123.69,123.69,123.69,123.69,123.69,123.69,123.69,123.69,123.69,123.69,123.69,128.42,132.3,132.3,132.3,132.3,132.3,132.3,132.3,132.3,132.3,132.3,132.3,138.96
10211,10211 Enseñanza secundaria,0.4262,96.18,96.18,96.18,96.18,96.18,96.18,96.18,96.18,96.18,96.18,97.16,99.53,99.53,99.53,99.53,99.53,99.53,99.53,99.53,99.53,99.53,99.53,102.31,107.05,107.05,107.05,107.05,107.05,107.05,107.05,107.05,107.05,107.05,107.05,111.4,115.4,115.4,115.4,115.4,115.4,115.4,115.4,115.4,115.4,115.4,115.4,119.1,123.69,123.69,123.69,123.69,123.69,123.69,123.69,123.69,123.69,123.69,123.69,128.42,132.3,132.3,132.3,132.3,132.3,132.3,132.3,132.3,132.3,132.3,132.3,138.96
1021101,1021101 Enseñanza secundaria,0.4262,96.18,96.18,96.18,96.18,96.18,96.18,96.18,96.18,96.18,96.18,97.16,99.53,99.53,99.53,99.53,99.53,99.53,99.53,99.53,99.53,99.53,99.53,102.31,107.05,107.05,107.05,107.05,107.05,107.05,107.05,107.05,107.05,107.05,107.05,111.4,115.4,115.4,115.4,115.4,115.4,115.4,115.4,115.4,115.4,115.4,115.4,119.1,123.69,123.69,123.69,123.69,123.69,123.69,123.69,123.69,123.69,123.69,123.69,128.42,132.3,132.3,132.3,132.3,132.3,132.3,132.3,132.3,132.3,132.3,132.3,138.96
104,104 Enseñanza Terciaria,1.3447,99.37,99.37,99.37,99.75,100.65,100.65,100.65,100.94,100.94,100.94,100.94,101.94,101.94,101.94,101.94,106.64,106.64,106.64,106.64,107.71,107.71,107.71,110.94,112.05,112.05,112.05,112.05,114.29,114.29,114.29,114.29,116.57,116.57,116.57,116.71,118.03,118.03,118.03,118.03,118.19,118.19,118.19,118.19,120.14,120.14,120.14,121.52,121.79,121.79,121.79,121.79,123,123,123,123,124.63,124.63,124.63,125.75,127.82,127.82,127.82,127.82,132.59,132.59,132.59,132.59,132.88,132.88,132.88,134.33
1041,1041 Enseñanza terciaria ,1.3447,99.37,99.37,99.37,99.75,100.65,100.65,100.65,100.94,100.94,100.94,100.94,101.94,101.94,101.94,101.94,106.64,106.64,106.64,106.64,107.71,107.71,107.71,110.94,112.05,112.05,112.05,112.05,114.29,114.29,114.29,114.29,116.57,116.57,116.57,116.71,118.03,118.03,118.03,118.03,118.19,118.19,118.19,118.19,120.14,120.14,120.14,121.52,121.79,121.79,121.79,121.79,123,123,123,123,124.63,124.63,124.63,125.75,127.82,127.82,127.82,127.82,132.59,132.59,132.59,132.59,132.88,132.88,132.88,134.33
10411,10411 Enseñanza universitaria,1.3447,99.37,99.37,99.37,99.75,100.65,100.65,100.65,100.94,100.94,100.94,100.94,101.94,101.94,101.94,101.94,106.64,106.64,106.64,106.64,107.71,107.71,107.71,110.94,112.05,112.05,112.05,112.05,114.29,114.29,114.29,114.29,116.57,116.57,116.57,116.71,118.03,118.03,118.03,118.03,118.19,118.19,118.19,118.19,120.14,120.14,120.14,121.52,121.79,121.79,121.79,121.79,123,123,123,123,124.63,124.63,124.63,125.75,127.82,127.82,127.82,127.82,132.59,132.59,132.59,132.59,132.88,132.88,132.88,134.33
1041101,1041101 Enseñanza universitaria,1.3447,99.37,99.37,99.37,99.75,100.65,100.65,100.65,100.94,100.94,100.94,100.94,101.94,101.94,101.94,101.94,106.64,106.64,106.64,106.64,107.71,107.71,107.71,110.94,112.05,112.05,112.05,112.05,114.29,114.29,114.29,114.29,116.57,116.57,116.57,116.71,118.03,118.03,118.03,118.03,118.19,118.19,118.19,118.19,120.14,120.14,120.14,121.52,121.79,121.79,121.79,121.79,123,123,123,123,124.63,124.63,124.63,125.75,127.82,127.82,127.82,127.82,132.59,132.59,132.59,132.59,132.88,132.88,132.88,134.33
105,105 Enseñanza no Atribuible a Ningún Nivel,0.2233,98.85,100.2,100.2,103.8,103.8,103.9,103.9,103.9,104.11,104.88,105.03,107.23,107.49,107.49,107.49,109.22,109.22,109.22,109.6,110.11,110.11,110.49,111.11,111.45,113.27,114.1,114.1,115.49,115.49,115.49,116.53,116.53,116.53,116.91,116.91,116.91,116.91,116.91,116.91,119.1,119.1,119.1,121.59,121.76,121.76,121.76,121.76,124.07,124.07,124.07,124.07,125.67,125.67,126.13,126.13,126.19,126.19,128.19,128.37,128.37,128.37,128.37,128.37,131.74,131.92,131.92,131.92,132,132,132.13,132.47
1051,1051 Enseñanza no atribuible a ningún nivel ,0.2233,98.85,100.2,100.2,103.8,103.8,103.9,103.9,103.9,104.11,104.88,105.03,107.23,107.49,107.49,107.49,109.22,109.22,109.22,109.6,110.11,110.11,110.49,111.11,111.45,113.27,114.1,114.1,115.49,115.49,115.49,116.53,116.53,116.53,116.91,116.91,116.91,116.91,116.91,116.91,119.1,119.1,119.1,121.59,121.76,121.76,121.76,121.76,124.07,124.07,124.07,124.07,125.67,125.67,126.13,126.13,126.19,126.19,128.19,128.37,128.37,128.37,128.37,128.37,131.74,131.92,131.92,131.92,132,132,132.13,132.47
10511,10511 Enseñanza no atribuible a ningún nivel,0.2233,98.85,100.2,100.2,103.8,103.8,103.9,103.9,103.9,104.11,104.88,105.03,107.23,107.49,107.49,107.49,109.22,109.22,109.22,109.6,110.11,110.11,110.49,111.11,111.45,113.27,114.1,114.1,115.49,115.49,115.49,116.53,116.53,116.53,116.91,116.91,116.91,116.91,116.91,116.91,119.1,119.1,119.1,121.59,121.76,121.76,121.76,121.76,124.07,124.07,124.07,124.07,125.67,125.67,126.13,126.13,126.19,126.19,128.19,128.37,128.37,128.37,128.37,128.37,131.74,131.92,131.92,131.92,132,132,132.13,132.47
1051101,1051101 Clases de idiomas,0.2233,98.85,100.2,100.2,103.8,103.8,103.9,103.9,103.9,104.11,104.88,105.03,107.23,107.49,107.49,107.49,109.22,109.22,109.22,109.6,110.11,110.11,110.49,111.11,111.45,113.27,114.1,114.1,115.49,115.49,115.49,116.53,116.53,116.53,116.91,116.91,116.91,116.91,116.91,116.91,119.1,119.1,119.1,121.59,121.76,121.76,121.76,121.76,124.07,124.07,124.07,124.07,125.67,125.67,126.13,126.13,126.19,126.19,128.19,128.37,128.37,128.37,128.37,128.37,131.74,131.92,131.92,131.92,132,132,132.13,132.47
11,11 Restaurantes y Hoteles,8.6166,102.21,102.71,103.21,104.14,104.92,105.52,106.07,106.68,107.63,108.42,109.84,110.84,111.71,112.36,113.41,114.29,115.05,116.15,117.42,118.33,119.51,120.82,121.43,122.04,122.6,123.23,124.16,125.66,126.74,127.25,127.91,128.42,129.16,129.84,130.14,130.81,131.27,132.2,133.01,134.04,134.67,135.46,135.97,136.41,137.08,137.69,138.22,138.94,139.39,139.96,140.69,141.69,142.34,142.92,143.26,143.88,144.33,144.95,145.78,146.67,147.62,148.38,149.87,151.57,152.71,153.51,154.26,154.89,155.92,156.76,157.38
111,111 Servicios de Suministro de Comidas por Contrato,8.5719,102.19,102.7,103.2,104.15,104.9,105.5,106.05,106.66,107.61,108.41,109.82,110.83,111.7,112.34,113.39,114.25,115.01,116.15,117.45,118.35,119.54,120.86,121.46,122.08,122.64,123.27,124.2,125.7,126.77,127.27,127.94,128.46,129.19,129.88,130.17,130.84,131.31,132.24,133.05,134.07,134.71,135.5,136.01,136.47,137.13,137.74,138.27,138.98,139.44,140.02,140.76,141.76,142.41,142.98,143.34,143.97,144.43,145.05,145.87,146.76,147.71,148.47,149.95,151.66,152.82,153.64,154.4,155.03,156.07,156.92,157.55
1111,"1111 Restaurantes, cafés y establecimientos similares ",8.5719,102.19,102.7,103.2,104.15,104.9,105.5,106.05,106.66,107.61,108.41,109.82,110.83,111.7,112.34,113.39,114.25,115.01,116.15,117.45,118.35,119.54,120.86,121.46,122.08,122.64,123.27,124.2,125.7,126.77,127.27,127.94,128.46,129.19,129.88,130.17,130.84,131.31,132.24,133.05,134.07,134.71,135.5,136.01,136.47,137.13,137.74,138.27,138.98,139.44,140.02,140.76,141.76,142.41,142.98,143.34,143.97,144.43,145.05,145.87,146.76,147.71,148.47,149.95,151.66,152.82,153.64,154.4,155.03,156.07,156.92,157.55
11111,11111 Servicio de comida fuera del hogar,7.8485,102.21,102.71,103.23,104.19,104.96,105.56,106.08,106.69,107.64,108.45,109.95,110.98,111.85,112.46,113.48,114.34,115.09,116.23,117.55,118.45,119.62,120.98,121.58,122.19,122.72,123.36,124.3,125.85,126.93,127.41,128.06,128.56,129.27,129.95,130.23,130.89,131.34,132.24,133.06,134.07,134.71,135.5,135.98,136.41,137.06,137.68,138.22,138.91,139.35,139.9,140.6,141.59,142.23,142.76,143.08,143.72,144.15,144.76,145.59,146.5,147.46,148.21,149.74,151.5,152.66,153.5,154.24,154.83,155.9,156.73,157.34
1111101,1111101 Plato del día,3.8985,101.75,102.09,102.43,103.15,104.02,104.61,105.2,105.87,106.76,107.5,108.75,109.71,110.55,111.14,112.16,112.9,113.62,114.88,116.3,117.37,118.63,119.86,120.38,120.99,121.47,122.06,122.78,124.07,125.05,125.53,126.18,126.75,127.63,128.47,128.77,129.47,129.99,130.67,131.54,132.63,133.42,134.32,134.81,135.21,135.92,136.66,137.26,137.87,138.33,138.95,139.54,140.5,141.07,141.73,142.19,142.8,143.22,143.94,144.95,145.92,146.98,147.62,148.98,150.49,151.81,152.74,153.45,154.2,155.37,156.21,156.84
1111102,1111102 Servicio de víveres con acompañamiento,1.4353,102.47,102.98,103.32,103.83,104.4,104.85,105.1,105.6,106.46,107.27,108.01,108.98,109.59,110.07,110.64,111.44,112.1,112.72,113.88,114.25,115.4,116.76,117.07,117.74,117.98,118.57,119.6,121.39,123.28,123.84,124.77,125.11,125.45,125.93,126.01,126.68,127.07,128.85,129.65,130.45,130.86,131.5,132.18,132.68,133.09,133.72,133.95,134.54,134.83,135.56,136.41,137.5,138.34,138.93,139.11,140.05,140.57,140.75,140.93,142.07,143.11,144.05,145.95,147.1,148.1,149.06,149.95,151.04,152.67,154.31,154.62
1111103,1111103 Servicio de pollo,1.0906,103.6,104.68,105.64,107.85,108.65,109.5,110.14,111,112.35,113.31,117.49,119.08,120.38,121.17,122.91,124.35,125.22,127.08,128.83,130.24,132.48,134.54,135.44,135.9,136.83,137.86,139.15,140.74,141.7,142.27,142.72,143.3,144.03,144.54,144.91,145.63,146.06,146.97,147.96,149.6,150.19,151.09,151.33,151.72,152.6,153.12,153.8,154.8,155.38,155.83,156.39,157.21,157.7,157.98,158.05,158.44,159.03,159.36,160.49,161.54,162.42,163.03,164.87,169.22,170.81,171.61,172.17,171.57,171.83,172.08,172.53
1111104,1111104 Sandwiches,0.4907,101.87,102.25,103.07,104.19,104.84,105.51,106.16,106.52,107.66,108.25,108.97,109.55,110.21,111.16,111.99,112.65,113.32,114.23,115.1,116.01,116.66,118.04,118.8,119.08,119.68,120.21,120.84,122.53,123.56,123.86,124.49,125.04,125.13,125.69,126.21,126.89,127.29,128.05,128.7,129.25,129.93,130.51,130.77,131.43,132.03,132.34,132.96,133.75,133.97,134.27,135.11,136.3,137.03,137.48,137.88,138.42,138.82,139.5,140.1,140.4,140.76,141.5,143.59,144.45,145.11,145.4,146.47,146.89,147.85,148.27,149.25
1111105,1111105 Pizza,0.3633,102.12,102.58,103.52,104.91,105.18,105.81,106.48,106.8,107.53,107.76,108.56,109.3,110.26,110.64,111.52,112.5,113.22,113.41,113.91,114.01,111.96,112.26,113.57,114.39,114.59,115.05,116.45,117.57,117.97,118.19,118.26,118.53,119.3,119.83,120.15,120.66,120.7,120.95,121.06,121.48,121.87,122.38,122.64,122.9,123.04,123.28,123.6,123.88,124.27,124.51,125.32,126.4,127,127.08,127.2,127.7,127.92,129.31,130.23,130.45,130.8,131.53,132.05,132.2,132.38,132.56,132.85,133.08,133.22,133.46,133.81
1111106,1111106 Empanadas,0.3181,102.41,103.16,104.16,105.33,106.56,107.26,108.32,108.93,109.96,111.17,112.01,113.51,114.55,115.1,116.52,117.34,118.8,120.35,121.69,122.61,123.59,125.67,126.48,127.49,128.58,129.22,131.14,134.88,135.4,135.91,136.74,137.29,138.38,139.03,139.23,139.51,140.16,140.96,141.45,141.55,141.6,142.14,143.01,143.4,144.37,144.69,145.1,146.65,147.18,147.48,148.66,149.68,150.66,150.99,151.19,152.27,152.38,153.4,154.17,155,156.55,158.66,160.13,162.31,162.73,163.6,164.72,165.7,167.36,168.08,169.72
1111107,1111107 Comida china,0.0603,102.71,103.12,103.45,104.53,105.24,105.57,106.17,106.64,107.59,108.51,110.99,111.33,111.95,112.93,113.61,113.9,114.34,115.29,116.73,117.62,119.1,120.97,121.24,121.34,121.65,122.37,123.19,125.11,125.68,126.16,126.62,126.95,128.39,128.92,129.4,130.11,130.68,131.45,132.54,133.96,135.31,135.8,136.53,136.95,137.37,137.45,138.37,138.48,138.7,138.97,139.43,140.03,140.72,141.55,141.72,142.3,142.35,143.15,144.11,144.6,145.05,145.36,146.98,148.67,150.01,150.98,151.6,151.84,152.37,152.68,153.03
1111108,1111108 Hamburguesas,0.0983,101.77,102.17,103.09,103.49,103.68,104.06,104.67,105.1,105.53,106.81,108.44,109.2,110.29,111.25,112.06,112.81,113.06,113.95,114.7,114.97,116.09,116.57,117.05,118.4,120.14,120.48,121.69,122.86,123.3,123.44,123.85,124.08,124.44,124.89,125.11,125.52,125.88,126.49,128.18,129.81,130.5,131.13,131.33,132.21,132.61,133.53,134.05,134.9,135.38,135.65,137.47,138.45,138.84,139.55,139.95,140.22,140.84,141.55,142.06,142.56,143.14,143.61,144.83,145.76,146.64,147.78,148.62,149.91,150.38,151.24,152.07
1111116,1111116 Postres,0.0619,100.72,101.42,102.12,102.76,103.13,103.25,103.73,103.88,103.99,104.52,104.97,106.08,106.33,106.67,107.11,107.54,107.68,107.84,108.04,108.04,108.89,109.53,110.27,110.53,111.16,111.24,111.68,114.31,114.45,114.8,115.01,115.43,115.84,115.9,116.01,116.23,116.41,116.79,117.18,117.69,117.9,118.24,118.67,118.97,119.63,120.78,121.8,122.61,123.09,123.48,124.99,125.49,126.03,126.19,126.39,126.59,126.95,127.58,127.97,128.33,129.12,129.2,129.86,130.31,130.67,130.93,131.48,132.13,132.62,133.23,133.66
1111117,1111117 Hot Dog,0.0314,106.37,106.37,106.37,107.88,107.88,107.88,98.85,98.85,98.85,107.88,109.1,110.41,111.1,112.17,113.06,114.05,114.86,115.53,116.71,116.77,117.48,117.6,119.2,120.83,121.1,121.67,122.58,122.82,123.72,123.96,124.76,125.34,125.54,127.45,127.77,128.45,129.03,129.39,129.4,130.37,131.33,132.71,133.41,134.25,134.6,136.23,137.01,138.13,139.15,139.46,140.22,142.66,143.08,143.08,143.54,143.59,143.62,143.95,145.18,145.77,146.96,147.1,148.68,151.11,154.98,155.78,156.06,156.47,158.02,158.02,160.01
11112,11112 Bebidas alcohólicas y no alcohólicas servidas,0.7234,102,102.54,102.92,103.63,104.31,104.9,105.79,106.28,107.26,107.93,108.47,109.21,110.12,111.06,112.3,113.32,114.25,115.28,116.42,117.27,118.62,119.52,120.17,120.82,121.67,122.27,123.04,124.16,125.04,125.79,126.62,127.33,128.3,129.12,129.58,130.31,130.9,132.17,132.97,134,134.71,135.48,136.4,137.09,137.87,138.38,138.8,139.75,140.52,141.32,142.44,143.58,144.36,145.39,146.17,146.74,147.37,148.11,148.85,149.54,150.41,151.28,152.2,153.4,154.46,155.18,156.13,157.19,157.96,158.92,159.83
1111201,1111201 Cerveza servida fuera del hogar,0.1174,102.04,102.45,102.81,103.47,104.19,104.66,105.32,105.92,108.18,109.75,111.2,113.02,114.84,116.89,119.17,120.64,121.4,122.31,123.36,123.93,124.95,126.13,126.72,127.38,127.93,128.45,129.33,130.67,131.13,131.91,132.56,132.99,133.49,134.28,134.95,135.8,136.04,137.27,137.94,138.69,139.33,139.97,141.03,141.44,142.32,142.65,142.94,144.48,145.75,146.44,147,147.7,148.06,148.49,148.67,149.15,149.75,150.37,151.07,151.87,152.69,153.39,153.91,154.5,155.22,155.74,156.31,156.7,157.21,157.73,158.49
1111202,1111202 Jugo servido fuera del hogar,0.4653,102.21,102.87,103.23,103.88,104.68,105.41,106.49,107.05,107.89,108.46,108.82,109.41,110.25,111.08,112.07,113.04,114.05,115.17,116.42,117.35,119,119.85,120.44,121.09,121.88,122.58,123.33,124.4,125.55,126.27,127.24,127.96,128.84,129.74,130.23,130.99,131.77,133.09,133.94,135.05,135.85,136.7,137.63,138.33,139.14,139.74,140.21,141.2,142.01,142.89,144.12,145.14,146.1,147.18,148.07,148.66,149.35,150.08,150.78,151.41,152.4,153.38,154.22,155.46,156.59,157.37,158.2,159.26,160.1,161.13,162.05
1111203,1111203 Batida de fruta con leche,0.0642,100.16,100.16,100.5,101.57,101.57,101.77,102.57,102.57,102.99,103.1,103.1,103.21,103.46,103.79,104.17,104.35,104.94,105.51,106.07,106.88,107.57,107.94,108.44,108.86,110,110.44,111.02,112.26,112.5,113.58,113.88,114.52,116.01,116.14,116.14,116.59,116.83,117.12,117.43,118.46,118.88,119.53,120.38,121.21,121.52,121.9,121.9,121.9,122.06,122.25,122.89,123.04,123.04,123.93,124.02,124.24,124.4,124.8,125.02,125.22,125.22,126.04,126.7,127.77,128.63,128.71,128.9,129.86,129.94,130.91,131.85
1111204,1111204 Gaseosa servida fuera del hogar,0.0323,102.95,103.25,103.6,104.45,105.01,105.61,105.84,106.3,106.65,107.31,108.5,109.21,109.95,110.73,111.64,112.53,113.22,113.88,114.51,114.89,115.46,116.46,118.12,119.4,120.52,121.3,121.86,122.44,123.13,123.64,123.94,124.36,125.06,125.73,126.36,126.74,127.2,127.78,128.24,128.6,129.07,129.6,130,130.42,131.15,131.92,132.35,132.96,132.95,133.25,133.84,134.42,134.77,135.12,135.29,135.97,136.26,137.07,137.79,138.01,138.73,139.34,140.47,141.87,142.4,142.98,143.63,144.88,145.93,147.27,148.42
1111205,1111205 Café servido fuera del hogar,0.0442,101.63,102.12,102.95,103.75,104.22,104.24,104.34,104.44,104.8,105.01,105.38,105.59,106.07,106.22,108.78,110.53,111.53,113.04,114.48,115.58,116.1,117.57,118.43,118.95,120.52,120.53,121.6,122.91,123.13,123.78,124.79,126.56,129.09,130.22,130.34,131.11,131.25,134.01,135.55,136.99,137.57,138.18,139.11,140.3,141.24,141.38,142.13,142.74,143.28,144.73,147.3,152.71,154.23,156.97,159.67,160.71,161.7,163.41,165.45,167.32,168.46,168.92,172.08,174.49,176.36,178.05,182.61,185.43,186.86,188.03,189.06
112,112 Servicios de Alojamiento,0.0447,105.76,105.67,105.42,104.11,107.74,109.73,110.12,111.18,111.21,111.21,112.86,112.95,114.06,114.78,118.99,121.32,121.75,115.94,110.81,113.42,113.82,114.7,115.83,115.7,116.74,115.45,116.98,117.38,120.53,122.3,122.3,121.99,123.65,123.44,124.04,123.74,124.51,124.51,124.98,128.29,128.04,127.13,127.35,126.13,128.16,128.37,129.9,130.26,129.71,128.39,128.34,129.22,130.15,131.5,127.72,126.43,125.87,126.85,128.55,130.2,130.57,131.98,133.44,134.01,131.59,128.27,127.57,127.89,127.07,127.04,125.12
1121,1121 Servicios de alojamiento ,0.0447,105.76,105.67,105.42,104.11,107.74,109.73,110.12,111.18,111.21,111.21,112.86,112.95,114.06,114.78,118.99,121.32,121.75,115.94,110.81,113.42,113.82,114.7,115.83,115.7,116.74,115.45,116.98,117.38,120.53,122.3,122.3,121.99,123.65,123.44,124.04,123.74,124.51,124.51,124.98,128.29,128.04,127.13,127.35,126.13,128.16,128.37,129.9,130.26,129.71,128.39,128.34,129.22,130.15,131.5,127.72,126.43,125.87,126.85,128.55,130.2,130.57,131.98,133.44,134.01,131.59,128.27,127.57,127.89,127.07,127.04,125.12
11211,11211 Servicios de alojamiento,0.0447,105.76,105.67,105.42,104.11,107.74,109.73,110.12,111.18,111.21,111.21,112.86,112.95,114.06,114.78,118.99,121.32,121.75,115.94,110.81,113.42,113.82,114.7,115.83,115.7,116.74,115.45,116.98,117.38,120.53,122.3,122.3,121.99,123.65,123.44,124.04,123.74,124.51,124.51,124.98,128.29,128.04,127.13,127.35,126.13,128.16,128.37,129.9,130.26,129.71,128.39,128.34,129.22,130.15,131.5,127.72,126.43,125.87,126.85,128.55,130.2,130.57,131.98,133.44,134.01,131.59,128.27,127.57,127.89,127.07,127.04,125.12
1121101,1121101 Servicio de alojamiento,0.0447,105.76,105.67,105.42,104.11,107.74,109.73,110.12,111.18,111.21,111.21,112.86,112.95,114.06,114.78,118.99,121.32,121.75,115.94,110.81,113.42,113.82,114.7,115.83,115.7,116.74,115.45,116.98,117.38,120.53,122.3,122.3,121.99,123.65,123.44,124.04,123.74,124.51,124.51,124.98,128.29,128.04,127.13,127.35,126.13,128.16,128.37,129.9,130.26,129.71,128.39,128.34,129.22,130.15,131.5,127.72,126.43,125.87,126.85,128.55,130.2,130.57,131.98,133.44,134.01,131.59,128.27,127.57,127.89,127.07,127.04,125.12
12,12 Bienes y Servicios Diversos,10.3094,102.51,102.9,103.46,103.97,104.58,105.1,105.57,106.21,106.78,107.47,107.92,108.42,108.97,109.57,110.5,111.27,112.42,113.36,114.36,115,115.73,116.88,117.96,118.94,120.02,120.85,122.09,123.07,124.06,124.9,125.59,125.97,126.86,127.29,127.6,128.13,128.67,129.33,130.7,131.76,132.3,132.81,133.13,133.39,134.23,134.61,135.08,135.41,135.87,136.38,137.94,138.31,138.97,139.51,140.12,140.75,141.65,142.14,142.66,142.92,143.55,144.34,146.24,146.74,147.33,147.89,148.88,149.5,150.77,151.4,152
121,121 Cuidado Personal,8.6318,102.63,103.08,103.72,104.32,104.86,105.46,105.98,106.57,107.22,108.03,108.54,109.11,109.72,110.42,111.44,112.21,113.02,113.96,115,115.75,116.6,117.9,119.13,120.29,121.19,122.16,123.58,124.66,125.8,126.44,127.21,127.64,128.69,129.21,129.56,130.18,130.79,131.56,133.18,133.69,134.29,134.89,135.24,135.54,136.5,136.93,137.48,137.85,138.39,139,140.72,141.16,141.89,142.51,143.21,143.92,144.96,145.51,146.12,146.4,147.11,148.03,150.21,150.77,151.42,152,153.15,153.87,155.29,156.05,156.76
1211,1211 Salones de peluquería ,3.5202,102.89,103.51,104.53,105.14,105.91,106.71,107.49,108.13,108.97,109.71,110.24,111.08,111.8,112.75,114.53,115.59,116.59,117.47,118.23,119,119.79,121.09,122.37,123.49,124.35,125.39,127.61,128.69,129.98,130.45,131.51,132.43,133.52,134.23,134.72,135.5,136.38,138.01,140.98,141.78,142.93,143.75,144.54,145.16,146.62,147.49,148.56,149.38,150.37,151.68,155.03,155.65,157.04,158.59,159.33,160.65,161.8,162.44,163.45,164.23,165.29,166.57,170.87,171.73,172.88,174.47,176.02,177.74,179.42,180.37,181.44
12111,12111 Servicios de cuidado personal,3.5202,102.89,103.51,104.53,105.14,105.91,106.71,107.49,108.13,108.97,109.71,110.24,111.08,111.8,112.75,114.53,115.59,116.59,117.47,118.23,119,119.79,121.09,122.37,123.49,124.35,125.39,127.61,128.69,129.98,130.45,131.51,132.43,133.52,134.23,134.72,135.5,136.38,138.01,140.98,141.78,142.93,143.75,144.54,145.16,146.62,147.49,148.56,149.38,150.37,151.68,155.03,155.65,157.04,158.59,159.33,160.65,161.8,162.44,163.45,164.23,165.29,166.57,170.87,171.73,172.88,174.47,176.02,177.74,179.42,180.37,181.44
1211101,1211101 Lavado y peinado de pelo,1.5239,102.12,102.72,103.51,104.07,104.69,105.28,106.36,107.24,108.07,108.7,109.38,109.72,110.44,111.36,112.72,114.11,115,115.98,116.53,117.31,118.33,119.59,120.66,121.8,122.54,123.44,125.59,126.99,128.15,128.37,128.87,129.95,130.95,131.52,132.39,133.41,134.42,136.11,139.08,139.96,140.72,141.65,142.52,143.38,144.71,145.17,146.27,147,148.09,148.95,151.91,153.01,154.1,155.11,155.89,156.86,157.81,158.59,159.59,160.48,161.22,162.56,166.02,167.33,168.62,169.73,171.27,172.9,173.79,174.59,175.34
1211102,1211102 Corte de pelo para hombre,1.2447,104.08,104.79,106.25,106.97,107.9,108.92,109.43,109.77,110.68,111.47,111.81,113.34,114.03,114.87,117.42,118.23,119.5,120.48,121.49,122.28,122.82,124.23,126.05,127.08,127.9,129.36,131.98,132.65,134.45,135.16,136.65,137.3,138.55,139.44,139.56,140.12,140.84,142.74,146.06,146.88,148.81,149.47,150.07,150.37,152.12,153.67,154.93,155.99,156.91,158.85,163.41,162.96,165.08,167.46,168.25,169.98,171.71,172.09,173.38,174.05,175.53,176.93,182.97,183.25,184.35,186.6,188.42,190.67,193.56,194.69,196.33
1211103,1211103 Aplicación de desrizado,0.1306,102.09,102.75,103.25,103.88,104.44,105.3,105.53,105.95,107.02,107.86,108.26,108.76,109.53,110.77,112.36,112.68,113.21,113.83,114.81,115.57,116.51,117.46,118.19,119.29,120.5,121.13,123.05,124.16,124.72,125.02,126.5,127.25,128.24,129.11,129.53,130.27,131.48,133.18,135.43,136.22,136.4,137.09,137.76,138,139.4,139.9,140.51,140.89,141.59,142.92,145.39,146.72,147.6,148.45,148.86,149.49,150.09,150.77,151.37,151.78,152.79,153.91,157.02,157.66,158.66,160.03,160.81,161.58,162.76,163.45,163.94
1211104,1211104 Aplicación de tintes,0.1352,101.2,102.18,102.9,103.41,103.88,104.76,105.29,105.75,106.48,107.49,108.38,109.15,109.85,110.59,111.51,112.2,112.85,113.42,114.35,114.95,116.04,117.6,118.23,120.01,120.53,120.94,122.22,122.7,122.96,123.48,124.76,125.51,126.46,127.07,127.56,128.36,129.25,130.44,132.05,132.68,133.04,133.76,134.17,134.63,135.92,136.46,137.03,137.53,137.89,138.75,140.95,141.4,141.97,142.25,142.65,144.11,144.35,144.69,144.73,146.1,147.03,147.97,151.67,152.81,153.99,154.8,156,156.76,157.35,158.16,159.17
1211105,1211105 Arreglo de uñas (Manicure),0.2122,102.91,103.34,103.7,104.06,104.73,105.71,106.57,107.54,108.39,109.48,109.98,110.47,111.14,112.66,113.92,114.83,115.85,116.22,117.02,117.73,118.59,119.37,120.13,121.56,123.04,123.67,125.11,126.98,128,128.44,130.17,131.85,133.01,133.31,133.43,134.18,135.14,135.59,138.63,139.18,139.97,141.08,142.25,143.25,144.48,144.89,145.67,146.66,148.02,148.94,150.63,152.68,153.27,154.86,155.56,157.37,157.85,159.28,159.83,160.4,161.37,161.86,164.5,165.58,166.33,168.09,169.38,170.9,172.25,173.44,174
1211106,1211106 Arreglo de pies (Pedicure),0.136,102.63,102.72,103.22,103.83,104.61,105.44,105.89,106.6,106.88,107.54,108.13,109.02,109.8,111.1,112.25,112.8,113.54,113.82,114.18,114.67,114.93,115.58,116.41,117.27,118.51,118.8,120.07,121.17,121.87,122.25,124.22,125.39,125.92,126.65,126.69,127.21,127.73,128.59,130.7,131.32,132.07,132.95,134.07,135.26,136.69,137.56,138.16,138.75,139.92,140.93,142.53,143.97,144.71,146.67,147.27,148.2,149.04,149.78,150.34,151,151.98,152.63,154.99,156.29,157.49,159.09,160.18,160.99,162.16,163.03,163.55
1211107,1211107 Corte de pelo para mujer,0.0665,102.4,103.03,103.82,104.28,104.93,105.62,105.84,106.69,107.6,108.36,108.99,109.28,109.94,111.29,112.7,113.7,114.04,114.72,115.47,116.37,117.27,118.4,119.17,120.42,121.44,121.77,123.5,124.44,125.78,126.5,127.36,128.37,129.32,130.18,131.01,131.55,132.46,134.52,136.89,137.7,138.43,139.47,140.76,141.1,142.56,143.42,144.29,144.77,145.46,146.4,149.18,150.13,150.93,151.63,151.97,152.86,153.81,154.33,154.86,155.88,156.84,158.53,160.31,161.73,162.51,163.61,164.42,165.48,166.47,167.33,168.56
1211108,"1211108 Afeitado, Arreglo de barba y Cerquillo",0.071,103.99,104.74,107.13,108.37,110.55,111.54,112.72,113.1,113.57,114.15,114.49,115.74,117.42,117.91,120.52,122.42,123.57,124.49,125.35,126.21,126.68,129.82,131.26,131.65,133,135.27,138.66,138.93,139.64,141.34,141.87,142.26,143.69,145.4,145.5,146.08,146.72,147.69,150.52,150.76,152.25,152.84,153.62,153.75,154.02,154.67,155.08,155.72,156.01,158.67,162.26,163.94,165.86,168.19,169.11,171.37,172.21,172.38,173.88,174.62,176.28,178.23,184.26,183.4,184.01,186.27,188.16,188.86,191.7,193.2,194.72
1213,"1213 Otros aparatos, artículos y productos para la atención personal ",5.1116,102.45,102.79,103.17,103.74,104.14,104.6,104.95,105.5,106.02,106.87,107.37,107.76,108.29,108.82,109.31,109.88,110.56,111.54,112.77,113.51,114.4,115.7,116.9,118.09,119.02,119.93,120.8,121.89,122.92,123.68,124.25,124.34,125.36,125.75,126.01,126.52,126.94,127.12,127.81,128.11,128.33,128.79,128.84,128.91,129.54,129.65,129.84,129.91,130.13,130.27,130.86,131.19,131.46,131.43,132.12,132.41,133.36,133.85,134.19,134.12,134.59,135.27,135.98,136.33,136.64,136.52,137.4,137.42,138.68,139.3,139.77
12131,12131 Artículos de cuidado personal,5.1116,102.45,102.79,103.17,103.74,104.14,104.6,104.95,105.5,106.02,106.87,107.37,107.76,108.29,108.82,109.31,109.88,110.56,111.54,112.77,113.51,114.4,115.7,116.9,118.09,119.02,119.93,120.8,121.89,122.92,123.68,124.25,124.34,125.36,125.75,126.01,126.52,126.94,127.12,127.81,128.11,128.33,128.79,128.84,128.91,129.54,129.65,129.84,129.91,130.13,130.27,130.86,131.19,131.46,131.43,132.12,132.41,133.36,133.85,134.19,134.12,134.59,135.27,135.98,136.33,136.64,136.52,137.4,137.42,138.68,139.3,139.77
1213101,1213101 Pañales desechables,0.441,103.25,103.46,103.73,104.25,104.97,105.52,105.83,106.67,107.98,108.85,109.24,109.67,110.32,111.17,111.77,112.36,113.31,114.88,116.44,117.26,118.37,119.68,121.05,122.16,122.99,123.87,125.12,125.83,126.35,127.33,127.74,128.19,128.98,129.87,131.19,131.8,132,132.36,132.3,132.58,132.74,132.82,133.04,133.41,133.52,133.29,133.82,133.79,133.67,133.74,134.33,134.5,134.27,133.93,134.15,134.21,134.57,134.75,135.07,134.76,135.53,135.65,136,136.25,136.38,136.57,137.29,137.04,137.74,137.64,137.48
1213102,1213102 Desodorantes,0.4441,101.24,102.1,102.06,102.96,103.88,104.07,104.29,105.16,105.13,106.57,106.7,106.97,107.51,107.74,108.27,108.74,109.38,109.55,110.63,110.7,111.2,113.49,115.48,117.32,118.54,119.51,120.45,120.64,121.08,122.3,122.47,122.37,123.22,124.02,124.32,124.53,124.92,124.92,125.88,126.65,127.12,126.65,126.63,127.25,128.23,127.68,127.92,128.28,128.54,127.69,128.94,129,129.28,129.95,130.42,129.71,130.89,132.02,132.57,131.98,132.25,134.25,134.56,134.19,134.97,134.08,134.48,134.3,136.43,137.39,138.33
1213103,1213103 Papel higiénico,0.5169,100.79,100.97,101.23,101.34,101.69,102.02,102.24,102.46,102.94,103.67,103.95,103.96,104.33,104.99,105.74,106.51,107.49,108.96,111.25,113.06,114.68,116.72,118.45,120.1,121.08,122.27,123.67,128.44,133.02,135.57,137.55,139.02,140.46,141.19,141.48,141.64,142.57,142.36,142.56,142.58,142.59,142.14,141.91,141.85,141.69,141.71,141.45,141.5,141.46,141.29,141.26,141.52,141.99,141.84,141.93,141.81,142.3,142.37,142.5,142.78,142.5,142.56,142.79,142.91,143.18,142.95,143.12,143.2,143.6,144.04,144.47
1213104,1213104 Perfumes,0.4027,104.26,103.46,103.86,104.69,104.79,105.15,105.77,105.9,106.49,105.83,106.59,106.81,107.1,107.56,107.8,107.96,108.02,108.54,109.2,109.27,109.72,109.42,109.78,109.9,110.14,110.2,110.51,111.59,112.08,112.07,112.45,111.7,113.34,112.73,113.32,113.17,113.61,113.63,114.09,113.94,113.47,116.2,115.87,115.29,116.36,116.37,116.89,116.36,116.57,116.38,116.33,117.27,116.85,116.78,118.4,118.33,119.04,119.1,119.79,118.63,119.03,119.49,121.03,121.18,120.5,120.19,121.82,120.29,121.88,122.35,122.52
1213105,1213105 Pasta dental,0.5579,104.16,104.97,105.62,106.12,106.78,107.22,107.71,108.32,108.91,109.78,110.36,110.63,111.01,111.26,111.62,112.09,112.98,114.36,115.11,115.96,116.89,119.87,122.77,125.11,127.04,128.58,130.03,130.89,131.6,132.39,132.73,132.7,132.98,133.94,134.44,134.54,135.14,135.53,136.11,136.18,136.65,137.61,138.12,138.87,139.28,139.34,139.22,140.19,140.87,140.98,141.72,141.87,142.33,142.98,143.39,144.99,145.05,145.73,145.83,146.08,146.58,146.93,147.38,147.63,147.96,147.61,148.48,148.92,150.14,150.92,151.28
1213106,1213106 Toallas sanitarias,0.3075,101.3,101.44,101.58,102.03,101.95,102.28,102.52,102.8,102.96,103.14,103.17,103.12,103.29,103.46,104.08,104.6,105.4,106.28,107.37,107.85,108.26,108.99,109.68,110.19,110.45,110.84,111.37,111.76,112.26,112.32,112.81,113.22,113.6,113.59,113.71,113.89,114.16,114.27,114.86,115.64,116.32,116.65,116.8,116.87,117.06,117.31,117.55,117.5,117.51,117.59,117.94,118.26,118.92,118.98,119.08,118.74,119.07,119.36,119.36,119.38,119.71,119.86,120.39,120.69,121.33,121.53,122.03,122.1,122.58,123.03,123.25
1213107,1213107 Jabón de baño,0.3891,102.41,102.71,102.99,103.38,103.73,104.01,104.23,105.42,106.92,108.5,109.48,110.21,111.14,111.68,112.11,112.84,114.16,116.65,118.87,121.08,122.53,124.85,127.2,129.5,130.94,132.81,133.27,134.31,135.19,135.83,136.52,137.09,137.82,138.37,138.9,139.29,139.75,139.29,140.73,140.66,141.66,142.72,143.56,143.17,143.93,144.99,145.43,144.6,144.59,145.49,146.09,146.1,146.62,145.69,146.54,147.86,149.15,150.06,150.79,150.8,151.05,151.83,151.9,152.43,152.94,152.71,153.64,153.84,155.36,155.89,157.16
1213108,1213108 Rasuradora,0.305,103.64,104.22,104.71,105.54,106.5,107.39,107.95,108.53,109.47,111.24,112.5,113.84,115.39,116.77,117.38,118.16,119.34,119.96,120.78,121.51,122.24,122.97,123.42,124.3,124.92,125.68,126.18,126.92,127.6,127.87,128.42,128.81,129.37,129.89,130.55,131.37,132.02,132.93,133.59,134.17,134.62,135.16,135.67,136.21,136.89,137.24,137.56,137.97,138.49,139.09,140.01,140.54,141.05,141.7,142.22,142.64,143.09,143.44,144.34,145.19,146.09,147.27,148.31,149.52,150.2,150.81,151.75,152.55,153.17,153.71,154.45
1213109,1213109 Shampoo,0.1842,104.35,104.73,105.19,105.59,105.48,105.66,105.76,105.66,105.57,106.54,106.19,106.71,107.18,107.58,107.84,108.25,108.9,109.14,110.11,110.3,110.93,112.12,112.55,113.44,114.22,114.99,116.05,116.8,118.36,118.74,119.71,120,120.92,121.33,121.34,121.8,121.85,121.73,123.01,123.48,123.41,123.72,123.5,123.16,123.88,124,124.31,124.76,125.2,125.6,126.04,126.63,126.71,126.49,127.33,127.28,128.42,129.32,130.13,130.46,130.88,131.53,132.26,132.32,133.07,133.62,134.38,135.07,136.23,136.75,138.08
1213110,1213110 Tratamientos para el pelo,0.1178,102.01,103.04,104.62,105.7,105.27,106.11,106.14,106.97,107.2,108.88,110.08,111.07,111.87,112.44,113.4,114.11,114.38,114.76,115.28,115.22,116.5,116.8,116.81,117.24,117.76,118.01,118.76,118.73,118.98,119.04,118.78,116.24,119.15,118.78,117.38,119.86,118.85,119.1,119.51,119.81,119.95,119.81,119.82,118.64,119.76,119.61,119.81,119.99,119.9,120.33,120.75,120.71,120.84,120.47,121.33,121.14,122.96,123.01,122.64,122.66,123.6,124.13,124.76,124.74,125.12,124.37,125.76,125.71,128.44,130.71,133.91
1213111,1213111 Tintes para el cabello,0.1501,105.54,106.77,106.74,107.56,107.77,108.19,108.25,109.62,110.19,111.6,112.07,112.23,112.3,112.42,113.08,113.98,113.81,114.12,114.45,114.3,115.12,115.45,115.18,116.86,118.2,118.49,119.09,119.88,120.53,120.26,120.41,118.86,121.24,120.92,120.22,121.52,121.65,122.09,122.9,123.33,123.28,122.24,122.6,121.52,124.13,124.44,124.76,124.4,124.58,124.16,126.05,126.63,126.64,125.03,126,124.92,127.84,127.93,128.05,128.84,130.4,131.82,133,135.1,137.07,135.72,139.39,138.87,140.62,141.96,141.92
1213112,1213112 Cremas para la piel,0.271,100.9,101.61,102.03,102.62,103.03,103.35,103.23,103.63,103.72,104.52,105.44,105.88,106.77,107.57,108.04,108.85,109.23,110.16,111.63,112.03,112.83,112.74,113.58,113.98,114.59,114.85,115.86,116.48,117.03,117.93,118.33,118.43,120.63,119.77,119.85,121.13,122.44,122.23,123.09,123.28,122.83,123.56,122.86,123.22,124.67,124.35,123.89,124.32,124.82,125.15,125.84,126.15,126.61,126.1,126.93,127,129.7,129.99,130.67,130.26,132.02,133.19,135.42,136.39,136.33,135.92,136.35,136.96,139.64,140.87,140.2
1213113,1213113 Rinse y acondicionador,0.1273,103.61,103.84,104.23,104.38,104.36,104.71,104.84,105.08,105.03,105.88,105.78,106.67,107.34,107.8,108.09,108.57,109.34,109.87,110.78,111.06,111.58,112.47,113.11,114.18,114.23,115.03,115.94,116.9,118.47,118.71,119.95,120.51,120.84,121.23,121.37,121.81,121.65,121.73,122.46,123.01,123.01,123.55,123.14,123.22,123.72,123.77,124.07,124.45,125.01,125.15,125.2,125.97,126.14,125.55,126.42,126.62,127.66,128.37,128.84,129.32,129.48,130.27,131.22,131.4,131.64,131.66,132.81,133.33,134.2,134.86,135.69
1213114,1213114 Enjuague bucal,0.1213,103.55,103.69,103.68,103.93,104.39,105.71,107.02,107.17,106.18,107.31,108,108.65,108,109.08,109.03,109.91,109.33,110.87,112.41,113.53,114.87,115.53,115.67,117.48,118.69,120.61,120.75,121.83,121.69,123.35,123.45,122.29,122.66,125.25,124.4,125.42,126.23,127.86,130.79,130.63,130.37,132.41,131.43,130.73,129.99,131.26,133.14,130.72,131.3,134.24,136.07,137.12,137.19,138.77,141.79,143.95,146.23,147.37,147.1,146.92,144.23,144.95,147.24,147.19,145.81,147.85,151.08,150.32,153.78,152.05,150.33
1213115,1213115 Cepillos de dientes,0.1731,101.31,101.77,102.6,103.29,103.77,104.4,104.65,105.17,105.72,106.01,106.52,106.73,106.68,107.02,107.5,107.56,108.37,109.38,111.44,112.57,113.52,115.12,116.83,118.26,119.59,121.32,122.21,122.73,123.79,124.28,124.96,125.91,126.56,126.52,126.75,127.31,127.62,128.14,129.28,129.66,129.86,130.12,130.32,130.6,130.94,130.83,130.88,131.16,131.45,131.5,131.94,132.29,132.6,133.2,133.97,135.12,136.44,136.49,136.14,136.26,136.9,136.73,136.98,137.77,138.31,138.37,138.78,139.01,139.2,139.31,139.56
1213117,1213117 Cepillos para el cabello,0.005,98.4,98.46,98.52,99.1,99.68,100.14,100.46,100.95,101.33,101.85,101.91,102.78,105.69,106.38,107.25,109.73,110.23,110.19,110.4,110.62,111.28,111.02,111.2,110.92,111.59,111.52,111.88,113.08,112.36,112.47,113.26,112.76,113.31,112.96,113.25,113.24,113.17,113.2,113.05,113.85,114.04,114.16,114.93,114.54,115.07,115.01,115.11,115.31,114.89,115.03,115.5,115.7,115.61,115.59,116.24,114.94,116.07,116.3,116.06,116.22,116.34,116.3,116.34,116.75,117.89,117.69,118.51,117.22,118.47,118.77,119.15
1213118,1213118 Toallitas húmedas (Wipes),0.0932,98.09,98.68,99.08,99.9,100.46,101.41,101.62,102.19,103.1,104.3,105.27,106.13,107.03,107.56,108.2,108.98,109.63,109.94,110.42,111.4,111.9,112.61,112.71,113.18,113.84,114.81,114.93,115.31,116.14,116.24,116.37,116.8,116.61,116.72,116.01,117.18,117.37,117.11,117.33,117.77,117.77,117.75,117.52,116.65,117.61,117.71,117.71,117.44,117.47,117.48,118.18,118.37,118.49,117.8,118.15,117.94,118.69,119.05,119.04,118.53,119.38,119.56,119.76,119.45,119.9,119.32,119.55,119.81,119.76,120.1,120.18
1213119,1213119 Linea de productos para el pelo,0.2264,100.99,100.7,101.78,102.89,102.83,103.92,105.39,106.01,106.04,106.83,107.03,107.3,107.62,108.16,108.57,109.01,109.13,109.15,110.11,110.74,111.11,111.7,111.78,111.94,112.62,113.07,114.01,114.41,114.73,114.89,115.59,115.02,116,116.36,115.66,116.39,116.47,117.22,117.14,117.58,117.91,117.79,117.6,118.65,118.68,119.09,119.23,119.54,119.66,120.17,120.43,120.34,120.86,120.86,121.24,121.29,121.48,121.82,121.9,121.88,122.93,123.75,124.52,124.66,124.71,125.66,125.9,127.01,127.34,129.2,129.87
1213120,1213120 Jabones íntimos,0.0968,102.16,102,102.01,102.35,102.44,102.41,102.61,102.53,103.34,104.03,104.82,105.25,105.52,106.22,106.57,107.01,107.46,108.59,109.12,109.7,110.28,110.75,110.96,111.37,112.06,112.53,113.03,113.67,114.36,114.96,115.15,115.14,116.01,116.36,116.67,117.38,117.9,118,118.93,120.28,121.05,121.64,121.76,121.41,122.2,123.02,123.21,123.43,123.14,122.88,123.52,123.82,124.37,124.77,126.7,126.87,128.85,130.02,130.39,130.57,131,131.1,132.71,133.07,133.77,133.33,134.09,133.32,134.73,134.99,135.17
1213122,1213122 Crema facial,0.0433,100.82,101.84,102.02,102.39,102.55,102.46,103.17,103.08,103.82,103.31,103.36,103.67,104.85,104.98,105.6,106.87,109,109.17,110.08,108.46,111.42,112.3,112.82,111.55,112.29,112.15,114.07,115.3,114.49,116.32,116.95,117.05,118.26,118.21,118.13,119.81,118.54,119.15,121.46,121.57,121.29,120.32,120.99,120.42,123.3,123.34,123.28,123.63,123.44,123.28,122.72,123.2,125.23,123.07,124.81,126.25,130.86,132.91,133.71,132.94,133.62,136.24,136.8,137.19,136,136.13,138.8,138.6,140.43,142.34,145.7
1213124,1213124 Cosméticos,0.0748,100.11,99.91,99.66,100.16,100.28,100.64,99.87,100.74,100.61,100.91,100.95,100.88,101.22,101.47,101.91,102.4,102.26,102.5,102.73,102.44,103.21,103.57,103.07,103.18,103.34,103.87,104.16,104.44,104.58,104.86,104.5,102.23,105.8,105.02,105.31,105.7,105.51,105.24,106.04,106.16,106.15,106.65,106.13,104.91,107.04,106.87,106.76,106.87,106.94,106.41,107.5,108.21,107.81,107.12,107.96,107.97,108.68,109.11,109.34,108.44,108.66,110.03,110.53,111.41,111.7,110.33,111.21,109.57,112.49,112.95,113.13
1213125,1213125 Esmalte de uñas,0.0354,103.46,103.1,104.4,105.08,105.76,106.22,105.96,106.65,108.72,109.45,109.88,109.77,110.19,110.86,111.2,111.62,111.6,113.22,114.4,115.14,115.12,116,116.49,116.72,117.71,118.14,118.29,118.43,118.93,118.85,118.46,117.27,120.24,120.14,120.7,121.06,121,121.22,122.04,123.02,123.34,123.47,122.32,121.58,123.15,122.8,123.04,122.41,122.37,122.8,123.2,123.95,124.03,123.81,124.42,125.22,126.83,127.8,128.13,127.44,128.91,130.71,131.39,132.54,132.44,132,133.44,132.34,133.98,135.3,136.63
1213126,1213126 Crema para pañales,0.0276,100.67,100.4,100.32,100.45,100.84,101.4,102.28,102.77,103.31,103.58,103.98,104.02,104.55,104.73,104.84,105.23,105.52,106.14,107.34,108.32,108.89,109.18,109.67,110.01,111.02,111.8,112.33,113.09,114.15,113.86,113.51,114.85,114.73,114.83,114.21,115.04,116.26,116.86,117.24,117.9,118.33,118.02,118.18,119.29,118.79,119.76,118.59,118.67,120.8,121.02,122.37,122.67,123.1,123.35,125.41,126.25,127.52,128.03,128.17,127.73,128.9,130.18,130.05,130.12,130.71,130.91,131.85,133.28,134.37,134.83,134.48
123,123 Efectos Personales ,0.1656,101.17,101.24,101.01,101.13,101.15,101.43,101.5,101.19,101.81,101.76,102.5,103.04,103.4,103.4,103.74,103.83,103.81,104,104.11,104.22,104.4,104.76,105.22,105.25,105.3,105.42,105.43,105.93,106.25,106.27,106.18,106.11,106.36,106.37,106.75,107.05,106.97,106.98,107.03,107.09,107.15,107.3,107.38,107.39,108.05,108.23,108.04,108.44,108.66,108.07,108.81,108.36,108.72,109.1,109.17,109.3,109.31,109.53,109.49,109.89,110.15,110.06,110.56,110.73,111.13,111.3,111.26,111.2,111.62,111.83,111.8
1231,"1231 Joyería, relojes de pared y relojes de pulsera ",0.0474,104.34,104.8,105.4,105.66,106.2,106.52,107.25,107.15,107.48,107.67,108.48,108.85,109.3,109.81,110.68,110.89,111.22,111.93,112.64,113.17,113.65,114.48,114.83,115.26,115.62,115.72,116.42,117.03,117.76,118.32,118.38,118.22,118.24,118.2,118.88,119.46,119.58,119.87,120.09,120.88,120.95,121.34,121.84,122.08,123.37,123.78,124.23,125.91,126.08,125.3,126.86,127.15,127.22,128.67,128.72,129.01,129.11,130.16,130.36,130.99,131.76,132.51,133.36,134.78,135.72,136.21,136.91,136.94,136.97,137.78,137.76
12311,12311 Joyería y relojes,0.0474,104.34,104.8,105.4,105.66,106.2,106.52,107.25,107.15,107.48,107.67,108.48,108.85,109.3,109.81,110.68,110.89,111.22,111.93,112.64,113.17,113.65,114.48,114.83,115.26,115.62,115.72,116.42,117.03,117.76,118.32,118.38,118.22,118.24,118.2,118.88,119.46,119.58,119.87,120.09,120.88,120.95,121.34,121.84,122.08,123.37,123.78,124.23,125.91,126.08,125.3,126.86,127.15,127.22,128.67,128.72,129.01,129.11,130.16,130.36,130.99,131.76,132.51,133.36,134.78,135.72,136.21,136.91,136.94,136.97,137.78,137.76
1231102,1231102 Relojes de pulsera,0.0297,103.83,104.28,104.69,104.74,105.33,106.22,107.11,107.1,107.74,108.01,109.18,109.78,110.17,110.74,111.44,111.56,111.97,112.68,113.49,114.34,114.85,115.66,115.96,116.42,116.61,116.77,117.43,118.25,118.94,119.32,119.45,119.26,119.3,119.07,119.68,120.19,120.38,120.81,121.08,122.33,122.34,122.83,123.25,123.96,125.53,125.75,126.48,127.83,128.07,127.23,128.91,129.31,129.42,131.18,130.8,131.14,131.08,131.63,131.96,133.11,133.5,134.37,134.94,136.81,137.21,137.72,138.06,138.03,137.87,138.75,138.57
1231103,1231103 Joyas de fantasía,0.0177,105.2,105.68,106.57,107.21,107.66,107.04,107.5,107.24,107.06,107.1,107.31,107.29,107.86,108.27,109.4,109.78,109.97,110.67,111.22,111.21,111.63,112.49,112.93,113.32,113.97,113.97,114.74,114.99,115.78,116.63,116.58,116.49,116.47,116.74,117.54,118.23,118.23,118.31,118.44,118.43,118.63,118.83,119.48,118.93,119.74,120.5,120.45,122.7,122.75,122.07,123.41,123.53,123.55,124.46,125.23,125.46,125.82,127.69,127.69,127.43,128.85,129.4,130.72,131.38,133.23,133.68,134.98,135.11,135.46,136.16,136.39
1232,1232 Otros efectos personales ,0.1182,99.9,99.81,99.25,99.31,99.13,99.38,99.2,98.81,99.54,99.39,100.1,100.72,101.03,100.83,100.97,101,100.84,100.82,100.69,100.64,100.69,100.87,101.36,101.24,101.16,101.29,101.02,101.48,101.64,101.45,101.3,101.25,101.6,101.64,101.89,102.08,101.92,101.81,101.8,101.57,101.62,101.67,101.59,101.5,101.91,101.99,101.56,101.44,101.68,101.17,101.58,100.83,101.31,101.26,101.33,101.4,101.38,101.27,101.13,101.44,101.48,101.07,101.43,101.09,101.28,101.32,100.99,100.89,101.46,101.43,101.4
12321,12321 Otros efectos personales,0.1182,99.9,99.81,99.25,99.31,99.13,99.38,99.2,98.81,99.54,99.39,100.1,100.72,101.03,100.83,100.97,101,100.84,100.82,100.69,100.64,100.69,100.87,101.36,101.24,101.16,101.29,101.02,101.48,101.64,101.45,101.3,101.25,101.6,101.64,101.89,102.08,101.92,101.81,101.8,101.57,101.62,101.67,101.59,101.5,101.91,101.99,101.56,101.44,101.68,101.17,101.58,100.83,101.31,101.26,101.33,101.4,101.38,101.27,101.13,101.44,101.48,101.07,101.43,101.09,101.28,101.32,100.99,100.89,101.46,101.43,101.4
1232101,1232101 Carteras para mujer,0.0201,98.2,96.43,96.28,96.33,95.71,95.69,95.44,95.65,95.53,95.48,95.48,95.98,95.96,94.86,95.13,95.36,95.28,94.91,94.47,93.72,93.81,93.53,93.5,93.17,93.25,92.92,91.43,92.53,91.59,91.16,90.52,89.99,90.53,90.09,89.31,89.55,89.39,88.89,89,87.93,86.95,86.86,87,86.67,86.65,86.21,86.24,86.17,85.52,84.1,85.04,84.47,84.29,84.1,84.19,83.98,83.92,83.82,82.91,83.05,83.86,82.07,82.71,81.44,80.97,81.56,81.89,81.35,81.78,81.9,81.87
1232102,1232102 Mochilas,0.0627,99.43,99.72,98.85,99.22,99.27,99.52,99.14,98.04,99.31,99.08,100.18,101.25,101.57,101.54,101.7,101.79,101.67,101.51,101.52,101.64,101.65,101.92,102.78,102.7,102.37,102.69,102.49,102.94,103.36,103.31,103.26,103.29,103.43,103.57,104.62,104.77,104.77,104.55,104.43,104.34,104.77,104.83,104.68,104.63,104.99,105.23,104.4,104.14,104.49,103.99,104.45,103.49,104.01,103.78,103.73,103.96,104.04,103.8,103.83,103.91,103.59,103.49,103.72,103.41,103.96,103.85,103.26,103.53,103.9,103.91,103.79
1232103,1232103 Lentes de sol,0.0354,101.69,101.9,101.64,101.16,100.83,101.23,101.45,101.95,102.21,102.13,102.57,102.47,102.95,102.95,102.98,102.79,102.53,102.96,102.74,102.78,102.9,103.18,103.32,103.23,103.52,103.56,103.86,103.96,104.3,104,103.94,104.03,104.64,104.77,104.19,104.43,104,104.3,104.38,104.4,104.36,104.47,104.38,104.37,105.11,105.21,105.21,105.33,105.87,105.86,105.9,105.4,106.18,106.54,106.81,106.74,106.56,106.7,106.7,107.49,107.75,107.56,108,108.13,108.07,108.07,107.8,107.29,108.3,108.12,108.24
124,124 Protección social,0.1613,100,100,100,100,100,100,102.2,103.4,103.4,103.4,103.4,103.4,104.04,104.04,104.04,104.04,109.05,109.05,109.05,109.05,109.05,109.05,110.46,110.46,110.46,110.46,110.46,110.46,110.92,110.92,110.92,110.92,110.92,110.91,110.91,110.91,110.91,110.91,110.91,110.91,112.41,112.41,112.41,112.41,112.41,112.41,112.41,112.48,112.48,112.48,112.48,112.48,113.79,113.79,113.79,113.79,114.87,114.87,114.87,114.87,114.87,114.87,114.87,114.87,114.87,114.87,114.87,114.87,116.74,116.74,116.74
1241,1241 Protección social,0.1613,100,100,100,100,100,100,102.2,103.4,103.4,103.4,103.4,103.4,104.04,104.04,104.04,104.04,109.05,109.05,109.05,109.05,109.05,109.05,110.46,110.46,110.46,110.46,110.46,110.46,110.92,110.92,110.92,110.92,110.92,110.91,110.91,110.91,110.91,110.91,110.91,110.91,112.41,112.41,112.41,112.41,112.41,112.41,112.41,112.48,112.48,112.48,112.48,112.48,113.79,113.79,113.79,113.79,114.87,114.87,114.87,114.87,114.87,114.87,114.87,114.87,114.87,114.87,114.87,114.87,116.74,116.74,116.74
12411,12411 Protección social,0.1613,100,100,100,100,100,100,102.2,103.4,103.4,103.4,103.4,103.4,104.04,104.04,104.04,104.04,109.05,109.05,109.05,109.05,109.05,109.05,110.46,110.46,110.46,110.46,110.46,110.46,110.92,110.92,110.92,110.92,110.92,110.91,110.91,110.91,110.91,110.91,110.91,110.91,112.41,112.41,112.41,112.41,112.41,112.41,112.41,112.48,112.48,112.48,112.48,112.48,113.79,113.79,113.79,113.79,114.87,114.87,114.87,114.87,114.87,114.87,114.87,114.87,114.87,114.87,114.87,114.87,116.74,116.74,116.74
1241101,1241101 Guardería,0.1613,100,100,100,100,100,100,102.2,103.4,103.4,103.4,103.4,103.4,104.04,104.04,104.04,104.04,109.05,109.05,109.05,109.05,109.05,109.05,110.46,110.46,110.46,110.46,110.46,110.46,110.92,110.92,110.92,110.92,110.92,110.91,110.91,110.91,110.91,110.91,110.91,110.91,112.41,112.41,112.41,112.41,112.41,112.41,112.41,112.48,112.48,112.48,112.48,112.48,113.79,113.79,113.79,113.79,114.87,114.87,114.87,114.87,114.87,114.87,114.87,114.87,114.87,114.87,114.87,114.87,116.74,116.74,116.74
125,125 Seguros,0.9748,102.29,102.3,102.3,102.3,103.82,103.82,103.82,105.1,105.1,105.1,105.1,105.1,105.1,105.1,105.71,105.71,109.61,111.09,111.73,111.73,111.73,111.73,111.7,111.75,114.42,114.42,114.8,114.8,114.8,117.94,118.23,118.23,118.23,118.23,118.24,118.24,118.24,118.27,118.27,124.59,124.54,124.54,124.47,124.47,124.47,124.47,124.47,124.47,124.48,124.48,124.48,124.28,124.28,124.28,124.28,124.28,124.28,124.45,124.45,124.45,124.45,124.45,124.45,124.45,124.45,125.14,125.14,125.14,125.14,125.14,125.14
1253,1253 Seguro relacionado con la salud,0.3528,104.95,104.95,104.95,104.95,112.07,112.07,112.07,115.6,115.6,115.6,115.6,115.6,115.6,115.6,115.6,115.6,126.36,126.36,128.13,128.13,128.13,128.13,128.42,128.55,135.94,135.94,136.98,136.98,136.98,145.66,145.66,145.66,145.66,145.66,145.66,145.66,145.66,145.66,145.66,163.2,163.2,163.2,163.2,163.2,163.2,163.2,163.2,163.2,163.23,163.23,163.23,163.23,163.23,163.23,163.23,163.23,163.23,163.23,163.23,163.23,163.23,163.23,163.23,163.23,163.23,165.16,165.16,165.16,165.16,165.16,165.16
12531,12531 Seguro relacionado con la salud,0.3528,104.95,104.95,104.95,104.95,112.07,112.07,112.07,115.6,115.6,115.6,115.6,115.6,115.6,115.6,115.6,115.6,126.36,126.36,128.13,128.13,128.13,128.13,128.42,128.55,135.94,135.94,136.98,136.98,136.98,145.66,145.66,145.66,145.66,145.66,145.66,145.66,145.66,145.66,145.66,163.2,163.2,163.2,163.2,163.2,163.2,163.2,163.2,163.2,163.23,163.23,163.23,163.23,163.23,163.23,163.23,163.23,163.23,163.23,163.23,163.23,163.23,163.23,163.23,163.23,163.23,165.16,165.16,165.16,165.16,165.16,165.16
1253101,1253101 Seguro de salud,0.3528,104.95,104.95,104.95,104.95,112.07,112.07,112.07,115.6,115.6,115.6,115.6,115.6,115.6,115.6,115.6,115.6,126.36,126.36,128.13,128.13,128.13,128.13,128.42,128.55,135.94,135.94,136.98,136.98,136.98,145.66,145.66,145.66,145.66,145.66,145.66,145.66,145.66,145.66,145.66,163.2,163.2,163.2,163.2,163.2,163.2,163.2,163.2,163.2,163.23,163.23,163.23,163.23,163.23,163.23,163.23,163.23,163.23,163.23,163.23,163.23,163.23,163.23,163.23,163.23,163.23,165.16,165.16,165.16,165.16,165.16,165.16
1254,1254 Seguro relacionado con el transporte ,0.5694,100.86,100.86,100.86,100.86,99.07,99.07,99.07,99.07,99.07,99.07,99.07,99.07,99.07,99.07,100.12,100.12,100.12,102.65,102.65,102.65,102.65,102.65,102.42,102.42,102.42,102.42,102.42,102.42,102.42,102.42,102.91,102.91,102.91,102.91,102.93,102.93,102.93,102.99,102.99,102.93,102.84,102.84,102.73,102.73,102.73,102.73,102.73,102.73,102.73,102.73,102.73,102.39,102.39,102.39,102.39,102.39,102.39,102.67,102.67,102.67,102.67,102.67,102.67,102.67,102.67,102.67,102.67,102.67,102.67,102.67,102.67
12541,12541 Seguro relacionado con el transporte,0.5694,100.86,100.86,100.86,100.86,99.07,99.07,99.07,99.07,99.07,99.07,99.07,99.07,99.07,99.07,100.12,100.12,100.12,102.65,102.65,102.65,102.65,102.65,102.42,102.42,102.42,102.42,102.42,102.42,102.42,102.42,102.91,102.91,102.91,102.91,102.93,102.93,102.93,102.99,102.99,102.93,102.84,102.84,102.73,102.73,102.73,102.73,102.73,102.73,102.73,102.73,102.73,102.39,102.39,102.39,102.39,102.39,102.39,102.67,102.67,102.67,102.67,102.67,102.67,102.67,102.67,102.67,102.67,102.67,102.67,102.67,102.67
1254101,1254101 Seguros de vehículos,0.5694,100.86,100.86,100.86,100.86,99.07,99.07,99.07,99.07,99.07,99.07,99.07,99.07,99.07,99.07,100.12,100.12,100.12,102.65,102.65,102.65,102.65,102.65,102.42,102.42,102.42,102.42,102.42,102.42,102.42,102.42,102.91,102.91,102.91,102.91,102.93,102.93,102.93,102.99,102.99,102.93,102.84,102.84,102.73,102.73,102.73,102.73,102.73,102.73,102.73,102.73,102.73,102.39,102.39,102.39,102.39,102.39,102.39,102.67,102.67,102.67,102.67,102.67,102.67,102.67,102.67,102.67,102.67,102.67,102.67,102.67,102.67
1255,1255 Otros seguros,0.0525,100,100,100,100,100,100,100,100,100,100,100,100,100,100,100,100,100,100,100,100,100,100,100,100,100,100,100,100,100,100,100,100,100,100,100,100,100,100,100,100,100,100,100,100,100,100,100,100,100,100,100,100,100,100,100,100,100,100,100,100,100,100,100,100,100,100,100,100,100,100,100
12551,12551 Otros Seguros,0.0525,100,100,100,100,100,100,100,100,100,100,100,100,100,100,100,100,100,100,100,100,100,100,100,100,100,100,100,100,100,100,100,100,100,100,100,100,100,100,100,100,100,100,100,100,100,100,100,100,100,100,100,100,100,100,100,100,100,100,100,100,100,100,100,100,100,100,100,100,100,100,100
1255101,1255101 Seguros de servicio funerario,0.0525,100,100,100,100,100,100,100,100,100,100,100,100,100,100,100,100,100,100,100,100,100,100,100,100,100,100,100,100,100,100,100,100,100,100,100,100,100,100,100,100,100,100,100,100,100,100,100,100,100,100,100,100,100,100,100,100,100,100,100,100,100,100,100,100,100,100,100,100,100,100,100
127,127 Otros Servicios ,0.3759,102.05,102.14,103,103.45,103.63,103.8,103.91,104.16,104.46,105.15,105.31,105.5,106.31,106.66,107.09,110.48,111.22,111.6,113.32,113.56,113.9,115.6,116.03,116.39,118.09,118.71,119.19,120.88,121.51,121.82,122.4,122.79,123.14,122.89,123.09,123.24,124.16,124.49,124.98,125.99,126.3,126.48,127.28,127.71,128.18,128.89,129.13,129.36,129.57,129.75,132.74,133.54,134.02,134.63,135.13,135.89,136.52,136.75,137.09,137.57,138.22,138.84,140.82,141.68,142.56,142.93,143.43,144.03,145.23,145.13,145.22
1271,1271 Otros servicios ,0.3759,102.05,102.14,103,103.45,103.63,103.8,103.91,104.16,104.46,105.15,105.31,105.5,106.31,106.66,107.09,110.48,111.22,111.6,113.32,113.56,113.9,115.6,116.03,116.39,118.09,118.71,119.19,120.88,121.51,121.82,122.4,122.79,123.14,122.89,123.09,123.24,124.16,124.49,124.98,125.99,126.3,126.48,127.28,127.71,128.18,128.89,129.13,129.36,129.57,129.75,132.74,133.54,134.02,134.63,135.13,135.89,136.52,136.75,137.09,137.57,138.22,138.84,140.82,141.68,142.56,142.93,143.43,144.03,145.23,145.13,145.22
12711,12711 Otros servicios,0.3759,102.05,102.14,103,103.45,103.63,103.8,103.91,104.16,104.46,105.15,105.31,105.5,106.31,106.66,107.09,110.48,111.22,111.6,113.32,113.56,113.9,115.6,116.03,116.39,118.09,118.71,119.19,120.88,121.51,121.82,122.4,122.79,123.14,122.89,123.09,123.24,124.16,124.49,124.98,125.99,126.3,126.48,127.28,127.71,128.18,128.89,129.13,129.36,129.57,129.75,132.74,133.54,134.02,134.63,135.13,135.89,136.52,136.75,137.09,137.57,138.22,138.84,140.82,141.68,142.56,142.93,143.43,144.03,145.23,145.13,145.22
1271101,1271101 Celebración de cumpleaños,0.1217,100.17,100.17,102.43,102.43,102.43,102.43,102.15,102.15,102.15,102.6,102.6,102.6,103.98,103.98,103.98,113.08,113.08,113.08,116.73,116.73,116.73,117.6,117.6,117.6,121.78,121.78,121.78,124.58,124.58,124.58,124.59,124.59,124.59,123.55,123.55,123.55,126.19,126.19,126.19,128.85,128.85,128.85,129.3,129.3,129.3,129.26,129.26,129.26,129.84,129.84,137.89,137.89,137.89,137.89,138.02,138.02,138.02,138.48,138.48,138.48,138.48,138.48,144.05,144.05,144.05,144.05,145.26,145.26,145.26,144.72,144.72
1271102,1271102 Honorarios a abogados,0.1191,102.33,102.4,102.67,103.16,103.41,103.46,103.79,103.99,104.07,104.7,104.84,105.03,105.4,105.89,106.14,106.38,107.6,108.07,108.62,108.99,109.49,110.42,110.77,111.63,112.49,113.8,114.76,116.31,116.81,117.64,118.11,118.48,118.64,118.77,119.31,119.53,119.32,119.77,120.38,120.89,121.38,121.75,122.55,123.29,123.43,124.21,124.79,125.17,125.17,125.52,126.3,127.07,127.63,128.67,128.72,129.49,130.18,130.3,130.83,131.61,133.38,134.3,134.76,135.86,137.45,138.08,138.2,138.96,140.61,140.79,140.99
1271103,1271103 Servicios funerarios,0.0628,104.62,105.04,105.24,106.18,106.34,106.68,107.11,108.04,109.66,111.56,112.26,112.01,112.28,113.15,114.47,116.43,117.79,118,119.32,119.92,120.91,124,124.41,124.77,124.98,124.98,125.85,127,129.51,129.69,130.83,131.61,132.53,132.55,132.55,132.52,133.35,134.52,136.33,136.3,136.66,136.94,139.29,140.44,141.89,142.52,142.88,142.88,143.02,143.2,143.76,143.96,144.42,145.06,147.46,149.9,151.72,151.64,151.64,152.65,153.18,153.22,153.46,154.65,155.55,155.89,155.89,156.39,157.44,157.53,157.68
1271104,1271104 Fotocopias,0.0451,104.07,104.07,104.07,105.24,105.82,106.7,106.87,107.16,107.16,107.45,107.45,108.8,110.54,110.95,112.04,112.31,113.38,115.02,116.24,116.41,116.53,121.6,123.75,123.96,124.25,125.93,126.23,127.02,127.47,127.62,129.63,130.87,132.02,132.42,132.68,133.34,133.34,133.21,133.21,133.15,133.95,134.01,134.14,134.14,135.64,138.73,138.73,139.62,139.62,139.96,140.27,144.66,146.52,148.02,148.31,149.23,150.11,150.59,152.08,152.58,152.58,155.24,155.24,157.84,159.74,160.63,161.24,163.5,167.76,167.76,167.76
1271105,1271105 Trámite para pasaporte (renovación),0.0273,100,100,100,100,100,100,100,100,100,100,100,100,100,100,100,100,100,100,100,100,100,100,100,100,100,100,100,100,100,100,100,100,100,100,100,100,100,100,100,100,100,100,100,100,100,100,100,100,100,100,100,100,100,100,100,100,100,100,100,100,100,100,100,100,100,100,100,100,100,100,100
Indice,Indice General,100,103.28,103.89,104.39,105.4,106.12,106.76,107.21,107.9,108.59,109.17,110.04,110.54,111.24,112.45,113.26,114.6,115.66,116.43,117.54,118.12,118.88,119.47,119.72,120.07,120.41,120.97,122.13,122.9,123.04,123.3,123.6,123.36,123.63,124.19,124.83,125.37,125.64,125.81,126.49,126.98,127.09,127.47,127.35,127.3,127.91,128.58,129.1,129.49,129.61,129.81,130.72,131.2,131.62,132.04,132.07,132.18,132.46,132.95,133.9,134.35,135.09,136.06,137.2,137.74,137.77,138.15,138.82,139.25,139.96,140.22,140.76
